[2026-07-27 21:46:34] Generating article: how to make a resume that gets interviews
[2026-07-27 21:47:48] Published: posts/how-to-make-a-resume-that-gets-interviews.html  (426 words)  total=1
[2026-07-27 21:48:20] Tracker server running at http://0.0.0.0:8800
[2026-07-27 21:48:55] Generating article: cheapest cloud storage for photos
[2026-07-27 21:50:15] Published: posts/cheapest-cloud-storage-for-photos.html  (410 words)  total=2
[2026-07-27 21:50:15] Generating article: how to sell digital products with zero cost
[2026-07-27 21:51:08] Published: posts/how-to-sell-digital-products-with-zero-cost.html  (295 words)  total=3
[2026-07-27 22:18:42] Tracker server running at http://0.0.0.0:8800
[2026-07-27 22:18:42] Money-Maker Engine started (loop mode).
[2026-07-27 22:18:42] Generating article: best productivity tools for remote work
[2026-07-27 22:19:59] Published: posts/best-productivity-tools-for-remote-work.html  (361 words)  total=4
[2026-07-27 22:19:59] Sleeping 60 min until next article...
[2026-07-27 22:31:54] Rebuilt site with 4 posts (new template).
[2026-07-27 22:31:54] Generating article: credit card rewards explained simply
[2026-07-27 22:34:54] Ollama unexpected error: timed out
[2026-07-27 22:34:54] Ollama empty/slow — using offline fallback article.
[2026-07-27 22:34:54] Published: posts/credit-card-rewards-explained-simply.html  (115 words)  total=4
[2026-07-27 22:36:08] Rebuilt site with 5 posts (new template).
[2026-07-27 22:36:08] Generating article: top free invoice generators for freelancers
[2026-07-27 22:39:08] Ollama unexpected error: timed out
[2026-07-27 22:39:08]   attempt 1: only 0 words, retrying...
[2026-07-27 22:41:48] Rebuilt site with 5 posts (new template).
[2026-07-27 22:41:49] Generating article: how to automate your savings
[2026-07-27 22:43:15]   attempt 1: only 423 words, retrying...
[2026-07-27 22:44:39]   attempt 2: only 431 words, retrying...
[2026-07-27 22:45:09] Generating article: best side hustles you can start today
[2026-07-27 22:48:09] Ollama unexpected error: timed out
[2026-07-27 22:48:09]   attempt 1: only 0 words, retrying...
[2026-07-27 22:49:02] Rebuilt site with 5 posts (new template).
[2026-07-27 22:49:02] Generating article: top password managers compared
[2026-07-27 22:51:25] Published: posts/top-password-managers-compared.html  (531 words)  total=5
[2026-07-27 22:51:25] Generating article: how to build an emergency fund fast
[2026-07-27 22:53:02] Published: posts/how-to-build-an-emergency-fund-fast.html  (373 words)  total=6
[2026-07-27 23:00:28] Generating article: कम पैसे में वेबसाइट होस्टिंग
[2026-07-27 23:03:28] Ollama unexpected error: timed out
[2026-07-27 23:03:28]   attempt 1: only 0 words, retrying...
[2026-07-27 23:05:54] Money-Maker Engine started (loop mode).
[2026-07-27 23:05:54] Generating article: रेंट से पैसे बचाने के तरीके
[2026-07-27 23:07:00]   attempt 1: only 75 words, retrying...
[2026-07-27 23:07:49]   attempt 2: only 125 words, retrying...
[2026-07-27 23:08:07]   attempt 3: only 47 words, retrying...
[2026-07-27 23:08:07] Ollama empty/slow — using offline fallback article.
[2026-07-27 23:08:07] ERROR in cycle: 'AMT'
[2026-07-27 23:08:07] Sleeping 60 min until next article...
[2026-07-27 23:08:32] Wrote static pages: privacy, disclaimer, about, contact, dashboard.
[2026-07-27 23:08:32] Rebuilt site with 1 posts (new template).
[2026-07-27 23:08:40] Money-Maker Engine started (loop mode).
[2026-07-27 23:08:40] Generating article: UPI और डिजिटल भुगतान बचत टिप्स
[2026-07-27 23:11:18] ERROR in cycle: cannot access local variable 'posts' where it is not associated with a value
[2026-07-27 23:11:18] Sleeping 60 min until next article...
[2026-07-27 23:12:02] Money-Maker Engine started (loop mode).
[2026-07-27 23:12:02] Generating article: इमरजेंसी फंड कैसे बनाएं
[2026-07-27 23:14:02] Wrote static pages: privacy, disclaimer, about, contact, dashboard.
[2026-07-27 23:14:02] Published: posts/imrjesii-phdd-kaise-bnaae.html  (235 words)  total=7
[2026-07-27 23:14:02] Sleeping 60 min until next article...
[2026-07-27 23:17:11] Generating article: टैक्स बचाने के लिए 80C निवेश
[2026-07-27 23:19:59] Generating article: how to build an emergency fund fast
[2026-07-27 23:22:59] Ollama unexpected error: timed out
[2026-07-27 23:22:59] Ollama empty/slow — using offline fallback article.
[2026-07-27 23:22:59] Published: posts/how-to-build-an-emergency-fund-fast.html  (121 words)  total=8
[2026-07-27 23:22:59] Sleeping 60 min until next article...
[2026-07-27 23:28:59] Generating article: गोल्ड में निवेश करने के तरीके
[2026-07-27 23:28:59] Wrote static pages: privacy, disclaimer, about, contact, dashboard.
[2026-07-27 23:28:59] Published: posts/goldd-me-nivesh-krne-ke-triike.html  (490 words)  total=9
[2026-07-27 23:29:08] Money-Maker Engine started (loop mode).
[2026-07-27 23:29:08] Generating article: SIP क्या है और कैसे शुरू करें
[2026-07-27 23:29:08] Wrote static pages: privacy, disclaimer, about, contact, dashboard.
[2026-07-27 23:29:08] Published: posts/sip-kyaa-hai-aur-kaise-shuruu-kre.html  (500 words)  total=10
[2026-07-27 23:29:08] Sleeping 60 min until next article...
[2026-07-27 23:32:32] Tracker server running at http://0.0.0.0:8800
[2026-07-28 00:29:13] Money-Maker Engine started (loop mode).
[2026-07-28 00:29:13] Generating article: स्टॉक मार्केट शुरुआत कैसे करें
[2026-07-28 00:29:13] Wrote static pages: privacy, disclaimer, about, contact, dashboard.
[2026-07-28 00:29:13] Published: posts/sttok-maarkett-shuruaat-kaise-kre.html  (575 words)  total=11
[2026-07-28 00:29:13] Sleeping 15 min until next article...
[2026-07-28 00:44:13] Generating article: बेस्ट मोबाइल ऐप्स पैसे बचाने के लिए
[2026-07-28 00:44:13] Wrote static pages: privacy, disclaimer, about, contact, dashboard.
[2026-07-28 00:44:13] Published: posts/bestt-mobaail-aips-paise-bcaane-ke-lie.html  (580 words)  total=12
[2026-07-28 00:44:13] Sleeping 15 min until next article...
[2026-07-28 00:59:13] Generating article: पैसive इनकम बनाने की गाइड
[2026-07-28 00:59:13] Wrote static pages: privacy, disclaimer, about, contact, dashboard.
[2026-07-28 00:59:13] Published: posts/paisive-inkm-bnaane-kii-gaaidd.html  (552 words)  total=13
[2026-07-28 00:59:13] Sleeping 15 min until next article...
[2026-07-28 01:14:13] Generating article: बेस्ट बजटिंग ऐप्स भारतीयों के लिए
[2026-07-28 01:14:13] Wrote static pages: privacy, disclaimer, about, contact, dashboard.
[2026-07-28 01:14:13] Published: posts/bestt-bjttig-aips-bhaartiiyo-ke-lie.html  (576 words)  total=14
[2026-07-28 01:14:13] Sleeping 15 min until next article...
[2026-07-28 01:29:13] Generating article: टैक्स बचाने के लिए 80C निवेश
[2026-07-28 01:29:13] Wrote static pages: privacy, disclaimer, about, contact, dashboard.
[2026-07-28 01:29:13] Published: posts/ttaiks-bcaane-ke-lie-80c-nivesh.html  (569 words)  total=15
[2026-07-28 01:29:13] Sleeping 15 min until next article...
[2026-07-28 01:44:13] Generating article: PPF बनाम म्यूचुअल फंड — क्या बेहतर है
[2026-07-28 01:44:13] Wrote static pages: privacy, disclaimer, about, contact, dashboard.
[2026-07-28 01:44:13] Published: posts/ppf-bnaam-myuucual-phdd----kyaa-behtr-hai.html  (581 words)  total=16
[2026-07-28 01:44:13] Sleeping 15 min until next article...
[2026-07-28 01:59:13] Generating article: बच्चों की शिक्षा के लिए निवेश
[2026-07-28 01:59:13] Wrote static pages: privacy, disclaimer, about, contact, dashboard.
[2026-07-28 01:59:13] Published: posts/bcco-kii-shikssaa-ke-lie-nivesh.html  (561 words)  total=17
[2026-07-28 01:59:13] Sleeping 15 min until next article...
[2026-07-28 02:14:13] Generating article: साइड इनकम के लिए बेस्ट आइडियाज
[2026-07-28 02:14:13] Wrote static pages: privacy, disclaimer, about, contact, dashboard.
[2026-07-28 02:14:13] Published: posts/saaidd-inkm-ke-lie-bestt-aaiddiyaaj.html  (571 words)  total=18
[2026-07-28 02:14:13] Sleeping 15 min until next article...
[2026-07-28 02:29:13] Generating article: क्रेडिट कार्ड कैशबैक ऑफर्स 2026
[2026-07-28 02:29:13] Wrote static pages: privacy, disclaimer, about, contact, dashboard.
[2026-07-28 02:29:13] Published: posts/kredditt-kaardd-kaishbaik-ophrs-2026.html  (581 words)  total=19
[2026-07-28 02:29:13] Sleeping 15 min until next article...
[2026-07-28 02:44:13] Generating article: छोटी सैलरी से निवेश कैसे शुरू करें
[2026-07-28 02:44:13] Wrote static pages: privacy, disclaimer, about, contact, dashboard.
[2026-07-28 02:44:13] Published: posts/chottii-sailrii-se-nivesh-kaise-shuruu-kre.html  (565 words)  total=20
[2026-07-28 02:44:13] Sleeping 15 min until next article...
[2026-07-28 02:59:13] Generating article: भारत में पैसे बचाने के 10 आसान तरीके
[2026-07-28 02:59:13] Wrote static pages: privacy, disclaimer, about, contact, dashboard.
[2026-07-28 02:59:13] Published: posts/bhaart-me-paise-bcaane-ke-10-aasaan-triike.html  (562 words)  total=21
[2026-07-28 02:59:13] Sleeping 15 min until next article...
[2026-07-28 03:14:13] Generating article: UPI और डिजिटल भुगतान बचत टिप्स
[2026-07-28 03:14:13] Wrote static pages: privacy, disclaimer, about, contact, dashboard.
[2026-07-28 03:14:13] Published: posts/upi-aur-ddijittl-bhugtaan-bct-ttips.html  (571 words)  total=22
[2026-07-28 03:14:13] Sleeping 15 min until next article...
[2026-07-28 03:29:13] Generating article: रिटायरमेंट प्लानिंग शुरुआती गाइड
[2026-07-28 03:29:13] Wrote static pages: privacy, disclaimer, about, contact, dashboard.
[2026-07-28 03:29:13] Published: posts/rittaayrmett-plaanig-shuruaatii-gaaidd.html  (570 words)  total=23
[2026-07-28 03:29:13] Sleeping 15 min until next article...
[2026-07-28 03:44:13] Generating article: फ्रीलांसिंग से पैसे कमाने के तरीके
[2026-07-28 03:44:13] Wrote static pages: privacy, disclaimer, about, contact, dashboard.
[2026-07-28 03:44:13] Published: posts/phriilaasig-se-paise-kmaane-ke-triike.html  (582 words)  total=24
[2026-07-28 03:44:13] Sleeping 15 min until next article...
[2026-07-28 03:59:13] Generating article: ऑनलाइन पैसे कमाने के असली तरीके
[2026-07-28 03:59:13] Wrote static pages: privacy, disclaimer, about, contact, dashboard.
[2026-07-28 03:59:13] Published: posts/onlaain-paise-kmaane-ke-aslii-triike.html  (566 words)  total=25
[2026-07-28 03:59:13] Sleeping 15 min until next article...
[2026-07-28 04:14:13] Generating article: कम पैसे में वेबसाइट होस्टिंग
[2026-07-28 04:14:13] Wrote static pages: privacy, disclaimer, about, contact, dashboard.
[2026-07-28 04:14:13] Published: posts/km-paise-me-vebsaaitt-hosttig.html  (573 words)  total=26
[2026-07-28 04:14:13] Sleeping 15 min until next article...
[2026-07-28 04:29:13] Generating article: स्टॉक मार्केट शुरुआत कैसे करें
[2026-07-28 04:29:13] Wrote static pages: privacy, disclaimer, about, contact, dashboard.
[2026-07-28 04:29:13] Published: posts/sttok-maarkett-shuruaat-kaise-kre.html  (575 words)  total=27
[2026-07-28 04:29:13] Sleeping 15 min until next article...
[2026-07-28 04:44:13] Generating article: क्रेडिट कार्ड कैशबैक ऑफर्स 2026
[2026-07-28 04:44:13] Wrote static pages: privacy, disclaimer, about, contact, dashboard.
[2026-07-28 04:44:13] Published: posts/kredditt-kaardd-kaishbaik-ophrs-2026.html  (581 words)  total=28
[2026-07-28 04:44:13] Sleeping 15 min until next article...
[2026-07-28 04:59:13] Generating article: क्रेडिट कार्ड कैशबैक ऑफर्स 2026
[2026-07-28 04:59:13] Wrote static pages: privacy, disclaimer, about, contact, dashboard.
[2026-07-28 04:59:13] Published: posts/kredditt-kaardd-kaishbaik-ophrs-2026.html  (581 words)  total=29
[2026-07-28 04:59:13] Sleeping 15 min until next article...
[2026-07-28 05:14:13] Generating article: क्रेडिट कार्ड कैशबैक ऑफर्स 2026
[2026-07-28 05:14:13] Wrote static pages: privacy, disclaimer, about, contact, dashboard.
[2026-07-28 05:14:13] Published: posts/kredditt-kaardd-kaishbaik-ophrs-2026.html  (581 words)  total=30
[2026-07-28 05:14:13] Sleeping 15 min until next article...
[2026-07-28 05:29:13] Generating article: क्रेडिट कार्ड कैशबैक ऑफर्स 2026
[2026-07-28 05:29:13] Wrote static pages: privacy, disclaimer, about, contact, dashboard.
[2026-07-28 05:29:13] Published: posts/kredditt-kaardd-kaishbaik-ophrs-2026.html  (581 words)  total=31
[2026-07-28 05:29:13] Sleeping 15 min until next article...
[2026-07-28 05:44:13] Generating article: क्रेडिट कार्ड कैशबैक ऑफर्स 2026
[2026-07-28 05:44:13] Wrote static pages: privacy, disclaimer, about, contact, dashboard.
[2026-07-28 05:44:13] Published: posts/kredditt-kaardd-kaishbaik-ophrs-2026.html  (581 words)  total=32
[2026-07-28 05:44:13] Sleeping 15 min until next article...
[2026-07-28 05:59:13] Generating article: क्रेडिट कार्ड कैशबैक ऑफर्स 2026
[2026-07-28 05:59:13] Wrote static pages: privacy, disclaimer, about, contact, dashboard.
[2026-07-28 05:59:13] Published: posts/kredditt-kaardd-kaishbaik-ophrs-2026.html  (581 words)  total=33
[2026-07-28 05:59:13] Sleeping 15 min until next article...
[2026-07-28 06:14:13] Generating article: क्रेडिट कार्ड कैशबैक ऑफर्स 2026
[2026-07-28 06:14:13] Wrote static pages: privacy, disclaimer, about, contact, dashboard.
[2026-07-28 06:14:13] Published: posts/kredditt-kaardd-kaishbaik-ophrs-2026.html  (581 words)  total=34
[2026-07-28 06:14:13] Sleeping 15 min until next article...
[2026-07-28 06:29:13] Generating article: क्रेडिट कार्ड कैशबैक ऑफर्स 2026
[2026-07-28 06:29:13] Wrote static pages: privacy, disclaimer, about, contact, dashboard.
[2026-07-28 06:29:13] Published: posts/kredditt-kaardd-kaishbaik-ophrs-2026.html  (581 words)  total=35
[2026-07-28 06:29:13] Sleeping 15 min until next article...
[2026-07-28 06:44:13] Generating article: क्रेडिट कार्ड कैशबैक ऑफर्स 2026
[2026-07-28 06:44:13] Wrote static pages: privacy, disclaimer, about, contact, dashboard.
[2026-07-28 06:44:13] Published: posts/kredditt-kaardd-kaishbaik-ophrs-2026.html  (581 words)  total=36
[2026-07-28 06:44:13] Sleeping 15 min until next article...
[2026-07-28 06:59:13] Generating article: क्रेडिट कार्ड कैशबैक ऑफर्स 2026
[2026-07-28 06:59:13] Wrote static pages: privacy, disclaimer, about, contact, dashboard.
[2026-07-28 06:59:13] Published: posts/kredditt-kaardd-kaishbaik-ophrs-2026.html  (581 words)  total=37
[2026-07-28 06:59:13] Sleeping 15 min until next article...
[2026-07-28 07:14:13] Generating article: क्रेडिट कार्ड कैशबैक ऑफर्स 2026
[2026-07-28 07:14:13] Wrote static pages: privacy, disclaimer, about, contact, dashboard.
[2026-07-28 07:14:13] Published: posts/kredditt-kaardd-kaishbaik-ophrs-2026.html  (581 words)  total=38
[2026-07-28 07:14:13] Sleeping 15 min until next article...
[2026-07-28 07:29:13] Generating article: क्रेडिट कार्ड कैशबैक ऑफर्स 2026
[2026-07-28 07:29:13] Wrote static pages: privacy, disclaimer, about, contact, dashboard.
[2026-07-28 07:29:13] Published: posts/kredditt-kaardd-kaishbaik-ophrs-2026.html  (581 words)  total=39
[2026-07-28 07:29:13] Sleeping 15 min until next article...
[2026-07-28 07:44:13] Generating article: क्रेडिट कार्ड कैशबैक ऑफर्स 2026
[2026-07-28 07:44:13] Wrote static pages: privacy, disclaimer, about, contact, dashboard.
[2026-07-28 07:44:13] Published: posts/kredditt-kaardd-kaishbaik-ophrs-2026.html  (581 words)  total=40
[2026-07-28 07:44:13] Sleeping 15 min until next article...
[2026-07-28 07:59:13] Generating article: क्रेडिट कार्ड कैशबैक ऑफर्स 2026
[2026-07-28 07:59:13] Wrote static pages: privacy, disclaimer, about, contact, dashboard.
[2026-07-28 07:59:13] Published: posts/kredditt-kaardd-kaishbaik-ophrs-2026.html  (581 words)  total=41
[2026-07-28 07:59:13] Sleeping 15 min until next article...
[2026-07-28 08:14:13] Generating article: क्रेडिट कार्ड कैशबैक ऑफर्स 2026
[2026-07-28 08:14:13] Wrote static pages: privacy, disclaimer, about, contact, dashboard.
[2026-07-28 08:14:13] Published: posts/kredditt-kaardd-kaishbaik-ophrs-2026.html  (581 words)  total=42
[2026-07-28 08:14:13] Sleeping 15 min until next article...
[2026-07-28 08:29:13] Generating article: क्रेडिट कार्ड कैशबैक ऑफर्स 2026
[2026-07-28 08:29:13] Wrote static pages: privacy, disclaimer, about, contact, dashboard.
[2026-07-28 08:29:13] Published: posts/kredditt-kaardd-kaishbaik-ophrs-2026.html  (581 words)  total=43
[2026-07-28 08:29:13] Sleeping 15 min until next article...
[2026-07-28 08:44:13] Generating article: क्रेडिट कार्ड कैशबैक ऑफर्स 2026
[2026-07-28 08:44:14] Wrote static pages: privacy, disclaimer, about, contact, dashboard.
[2026-07-28 08:44:14] Published: posts/kredditt-kaardd-kaishbaik-ophrs-2026.html  (581 words)  total=44
[2026-07-28 08:44:14] Sleeping 15 min until next article...
[2026-07-28 08:59:14] Generating article: क्रेडिट कार्ड कैशबैक ऑफर्स 2026
[2026-07-28 08:59:14] Wrote static pages: privacy, disclaimer, about, contact, dashboard.
[2026-07-28 08:59:14] Published: posts/kredditt-kaardd-kaishbaik-ophrs-2026.html  (581 words)  total=45
[2026-07-28 08:59:14] Sleeping 15 min until next article...
[2026-07-28 09:14:14] Generating article: क्रेडिट कार्ड कैशबैक ऑफर्स 2026
[2026-07-28 09:14:14] Wrote static pages: privacy, disclaimer, about, contact, dashboard.
[2026-07-28 09:14:14] Published: posts/kredditt-kaardd-kaishbaik-ophrs-2026.html  (581 words)  total=46
[2026-07-28 09:14:14] Sleeping 15 min until next article...
[2026-07-28 09:29:14] Generating article: क्रेडिट कार्ड कैशबैक ऑफर्स 2026
[2026-07-28 09:29:14] Wrote static pages: privacy, disclaimer, about, contact, dashboard.
[2026-07-28 09:29:14] Published: posts/kredditt-kaardd-kaishbaik-ophrs-2026.html  (581 words)  total=47
[2026-07-28 09:29:14] Sleeping 15 min until next article...
[2026-07-28 09:44:14] Generating article: क्रेडिट कार्ड कैशबैक ऑफर्स 2026
[2026-07-28 09:44:14] Wrote static pages: privacy, disclaimer, about, contact, dashboard.
[2026-07-28 09:44:14] Published: posts/kredditt-kaardd-kaishbaik-ophrs-2026.html  (581 words)  total=48
[2026-07-28 09:44:14] Sleeping 15 min until next article...
[2026-07-28 09:59:14] Generating article: क्रेडिट कार्ड कैशबैक ऑफर्स 2026
[2026-07-28 09:59:14] Wrote static pages: privacy, disclaimer, about, contact, dashboard.
[2026-07-28 09:59:14] Published: posts/kredditt-kaardd-kaishbaik-ophrs-2026.html  (581 words)  total=49
[2026-07-28 09:59:14] Sleeping 15 min until next article...
[2026-07-28 10:14:14] Generating article: क्रेडिट कार्ड कैशबैक ऑफर्स 2026
[2026-07-28 10:14:14] Wrote static pages: privacy, disclaimer, about, contact, dashboard.
[2026-07-28 10:14:14] Published: posts/kredditt-kaardd-kaishbaik-ophrs-2026.html  (581 words)  total=50
[2026-07-28 10:14:14] Sleeping 15 min until next article...
[2026-07-28 10:29:14] Generating article: क्रेडिट कार्ड कैशबैक ऑफर्स 2026
[2026-07-28 10:29:14] Wrote static pages: privacy, disclaimer, about, contact, dashboard.
[2026-07-28 10:29:14] Published: posts/kredditt-kaardd-kaishbaik-ophrs-2026.html  (581 words)  total=51
[2026-07-28 10:29:14] Sleeping 15 min until next article...
[2026-07-28 10:32:06] Money-Maker Engine started (loop mode).
[2026-07-28 10:32:06] Tracker server running at http://0.0.0.0:8800
[2026-07-28 10:32:06] Generating article: साइड इनकम के लिए बेस्ट आइडियाज
[2026-07-28 10:32:06] Wrote static pages: privacy, disclaimer, about, contact, dashboard.
[2026-07-28 10:32:06] Published: posts/saaidd-inkm-ke-lie-bestt-aaiddiyaaj.html  (568 words)  total=52
[2026-07-28 10:32:06] Sleeping 15 min until next article...
[2026-07-28 10:47:05] Generating article: रिटायरमेंट प्लानिंग शुरुआती गाइड
[2026-07-28 10:47:05] Wrote static pages: privacy, disclaimer, about, contact, dashboard.
[2026-07-28 10:47:05] Published: posts/rittaayrmett-plaanig-shuruaatii-gaaidd.html  (581 words)  total=53
[2026-07-28 10:47:05] Sleeping 15 min until next article...
[2026-07-28 11:02:05] Generating article: बेस्ट बजटिंग ऐप्स भारतीयों के लिए
[2026-07-28 11:02:05] Wrote static pages: privacy, disclaimer, about, contact, dashboard.
[2026-07-28 11:02:05] Published: posts/bestt-bjttig-aips-bhaartiiyo-ke-lie.html  (568 words)  total=54
[2026-07-28 11:02:05] Sleeping 15 min until next article...
[2026-07-28 11:03:04] Money-Maker Engine started (loop mode).
[2026-07-28 11:03:04] Generating article: UPI और डिजिटल भुगतान बचत टिप्स
[2026-07-28 11:03:04] Wrote static pages: privacy, disclaimer, about, contact, dashboard.
[2026-07-28 11:03:04] Published: posts/upi-aur-ddijittl-bhugtaan-bct-ttips.html  (572 words)  total=55
[2026-07-28 11:03:04] Sleeping 15 min until next article...
[2026-07-28 11:17:05] Generating article: PPF बनाम म्यूचुअल फंड — क्या बेहतर है
[2026-07-28 11:17:05] Wrote static pages: privacy, disclaimer, about, contact, dashboard.
[2026-07-28 11:17:05] Published: posts/ppf-bnaam-myuucual-phdd----kyaa-behtr-hai.html  (568 words)  total=52
[2026-07-28 11:17:05] Sleeping 15 min until next article...
[2026-07-28 11:18:04] Generating article: साइड इनकम के लिए बेस्ट आइडियाज
[2026-07-28 11:18:04] Wrote static pages: privacy, disclaimer, about, contact, dashboard.
[2026-07-28 11:18:04] Published: posts/saaidd-inkm-ke-lie-bestt-aaiddiyaaj.html  (572 words)  total=52
[2026-07-28 11:18:04] Sleeping 15 min until next article...
[2026-07-28 11:32:05] Generating article: छोटी सैलरी से निवेश कैसे शुरू करें
[2026-07-28 11:32:05] Wrote static pages: privacy, disclaimer, about, contact, dashboard.
[2026-07-28 11:32:05] Published: posts/chottii-sailrii-se-nivesh-kaise-shuruu-kre.html  (566 words)  total=53
[2026-07-28 11:32:05] Sleeping 15 min until next article...
[2026-07-28 11:33:04] Generating article: स्टॉक मार्केट शुरुआत कैसे करें
[2026-07-28 11:33:04] Wrote static pages: privacy, disclaimer, about, contact, dashboard.
[2026-07-28 11:33:04] Published: posts/sttok-maarkett-shuruaat-kaise-kre.html  (582 words)  total=54
[2026-07-28 11:33:04] Sleeping 15 min until next article...
[2026-07-28 11:47:05] Generating article: गोल्ड में निवेश करने के तरीके
[2026-07-28 11:47:05] Wrote static pages: privacy, disclaimer, about, contact, dashboard.
[2026-07-28 11:47:05] Published: posts/goldd-me-nivesh-krne-ke-triike.html  (552 words)  total=55
[2026-07-28 11:47:05] Sleeping 15 min until next article...
[2026-07-28 11:47:29] Wrote static pages: privacy, disclaimer, about, contact, dashboard.
[2026-07-28 11:47:29] Rebuilt site with 21 posts (new template).
[2026-07-28 11:48:04] Generating article: स्टॉक मार्केट शुरुआत कैसे करें
[2026-07-28 11:48:04] Wrote static pages: privacy, disclaimer, about, contact, dashboard.
[2026-07-28 11:48:04] Published: posts/sttok-maarkett-shuruaat-kaise-kre.html  (582 words)  total=56
[2026-07-28 11:48:04] Sleeping 15 min until next article...
[2026-07-28 11:49:48] Wrote static pages: privacy, disclaimer, about, contact, dashboard.
[2026-07-28 11:49:48] Rebuilt site with 21 posts (new template).
[2026-07-28 11:50:53] Wrote static pages: privacy, disclaimer, about, contact, dashboard.
[2026-07-28 11:50:53] Rebuilt site with 21 posts (new template).
[2026-07-28 12:02:05] Generating article: रिटायरमेंट प्लानिंग शुरुआती गाइड
[2026-07-28 12:02:05] Wrote static pages: privacy, disclaimer, about, contact, dashboard.
[2026-07-28 12:02:05] Published: posts/rittaayrmett-plaanig-shuruaatii-gaaidd.html  (581 words)  total=57
[2026-07-28 12:02:05] Sleeping 15 min until next article...
[2026-07-28 12:03:04] Generating article: स्टॉक मार्केट शुरुआत कैसे करें
[2026-07-28 12:03:04] Wrote static pages: privacy, disclaimer, about, contact, dashboard.
[2026-07-28 12:03:04] Published: posts/sttok-maarkett-shuruaat-kaise-kre.html  (582 words)  total=58
[2026-07-28 12:03:04] Sleeping 15 min until next article...
[2026-07-28 12:05:30] Wrote static pages: privacy, disclaimer, about, contact, dashboard.
[2026-07-28 12:05:30] Rebuilt site with 21 posts (new template).
[2026-07-28 12:05:30] Wrote static pages: privacy, disclaimer, about, contact, dashboard.
[2026-07-28 12:05:30] Rebuilt site with 21 posts (new template).
[2026-07-28 12:17:05] Generating article: बेस्ट बजटिंग ऐप्स भारतीयों के लिए
[2026-07-28 12:17:05] Wrote static pages: privacy, disclaimer, about, contact, dashboard.
[2026-07-28 12:17:05] Published: posts/bestt-bjttig-aips-bhaartiiyo-ke-lie.html  (568 words)  total=59
[2026-07-28 12:17:05] Sleeping 15 min until next article...
[2026-07-28 12:18:04] Generating article: स्टॉक मार्केट शुरुआत कैसे करें
[2026-07-28 12:18:04] Wrote static pages: privacy, disclaimer, about, contact, dashboard.
[2026-07-28 12:18:04] Published: posts/sttok-maarkett-shuruaat-kaise-kre.html  (582 words)  total=60
[2026-07-28 12:18:04] Sleeping 15 min until next article...
[2026-07-28 12:18:05] Wrote static pages: privacy, disclaimer, about, contact, dashboard.
[2026-07-28 12:18:05] Rebuilt site with 21 posts (new template).
[2026-07-28 12:18:05] Wrote static pages: privacy, disclaimer, about, contact, dashboard.
[2026-07-28 12:18:05] Rebuilt site with 21 posts (new template).
[2026-07-28 12:26:42] style.css upgraded with premium-v2 rules.
[2026-07-28 12:26:42] Wrote static pages: privacy, disclaimer, about, contact, dashboard.
[2026-07-28 12:26:42] Rebuilt site with 21 posts (new template).
[2026-07-28 12:26:43] Wrote static pages: privacy, disclaimer, about, contact, dashboard.
[2026-07-28 12:26:43] Rebuilt site with 21 posts (new template).
[2026-07-28 12:27:28] Wrote static pages: privacy, disclaimer, about, contact, dashboard.
[2026-07-28 12:27:28] Rebuilt site with 21 posts (new template).
[2026-07-28 12:27:37] Wrote static pages: privacy, disclaimer, about, contact, dashboard.
[2026-07-28 12:27:37] Rebuilt site with 21 posts (new template).
[2026-07-28 12:32:05] Generating article: PPF बनाम म्यूचुअल फंड — क्या बेहतर है
[2026-07-28 12:32:05] Wrote static pages: privacy, disclaimer, about, contact, dashboard.
[2026-07-28 12:32:05] Published: posts/ppf-bnaam-myuucual-phdd----kyaa-behtr-hai.html  (568 words)  total=61
[2026-07-28 12:32:05] Sleeping 15 min until next article...
[2026-07-28 12:33:04] Generating article: स्टॉक मार्केट शुरुआत कैसे करें
[2026-07-28 12:33:04] Wrote static pages: privacy, disclaimer, about, contact, dashboard.
[2026-07-28 12:33:04] Published: posts/sttok-maarkett-shuruaat-kaise-kre.html  (582 words)  total=62
[2026-07-28 12:33:04] Sleeping 15 min until next article...
[2026-07-28 12:47:05] Generating article: छोटी सैलरी से निवेश कैसे शुरू करें
[2026-07-28 12:47:05] Wrote static pages: privacy, disclaimer, about, contact, dashboard.
[2026-07-28 12:47:05] Published: posts/chottii-sailrii-se-nivesh-kaise-shuruu-kre.html  (566 words)  total=63
[2026-07-28 12:47:05] Sleeping 15 min until next article...
[2026-07-28 12:48:04] Generating article: स्टॉक मार्केट शुरुआत कैसे करें
[2026-07-28 12:48:04] Wrote static pages: privacy, disclaimer, about, contact, dashboard.
[2026-07-28 12:48:04] Published: posts/sttok-maarkett-shuruaat-kaise-kre.html  (582 words)  total=64
[2026-07-28 12:48:04] Sleeping 15 min until next article...
[2026-07-28 12:56:31] Wrote static pages: privacy, disclaimer, about, contact, dashboard.
[2026-07-28 12:56:31] Rebuilt site with 21 posts (new template).
[2026-07-28 12:56:31] Wrote static pages: privacy, disclaimer, about, contact, dashboard.
[2026-07-28 12:56:31] Rebuilt site with 21 posts (new template).
[2026-07-28 12:58:01] Wrote static pages: privacy, disclaimer, about, contact, dashboard.
[2026-07-28 12:58:01] Rebuilt site with 21 posts (new template).
[2026-07-28 12:58:02] Wrote static pages: privacy, disclaimer, about, contact, dashboard.
[2026-07-28 12:58:02] Rebuilt site with 21 posts (new template).
[2026-07-28 13:02:05] Generating article: गोल्ड में निवेश करने के तरीके
[2026-07-28 13:02:05] Wrote static pages: privacy, disclaimer, about, contact, dashboard.
[2026-07-28 13:02:05] Published: posts/goldd-me-nivesh-krne-ke-triike.html  (552 words)  total=65
[2026-07-28 13:02:05] Sleeping 15 min until next article...
[2026-07-28 13:03:04] Generating article: स्टॉक मार्केट शुरुआत कैसे करें
[2026-07-28 13:03:04] Wrote static pages: privacy, disclaimer, about, contact, dashboard.
[2026-07-28 13:03:04] Published: posts/sttok-maarkett-shuruaat-kaise-kre.html  (582 words)  total=66
[2026-07-28 13:03:04] Sleeping 15 min until next article...
[2026-07-28 13:17:05] Generating article: रिटायरमेंट प्लानिंग शुरुआती गाइड
[2026-07-28 13:17:05] Wrote static pages: privacy, disclaimer, about, contact, dashboard.
[2026-07-28 13:17:05] Published: posts/rittaayrmett-plaanig-shuruaatii-gaaidd.html  (581 words)  total=67
[2026-07-28 13:17:05] Sleeping 15 min until next article...
[2026-07-28 13:18:04] Generating article: स्टॉक मार्केट शुरुआत कैसे करें
[2026-07-28 13:18:04] Wrote static pages: privacy, disclaimer, about, contact, dashboard.
[2026-07-28 13:18:04] Published: posts/sttok-maarkett-shuruaat-kaise-kre.html  (582 words)  total=68
[2026-07-28 13:18:04] Sleeping 15 min until next article...
[2026-07-28 13:29:01] Wrote static pages: privacy, disclaimer, about, contact, dashboard.
[2026-07-28 13:29:01] Rebuilt site with 21 posts (new template).
[2026-07-28 13:29:01] Wrote static pages: privacy, disclaimer, about, contact, dashboard.
[2026-07-28 13:29:01] Rebuilt site with 21 posts (new template).
[2026-07-28 13:32:05] Generating article: बेस्ट बजटिंग ऐप्स भारतीयों के लिए
[2026-07-28 13:32:05] Wrote static pages: privacy, disclaimer, about, contact, dashboard.
[2026-07-28 13:32:05] Published: posts/bestt-bjttig-aips-bhaartiiyo-ke-lie.html  (568 words)  total=69
[2026-07-28 13:32:05] Sleeping 15 min until next article...
[2026-07-28 13:33:04] Generating article: स्टॉक मार्केट शुरुआत कैसे करें
[2026-07-28 13:33:04] Wrote static pages: privacy, disclaimer, about, contact, dashboard.
[2026-07-28 13:33:04] Published: posts/sttok-maarkett-shuruaat-kaise-kre.html  (582 words)  total=70
[2026-07-28 13:33:04] Sleeping 15 min until next article...
[2026-07-28 13:36:22] Wrote static pages: privacy, disclaimer, about, contact, dashboard.
[2026-07-28 13:36:22] Rebuilt site with 21 posts (new template).
[2026-07-28 13:36:22] Wrote static pages: privacy, disclaimer, about, contact, dashboard.
[2026-07-28 13:36:22] Rebuilt site with 21 posts (new template).
[2026-07-28 13:47:05] Generating article: PPF बनाम म्यूचुअल फंड — क्या बेहतर है
[2026-07-28 13:47:05] Wrote static pages: privacy, disclaimer, about, contact, dashboard.
[2026-07-28 13:47:05] Published: posts/ppf-bnaam-myuucual-phdd----kyaa-behtr-hai.html  (568 words)  total=71
[2026-07-28 13:47:05] Sleeping 15 min until next article...
[2026-07-28 13:48:04] Generating article: स्टॉक मार्केट शुरुआत कैसे करें
[2026-07-28 13:48:04] Wrote static pages: privacy, disclaimer, about, contact, dashboard.
[2026-07-28 13:48:04] Published: posts/sttok-maarkett-shuruaat-kaise-kre.html  (582 words)  total=72
[2026-07-28 13:48:04] Sleeping 15 min until next article...
[2026-07-28 14:02:05] Generating article: छोटी सैलरी से निवेश कैसे शुरू करें
[2026-07-28 14:02:05] Wrote static pages: privacy, disclaimer, about, contact, dashboard.
[2026-07-28 14:02:05] Published: posts/chottii-sailrii-se-nivesh-kaise-shuruu-kre.html  (566 words)  total=73
[2026-07-28 14:02:05] Sleeping 15 min until next article...
[2026-07-28 14:03:04] Generating article: स्टॉक मार्केट शुरुआत कैसे करें
[2026-07-28 14:03:04] Wrote static pages: privacy, disclaimer, about, contact, dashboard.
[2026-07-28 14:03:04] Published: posts/sttok-maarkett-shuruaat-kaise-kre.html  (582 words)  total=74
[2026-07-28 14:03:04] Sleeping 15 min until next article...
[2026-07-28 14:17:05] Generating article: गोल्ड में निवेश करने के तरीके
[2026-07-28 14:17:05] Wrote static pages: privacy, disclaimer, about, contact, dashboard.
[2026-07-28 14:17:05] Published: posts/goldd-me-nivesh-krne-ke-triike.html  (552 words)  total=75
[2026-07-28 14:17:05] Sleeping 15 min until next article...
[2026-07-28 14:18:04] Generating article: स्टॉक मार्केट शुरुआत कैसे करें
[2026-07-28 14:18:04] Wrote static pages: privacy, disclaimer, about, contact, dashboard.
[2026-07-28 14:18:04] Published: posts/sttok-maarkett-shuruaat-kaise-kre.html  (582 words)  total=76
[2026-07-28 14:18:04] Sleeping 15 min until next article...
[2026-07-28 14:32:05] Generating article: रिटायरमेंट प्लानिंग शुरुआती गाइड
[2026-07-28 14:32:05] Wrote static pages: privacy, disclaimer, about, contact, dashboard.
[2026-07-28 14:32:05] Published: posts/rittaayrmett-plaanig-shuruaatii-gaaidd.html  (581 words)  total=77
[2026-07-28 14:32:05] Sleeping 15 min until next article...
[2026-07-28 14:33:04] Generating article: स्टॉक मार्केट शुरुआत कैसे करें
[2026-07-28 14:33:04] Wrote static pages: privacy, disclaimer, about, contact, dashboard.
[2026-07-28 14:33:04] Published: posts/sttok-maarkett-shuruaat-kaise-kre.html  (582 words)  total=78
[2026-07-28 14:33:04] Sleeping 15 min until next article...
[2026-07-28 14:47:05] Generating article: बेस्ट बजटिंग ऐप्स भारतीयों के लिए
[2026-07-28 14:47:05] Wrote static pages: privacy, disclaimer, about, contact, dashboard.
[2026-07-28 14:47:05] Published: posts/bestt-bjttig-aips-bhaartiiyo-ke-lie.html  (568 words)  total=79
[2026-07-28 14:47:05] Sleeping 15 min until next article...
[2026-07-28 14:48:04] Generating article: स्टॉक मार्केट शुरुआत कैसे करें
[2026-07-28 14:48:04] Wrote static pages: privacy, disclaimer, about, contact, dashboard.
[2026-07-28 14:48:04] Published: posts/sttok-maarkett-shuruaat-kaise-kre.html  (582 words)  total=80
[2026-07-28 14:48:04] Sleeping 15 min until next article...
[2026-07-28 14:53:08] Wrote static pages: privacy, disclaimer, about, contact, dashboard.
[2026-07-28 14:53:08] Rebuilt site with 21 posts (new template).
[2026-07-28 14:53:08] Wrote static pages: privacy, disclaimer, about, contact, dashboard.
[2026-07-28 14:53:08] Rebuilt site with 21 posts (new template).
[2026-07-28 14:59:20] Money-Maker Engine started (loop mode).
[2026-07-28 14:59:20] Generating article: बेस्ट डिस्काउंट ब्रोकर कौन सा — ज़ीरोधा vs अपस्टॉक्स
[2026-07-28 14:59:21] Featured image saved: bestt-ddiskaautt-brokr-kaun-saa----jiirodhaa-vs-apsttoks.jpg (56 KB)
[2026-07-28 14:59:21] Wrote static pages: privacy, disclaimer, about, contact, dashboard.
[2026-07-28 14:59:21] Published: posts/bestt-ddiskaautt-brokr-kaun-saa----jiirodhaa-vs-apsttoks.html  (622 words)  total=81
[2026-07-28 14:59:21] Sleeping 10 min until next article...
[2026-07-28 14:59:29] Generating article: ELSS टैक्स सेविंग फंड्स टॉप 5
[2026-07-28 15:00:06] Featured image saved: elss-ttaiks-sevig-phdds-ttop-5.jpg (55 KB)
[2026-07-28 15:00:06] Wrote static pages: privacy, disclaimer, about, contact, dashboard.
[2026-07-28 15:00:06] Published: posts/elss-ttaiks-sevig-phdds-ttop-5.html  (568 words)  total=82
[2026-07-28 15:00:07] Wrote static pages: privacy, disclaimer, about, contact, dashboard.
[2026-07-28 15:00:07] Rebuilt site with 23 posts (new template).
[2026-07-28 15:00:53] Money-Maker Engine started (loop mode).
[2026-07-28 15:00:53] Generating article: क्रिप्टो में निवेश शुरू करने की सावधानियां
[2026-07-28 15:00:58] Featured image saved: kriptto-me-nivesh-shuruu-krne-kii-saavdhaaniyaa.jpg (61 KB)
[2026-07-28 15:00:58] Wrote static pages: privacy, disclaimer, about, contact, dashboard.
[2026-07-28 15:00:58] Published: posts/kriptto-me-nivesh-shuruu-krne-kii-saavdhaaniyaa.html  (572 words)  total=83
[2026-07-28 15:00:58] Sleeping 10 min until next article...
[2026-07-28 15:02:05] Generating article: PPF बनाम म्यूचुअल फंड — क्या बेहतर है
[2026-07-28 15:02:05] Wrote static pages: privacy, disclaimer, about, contact, dashboard.
[2026-07-28 15:02:05] Published: posts/ppf-bnaam-myuucual-phdd----kyaa-behtr-hai.html  (568 words)  total=84
[2026-07-28 15:02:05] Sleeping 15 min until next article...
[2026-07-28 15:03:04] Generating article: स्टॉक मार्केट शुरुआत कैसे करें
[2026-07-28 15:03:04] Wrote static pages: privacy, disclaimer, about, contact, dashboard.
[2026-07-28 15:03:04] Published: posts/sttok-maarkett-shuruaat-kaise-kre.html  (582 words)  total=85
[2026-07-28 15:03:04] Sleeping 15 min until next article...
[2026-07-28 15:09:21] Generating article: डिविडेंड स्टॉक्स से पैसिव इनकम
[2026-07-28 15:09:23] Featured image saved: ddividdedd-sttoks-se-paisiv-inkm.jpg (54 KB)
[2026-07-28 15:09:23] Wrote static pages: privacy, disclaimer, about, contact, dashboard.
[2026-07-28 15:09:23] Published: posts/ddividdedd-sttoks-se-paisiv-inkm.html  (577 words)  total=86
[2026-07-28 15:09:23] Sleeping 10 min until next article...
[2026-07-28 15:10:58] Generating article: कार लोन vs पर्सनल लोन — कौन सस्ता
[2026-07-28 15:11:00] Featured image saved: kaar-lon-vs-prsnl-lon----kaun-sstaa.jpg (53 KB)
[2026-07-28 15:11:00] Wrote static pages: privacy, disclaimer, about, contact, dashboard.
[2026-07-28 15:11:00] Published: posts/kaar-lon-vs-prsnl-lon----kaun-sstaa.html  (570 words)  total=87
[2026-07-28 15:11:00] Sleeping 10 min until next article...
[2026-07-28 15:17:05] Generating article: छोटी सैलरी से निवेश कैसे शुरू करें
[2026-07-28 15:17:05] Wrote static pages: privacy, disclaimer, about, contact, dashboard.
[2026-07-28 15:17:05] Published: posts/chottii-sailrii-se-nivesh-kaise-shuruu-kre.html  (566 words)  total=88
[2026-07-28 15:17:05] Sleeping 15 min until next article...
[2026-07-28 15:18:04] Generating article: स्टॉक मार्केट शुरुआत कैसे करें
[2026-07-28 15:18:04] Wrote static pages: privacy, disclaimer, about, contact, dashboard.
[2026-07-28 15:18:04] Published: posts/sttok-maarkett-shuruaat-kaise-kre.html  (582 words)  total=89
[2026-07-28 15:18:04] Sleeping 15 min until next article...
[2026-07-28 15:19:23] Generating article: बैंक FD बनाम डिट पेमेंट्स — रिटर्न कंपेरिजन
[2026-07-28 15:19:27] Featured image saved: baik-fd-bnaam-dditt-pemetts----rittrn-kperijn.jpg (60 KB)
[2026-07-28 15:19:27] Wrote static pages: privacy, disclaimer, about, contact, dashboard.
[2026-07-28 15:19:27] Published: posts/baik-fd-bnaam-dditt-pemetts----rittrn-kperijn.html  (604 words)  total=90
[2026-07-28 15:19:27] Sleeping 10 min until next article...
[2026-07-28 15:21:00] Generating article: क्रेडिट स्कोर (CIBIL) सुधारने के 7 तरीके
[2026-07-28 15:21:04] Featured image saved: kredditt-skor-cibil-sudhaarne-ke-7-triike.jpg (55 KB)
[2026-07-28 15:21:04] Wrote static pages: privacy, disclaimer, about, contact, dashboard.
[2026-07-28 15:21:04] Published: posts/kredditt-skor-cibil-sudhaarne-ke-7-triike.html  (579 words)  total=91
[2026-07-28 15:21:04] Sleeping 10 min until next article...
[2026-07-28 15:27:09] Wrote static pages: privacy, disclaimer, about, contact, dashboard.
[2026-07-28 15:27:09] Rebuilt site with 28 posts (new template).
[2026-07-28 15:27:09] Wrote static pages: privacy, disclaimer, about, contact, dashboard.
[2026-07-28 15:27:09] Rebuilt site with 28 posts (new template).
[2026-07-28 15:29:27] Generating article: छोटे बिजनेस के लिए GST रजिस्ट्रेशन गाइड
[2026-07-28 15:29:29] Featured image saved: chotte-bijnes-ke-lie-gst-rjisttreshn-gaaidd.jpg (55 KB)
[2026-07-28 15:29:29] Wrote static pages: privacy, disclaimer, about, contact, dashboard.
[2026-07-28 15:29:29] Published: posts/chotte-bijnes-ke-lie-gst-rjisttreshn-gaaidd.html  (584 words)  total=92
[2026-07-28 15:29:29] Sleeping 10 min until next article...
[2026-07-28 15:31:04] Generating article: रियल एस्टेट vs म्यूचुअल फंड — कहां निवेश करें
[2026-07-28 15:31:25] Featured image saved: riyl-esttett-vs-myuucual-phdd----khaa-nivesh-kre.jpg (56 KB)
[2026-07-28 15:31:25] Wrote static pages: privacy, disclaimer, about, contact, dashboard.
[2026-07-28 15:31:25] Published: posts/riyl-esttett-vs-myuucual-phdd----khaa-nivesh-kre.html  (580 words)  total=93
[2026-07-28 15:31:25] Sleeping 10 min until next article...
[2026-07-28 15:32:05] Generating article: गोल्ड में निवेश करने के तरीके
[2026-07-28 15:32:05] Wrote static pages: privacy, disclaimer, about, contact, dashboard.
[2026-07-28 15:32:05] Published: posts/goldd-me-nivesh-krne-ke-triike.html  (552 words)  total=94
[2026-07-28 15:32:05] Sleeping 15 min until next article...
[2026-07-28 15:33:04] Generating article: स्टॉक मार्केट शुरुआत कैसे करें
[2026-07-28 15:33:04] Wrote static pages: privacy, disclaimer, about, contact, dashboard.
[2026-07-28 15:33:04] Published: posts/sttok-maarkett-shuruaat-kaise-kre.html  (582 words)  total=95
[2026-07-28 15:33:04] Sleeping 15 min until next article...
[2026-07-28 15:39:29] Generating article: म्यूचुअल फंड डायरेक्ट vs रेगुलर — क्या फर्क
[2026-07-28 15:39:32] Featured image saved: myuucual-phdd-ddaayrektt-vs-regulr----kyaa-phrk.jpg (57 KB)
[2026-07-28 15:39:32] Wrote static pages: privacy, disclaimer, about, contact, dashboard.
[2026-07-28 15:39:32] Published: posts/myuucual-phdd-ddaayrektt-vs-regulr----kyaa-phrk.html  (591 words)  total=96
[2026-07-28 15:39:32] Sleeping 10 min until next article...
[2026-07-28 15:41:25] Generating article: ऑनलाइन शॉपिंग से पैसे बचाने के ट्रिक्स
[2026-07-28 15:41:28] Featured image saved: onlaain-shopig-se-paise-bcaane-ke-ttriks.jpg (59 KB)
[2026-07-28 15:41:28] Wrote static pages: privacy, disclaimer, about, contact, dashboard.
[2026-07-28 15:41:28] Published: posts/onlaain-shopig-se-paise-bcaane-ke-ttriks.html  (580 words)  total=97
[2026-07-28 15:41:28] Sleeping 10 min until next article...
[2026-07-28 15:47:05] Generating article: रिटायरमेंट प्लानिंग शुरुआती गाइड
[2026-07-28 15:47:05] Wrote static pages: privacy, disclaimer, about, contact, dashboard.
[2026-07-28 15:47:05] Published: posts/rittaayrmett-plaanig-shuruaatii-gaaidd.html  (581 words)  total=98
[2026-07-28 15:47:05] Sleeping 15 min until next article...
[2026-07-28 15:48:04] Generating article: स्टॉक मार्केट शुरुआत कैसे करें
[2026-07-28 15:48:04] Wrote static pages: privacy, disclaimer, about, contact, dashboard.
[2026-07-28 15:48:04] Published: posts/sttok-maarkett-shuruaat-kaise-kre.html  (582 words)  total=99
[2026-07-28 15:48:04] Sleeping 15 min until next article...
[2026-07-28 15:49:32] Generating article: छात्रों के लिए पार्ट टाइम इनकम आइडियाज
[2026-07-28 15:49:34] Featured image saved: chaatro-ke-lie-paartt-ttaaim-inkm-aaiddiyaaj.jpg (56 KB)
[2026-07-28 15:49:34] Wrote static pages: privacy, disclaimer, about, contact, dashboard.
[2026-07-28 15:49:34] Published: posts/chaatro-ke-lie-paartt-ttaaim-inkm-aaiddiyaaj.html  (576 words)  total=100
[2026-07-28 15:49:34] Sleeping 10 min until next article...
[2026-07-28 15:51:28] Generating article: डिजिटल गोल्ड खरीदना क्यों सही है
[2026-07-28 15:51:32] Featured image saved: ddijittl-goldd-khriidnaa-kyo-shii-hai.jpg (59 KB)
[2026-07-28 15:51:32] Wrote static pages: privacy, disclaimer, about, contact, dashboard.
[2026-07-28 15:51:32] Published: posts/ddijittl-goldd-khriidnaa-kyo-shii-hai.html  (564 words)  total=101
[2026-07-28 15:51:32] Sleeping 10 min until next article...
[2026-07-28 15:59:34] Generating article: बीमा (टर्म + हेल्थ) कैसे चुनें — कंप्लीट गाइड
[2026-07-28 15:59:37] Featured image saved: biimaa-ttrm-helth-kaise-cune----kpliitt-gaaidd.jpg (56 KB)
[2026-07-28 15:59:37] Wrote static pages: privacy, disclaimer, about, contact, dashboard.
[2026-07-28 15:59:37] Published: posts/biimaa-ttrm-helth-kaise-cune----kpliitt-gaaidd.html  (596 words)  total=102
[2026-07-28 15:59:37] Sleeping 10 min until next article...
[2026-07-28 16:01:32] Generating article: बेस्ट क्रेडिट कार्ड 2026 भारत में (कैशबैक + रिवार्ड्स)
[2026-07-28 16:01:33] Featured image saved: bestt-kredditt-kaardd-2026-bhaart-me-kaishbaik-rivaardds.jpg (57 KB)
[2026-07-28 16:01:33] Wrote static pages: privacy, disclaimer, about, contact, dashboard.
[2026-07-28 16:01:33] Published: posts/bestt-kredditt-kaardd-2026-bhaart-me-kaishbaik-rivaardds.html  (629 words)  total=103
[2026-07-28 16:01:33] Sleeping 10 min until next article...
[2026-07-28 16:02:05] Generating article: बेस्ट बजटिंग ऐप्स भारतीयों के लिए
[2026-07-28 16:02:05] Wrote static pages: privacy, disclaimer, about, contact, dashboard.
[2026-07-28 16:02:05] Published: posts/bestt-bjttig-aips-bhaartiiyo-ke-lie.html  (568 words)  total=104
[2026-07-28 16:02:05] Sleeping 15 min until next article...
[2026-07-28 16:03:04] Generating article: स्टॉक मार्केट शुरुआत कैसे करें
[2026-07-28 16:03:04] Wrote static pages: privacy, disclaimer, about, contact, dashboard.
[2026-07-28 16:03:04] Published: posts/sttok-maarkett-shuruaat-kaise-kre.html  (582 words)  total=105
[2026-07-28 16:03:04] Sleeping 15 min until next article...
[2026-07-28 16:09:37] Generating article: होम लोन ब्याज पर टैक्स बचत का तरीका
[2026-07-28 16:09:44] Featured image saved: hom-lon-byaaj-pr-ttaiks-bct-kaa-triikaa.jpg (54 KB)
[2026-07-28 16:09:44] Wrote static pages: privacy, disclaimer, about, contact, dashboard.
[2026-07-28 16:09:44] Published: posts/hom-lon-byaaj-pr-ttaiks-bct-kaa-triikaa.html  (580 words)  total=106
[2026-07-28 16:09:44] Sleeping 10 min until next article...
[2026-07-28 16:11:33] Generating article: NPS रिटायरमेंट खाता कैसे खोलें
[2026-07-28 16:11:35] Featured image saved: nps-rittaayrmett-khaataa-kaise-khole.jpg (53 KB)
[2026-07-28 16:11:35] Wrote static pages: privacy, disclaimer, about, contact, dashboard.
[2026-07-28 16:11:35] Published: posts/nps-rittaayrmett-khaataa-kaise-khole.html  (568 words)  total=107
[2026-07-28 16:11:35] Sleeping 10 min until next article...
[2026-07-28 16:17:05] Generating article: PPF बनाम म्यूचुअल फंड — क्या बेहतर है
[2026-07-28 16:17:05] Wrote static pages: privacy, disclaimer, about, contact, dashboard.
[2026-07-28 16:17:05] Published: posts/ppf-bnaam-myuucual-phdd----kyaa-behtr-hai.html  (568 words)  total=108
[2026-07-28 16:17:05] Sleeping 15 min until next article...
[2026-07-28 16:18:04] Generating article: स्टॉक मार्केट शुरुआत कैसे करें
[2026-07-28 16:18:04] Wrote static pages: privacy, disclaimer, about, contact, dashboard.
[2026-07-28 16:18:04] Published: posts/sttok-maarkett-shuruaat-kaise-kre.html  (582 words)  total=109
[2026-07-28 16:18:04] Sleeping 15 min until next article...
[2026-07-28 16:19:44] Generating article: रेंट से पैसे बचाने के तरीके
[2026-07-28 16:19:44] Wrote static pages: privacy, disclaimer, about, contact, dashboard.
[2026-07-28 16:19:44] Published: posts/rett-se-paise-bcaane-ke-triike.html  (556 words)  total=110
[2026-07-28 16:19:44] Sleeping 10 min until next article...
[2026-07-28 16:21:35] Generating article: बीमा (टर्म + हेल्थ) कैसे चुनें — कंप्लीट गाइड
[2026-07-28 16:21:35] Wrote static pages: privacy, disclaimer, about, contact, dashboard.
[2026-07-28 16:21:35] Published: posts/biimaa-ttrm-helth-kaise-cune----kpliitt-gaaidd.html  (589 words)  total=111
[2026-07-28 16:21:35] Sleeping 10 min until next article...
[2026-07-28 16:29:44] Generating article: पैसive इनकम बनाने की गाइड
[2026-07-28 16:29:44] Wrote static pages: privacy, disclaimer, about, contact, dashboard.
[2026-07-28 16:29:44] Published: posts/paisive-inkm-bnaane-kii-gaaidd.html  (557 words)  total=112
[2026-07-28 16:29:44] Sleeping 10 min until next article...
[2026-07-28 16:31:35] Generating article: पैसive इनकम बनाने की गाइड
[2026-07-28 16:31:35] Wrote static pages: privacy, disclaimer, about, contact, dashboard.
[2026-07-28 16:31:35] Published: posts/paisive-inkm-bnaane-kii-gaaidd.html  (547 words)  total=113
[2026-07-28 16:31:35] Sleeping 10 min until next article...
[2026-07-28 16:32:05] Generating article: छोटी सैलरी से निवेश कैसे शुरू करें
[2026-07-28 16:32:05] Wrote static pages: privacy, disclaimer, about, contact, dashboard.
[2026-07-28 16:32:05] Published: posts/chottii-sailrii-se-nivesh-kaise-shuruu-kre.html  (566 words)  total=114
[2026-07-28 16:32:05] Sleeping 15 min until next article...
[2026-07-28 16:33:04] Generating article: स्टॉक मार्केट शुरुआत कैसे करें
[2026-07-28 16:33:05] Wrote static pages: privacy, disclaimer, about, contact, dashboard.
[2026-07-28 16:33:05] Published: posts/sttok-maarkett-shuruaat-kaise-kre.html  (582 words)  total=115
[2026-07-28 16:33:05] Sleeping 15 min until next article...
[2026-07-28 16:39:44] Generating article: बेस्ट बजटिंग ऐप्स भारतीयों के लिए
[2026-07-28 16:39:44] Wrote static pages: privacy, disclaimer, about, contact, dashboard.
[2026-07-28 16:39:44] Published: posts/bestt-bjttig-aips-bhaartiiyo-ke-lie.html  (567 words)  total=116
[2026-07-28 16:39:44] Sleeping 10 min until next article...
[2026-07-28 16:41:35] Generating article: छोटी सैलरी से निवेश कैसे शुरू करें
[2026-07-28 16:41:35] Wrote static pages: privacy, disclaimer, about, contact, dashboard.
[2026-07-28 16:41:35] Published: posts/chottii-sailrii-se-nivesh-kaise-shuruu-kre.html  (558 words)  total=117
[2026-07-28 16:41:35] Sleeping 10 min until next article...
[2026-07-28 16:47:05] Generating article: गोल्ड में निवेश करने के तरीके
[2026-07-28 16:47:05] Wrote static pages: privacy, disclaimer, about, contact, dashboard.
[2026-07-28 16:47:05] Published: posts/goldd-me-nivesh-krne-ke-triike.html  (552 words)  total=118
[2026-07-28 16:47:05] Sleeping 15 min until next article...
[2026-07-28 16:48:05] Generating article: स्टॉक मार्केट शुरुआत कैसे करें
[2026-07-28 16:48:05] Wrote static pages: privacy, disclaimer, about, contact, dashboard.
[2026-07-28 16:48:05] Published: posts/sttok-maarkett-shuruaat-kaise-kre.html  (582 words)  total=119
[2026-07-28 16:48:05] Sleeping 15 min until next article...
[2026-07-28 16:49:44] Generating article: ELSS टैक्स सेविंग फंड्स टॉप 5
[2026-07-28 16:49:44] Wrote static pages: privacy, disclaimer, about, contact, dashboard.
[2026-07-28 16:49:44] Published: posts/elss-ttaiks-sevig-phdds-ttop-5.html  (570 words)  total=120
[2026-07-28 16:49:44] Sleeping 10 min until next article...
[2026-07-28 16:51:35] Generating article: क्रेडिट स्कोर (CIBIL) सुधारने के 7 तरीके
[2026-07-28 16:51:35] Wrote static pages: privacy, disclaimer, about, contact, dashboard.
[2026-07-28 16:51:35] Published: posts/kredditt-skor-cibil-sudhaarne-ke-7-triike.html  (579 words)  total=121
[2026-07-28 16:51:35] Sleeping 10 min until next article...
[2026-07-28 16:59:44] Generating article: बेस्ट बजटिंग ऐप्स भारतीयों के लिए
[2026-07-28 16:59:44] Wrote static pages: privacy, disclaimer, about, contact, dashboard.
[2026-07-28 16:59:44] Published: posts/bestt-bjttig-aips-bhaartiiyo-ke-lie.html  (567 words)  total=122
[2026-07-28 16:59:44] Sleeping 10 min until next article...
[2026-07-28 17:01:35] Generating article: क्रिप्टो में निवेश शुरू करने की सावधानियां
[2026-07-28 17:01:35] Wrote static pages: privacy, disclaimer, about, contact, dashboard.
[2026-07-28 17:01:35] Published: posts/kriptto-me-nivesh-shuruu-krne-kii-saavdhaaniyaa.html  (572 words)  total=123
[2026-07-28 17:01:35] Sleeping 10 min until next article...
[2026-07-28 17:02:05] Generating article: रिटायरमेंट प्लानिंग शुरुआती गाइड
[2026-07-28 17:02:05] Wrote static pages: privacy, disclaimer, about, contact, dashboard.
[2026-07-28 17:02:05] Published: posts/rittaayrmett-plaanig-shuruaatii-gaaidd.html  (581 words)  total=124
[2026-07-28 17:02:05] Sleeping 15 min until next article...
[2026-07-28 17:03:05] Generating article: स्टॉक मार्केट शुरुआत कैसे करें
[2026-07-28 17:03:05] Wrote static pages: privacy, disclaimer, about, contact, dashboard.
[2026-07-28 17:03:05] Published: posts/sttok-maarkett-shuruaat-kaise-kre.html  (582 words)  total=125
[2026-07-28 17:03:05] Sleeping 15 min until next article...
[2026-07-28 17:09:44] Generating article: ELSS टैक्स सेविंग फंड्स टॉप 5
[2026-07-28 17:09:44] Wrote static pages: privacy, disclaimer, about, contact, dashboard.
[2026-07-28 17:09:44] Published: posts/elss-ttaiks-sevig-phdds-ttop-5.html  (570 words)  total=126
[2026-07-28 17:09:44] Sleeping 10 min until next article...
[2026-07-28 17:11:35] Generating article: साइड इनकम के लिए बेस्ट आइडियाज
[2026-07-28 17:11:35] Wrote static pages: privacy, disclaimer, about, contact, dashboard.
[2026-07-28 17:11:35] Published: posts/saaidd-inkm-ke-lie-bestt-aaiddiyaaj.html  (569 words)  total=127
[2026-07-28 17:11:35] Sleeping 10 min until next article...
[2026-07-28 17:17:05] Generating article: बेस्ट बजटिंग ऐप्स भारतीयों के लिए
[2026-07-28 17:17:05] Wrote static pages: privacy, disclaimer, about, contact, dashboard.
[2026-07-28 17:17:05] Published: posts/bestt-bjttig-aips-bhaartiiyo-ke-lie.html  (568 words)  total=128
[2026-07-28 17:17:05] Sleeping 15 min until next article...
[2026-07-28 17:18:05] Generating article: स्टॉक मार्केट शुरुआत कैसे करें
[2026-07-28 17:18:05] Wrote static pages: privacy, disclaimer, about, contact, dashboard.
[2026-07-28 17:18:05] Published: posts/sttok-maarkett-shuruaat-kaise-kre.html  (582 words)  total=129
[2026-07-28 17:18:05] Sleeping 15 min until next article...
[2026-07-28 17:19:44] Generating article: बेस्ट बजटिंग ऐप्स भारतीयों के लिए
[2026-07-28 17:19:44] Wrote static pages: privacy, disclaimer, about, contact, dashboard.
[2026-07-28 17:19:44] Published: posts/bestt-bjttig-aips-bhaartiiyo-ke-lie.html  (567 words)  total=130
[2026-07-28 17:19:44] Sleeping 10 min until next article...
[2026-07-28 17:21:35] Generating article: डिविडेंड स्टॉक्स से पैसिव इनकम
[2026-07-28 17:21:35] Wrote static pages: privacy, disclaimer, about, contact, dashboard.
[2026-07-28 17:21:35] Published: posts/ddividdedd-sttoks-se-paisiv-inkm.html  (578 words)  total=131
[2026-07-28 17:21:35] Sleeping 10 min until next article...
[2026-07-28 17:29:44] Generating article: ELSS टैक्स सेविंग फंड्स टॉप 5
[2026-07-28 17:29:44] Wrote static pages: privacy, disclaimer, about, contact, dashboard.
[2026-07-28 17:29:44] Published: posts/elss-ttaiks-sevig-phdds-ttop-5.html  (570 words)  total=132
[2026-07-28 17:29:44] Sleeping 10 min until next article...
[2026-07-28 17:31:35] Generating article: रेंट से पैसे बचाने के तरीके
[2026-07-28 17:31:35] Wrote static pages: privacy, disclaimer, about, contact, dashboard.
[2026-07-28 17:31:35] Published: posts/rett-se-paise-bcaane-ke-triike.html  (558 words)  total=133
[2026-07-28 17:31:35] Sleeping 10 min until next article...
[2026-07-28 17:32:05] Generating article: PPF बनाम म्यूचुअल फंड — क्या बेहतर है
[2026-07-28 17:32:05] Wrote static pages: privacy, disclaimer, about, contact, dashboard.
[2026-07-28 17:32:05] Published: posts/ppf-bnaam-myuucual-phdd----kyaa-behtr-hai.html  (568 words)  total=134
[2026-07-28 17:32:05] Sleeping 15 min until next article...
[2026-07-28 17:33:05] Generating article: स्टॉक मार्केट शुरुआत कैसे करें
[2026-07-28 17:33:05] Wrote static pages: privacy, disclaimer, about, contact, dashboard.
[2026-07-28 17:33:05] Published: posts/sttok-maarkett-shuruaat-kaise-kre.html  (582 words)  total=135
[2026-07-28 17:33:05] Sleeping 15 min until next article...
[2026-07-28 17:39:44] Generating article: बेस्ट बजटिंग ऐप्स भारतीयों के लिए
[2026-07-28 17:39:44] Wrote static pages: privacy, disclaimer, about, contact, dashboard.
[2026-07-28 17:39:44] Published: posts/bestt-bjttig-aips-bhaartiiyo-ke-lie.html  (567 words)  total=136
[2026-07-28 17:39:44] Sleeping 10 min until next article...
[2026-07-28 17:41:35] Generating article: NPS रिटायरमेंट खाता कैसे खोलें
[2026-07-28 17:41:35] Wrote static pages: privacy, disclaimer, about, contact, dashboard.
[2026-07-28 17:41:35] Published: posts/nps-rittaayrmett-khaataa-kaise-khole.html  (568 words)  total=137
[2026-07-28 17:41:35] Sleeping 10 min until next article...
[2026-07-28 17:47:05] Generating article: छोटी सैलरी से निवेश कैसे शुरू करें
[2026-07-28 17:47:05] Wrote static pages: privacy, disclaimer, about, contact, dashboard.
[2026-07-28 17:47:05] Published: posts/chottii-sailrii-se-nivesh-kaise-shuruu-kre.html  (566 words)  total=138
[2026-07-28 17:47:05] Sleeping 15 min until next article...
[2026-07-28 17:48:05] Generating article: स्टॉक मार्केट शुरुआत कैसे करें
[2026-07-28 17:48:05] Wrote static pages: privacy, disclaimer, about, contact, dashboard.
[2026-07-28 17:48:05] Published: posts/sttok-maarkett-shuruaat-kaise-kre.html  (582 words)  total=139
[2026-07-28 17:48:05] Sleeping 15 min until next article...
[2026-07-28 17:49:44] Generating article: ELSS टैक्स सेविंग फंड्स टॉप 5
[2026-07-28 17:49:44] Wrote static pages: privacy, disclaimer, about, contact, dashboard.
[2026-07-28 17:49:44] Published: posts/elss-ttaiks-sevig-phdds-ttop-5.html  (570 words)  total=140
[2026-07-28 17:49:44] Sleeping 10 min until next article...
[2026-07-28 17:51:35] Generating article: बीमा (टर्म + हेल्थ) कैसे चुनें — कंप्लीट गाइड
[2026-07-28 17:51:35] Wrote static pages: privacy, disclaimer, about, contact, dashboard.
[2026-07-28 17:51:35] Published: posts/biimaa-ttrm-helth-kaise-cune----kpliitt-gaaidd.html  (589 words)  total=141
[2026-07-28 17:51:35] Sleeping 10 min until next article...
[2026-07-28 17:59:44] Generating article: बेस्ट बजटिंग ऐप्स भारतीयों के लिए
[2026-07-28 17:59:44] Wrote static pages: privacy, disclaimer, about, contact, dashboard.
[2026-07-28 17:59:44] Published: posts/bestt-bjttig-aips-bhaartiiyo-ke-lie.html  (567 words)  total=142
[2026-07-28 17:59:44] Sleeping 10 min until next article...
[2026-07-28 18:01:35] Generating article: पैसive इनकम बनाने की गाइड
[2026-07-28 18:01:35] Wrote static pages: privacy, disclaimer, about, contact, dashboard.
[2026-07-28 18:01:35] Published: posts/paisive-inkm-bnaane-kii-gaaidd.html  (547 words)  total=143
[2026-07-28 18:01:35] Sleeping 10 min until next article...
[2026-07-28 18:02:05] Generating article: गोल्ड में निवेश करने के तरीके
[2026-07-28 18:02:05] Wrote static pages: privacy, disclaimer, about, contact, dashboard.
[2026-07-28 18:02:05] Published: posts/goldd-me-nivesh-krne-ke-triike.html  (552 words)  total=144
[2026-07-28 18:02:05] Sleeping 15 min until next article...
[2026-07-28 18:03:05] Generating article: स्टॉक मार्केट शुरुआत कैसे करें
[2026-07-28 18:03:05] Wrote static pages: privacy, disclaimer, about, contact, dashboard.
[2026-07-28 18:03:05] Published: posts/sttok-maarkett-shuruaat-kaise-kre.html  (582 words)  total=145
[2026-07-28 18:03:05] Sleeping 15 min until next article...
[2026-07-28 18:09:44] Generating article: ELSS टैक्स सेविंग फंड्स टॉप 5
[2026-07-28 18:09:44] Wrote static pages: privacy, disclaimer, about, contact, dashboard.
[2026-07-28 18:09:44] Published: posts/elss-ttaiks-sevig-phdds-ttop-5.html  (570 words)  total=146
[2026-07-28 18:09:44] Sleeping 10 min until next article...
[2026-07-28 18:11:35] Generating article: छोटी सैलरी से निवेश कैसे शुरू करें
[2026-07-28 18:11:35] Wrote static pages: privacy, disclaimer, about, contact, dashboard.
[2026-07-28 18:11:35] Published: posts/chottii-sailrii-se-nivesh-kaise-shuruu-kre.html  (558 words)  total=147
[2026-07-28 18:11:35] Sleeping 10 min until next article...
[2026-07-28 18:17:05] Generating article: रिटायरमेंट प्लानिंग शुरुआती गाइड
[2026-07-28 18:17:05] Wrote static pages: privacy, disclaimer, about, contact, dashboard.
[2026-07-28 18:17:05] Published: posts/rittaayrmett-plaanig-shuruaatii-gaaidd.html  (581 words)  total=148
[2026-07-28 18:17:05] Sleeping 15 min until next article...
[2026-07-28 18:18:05] Generating article: स्टॉक मार्केट शुरुआत कैसे करें
[2026-07-28 18:18:05] Wrote static pages: privacy, disclaimer, about, contact, dashboard.
[2026-07-28 18:18:05] Published: posts/sttok-maarkett-shuruaat-kaise-kre.html  (582 words)  total=149
[2026-07-28 18:18:05] Sleeping 15 min until next article...
[2026-07-28 18:19:44] Generating article: बेस्ट बजटिंग ऐप्स भारतीयों के लिए
[2026-07-28 18:19:45] Wrote static pages: privacy, disclaimer, about, contact, dashboard.
[2026-07-28 18:19:45] Published: posts/bestt-bjttig-aips-bhaartiiyo-ke-lie.html  (567 words)  total=150
[2026-07-28 18:19:45] Sleeping 10 min until next article...
[2026-07-28 18:21:35] Generating article: क्रेडिट स्कोर (CIBIL) सुधारने के 7 तरीके
[2026-07-28 18:21:36] Wrote static pages: privacy, disclaimer, about, contact, dashboard.
[2026-07-28 18:21:36] Published: posts/kredditt-skor-cibil-sudhaarne-ke-7-triike.html  (579 words)  total=151
[2026-07-28 18:21:36] Sleeping 10 min until next article...
[2026-07-28 18:29:45] Generating article: ELSS टैक्स सेविंग फंड्स टॉप 5
[2026-07-28 18:29:45] Wrote static pages: privacy, disclaimer, about, contact, dashboard.
[2026-07-28 18:29:45] Published: posts/elss-ttaiks-sevig-phdds-ttop-5.html  (570 words)  total=152
[2026-07-28 18:29:45] Sleeping 10 min until next article...
[2026-07-28 18:31:36] Generating article: क्रिप्टो में निवेश शुरू करने की सावधानियां
[2026-07-28 18:31:36] Wrote static pages: privacy, disclaimer, about, contact, dashboard.
[2026-07-28 18:31:36] Published: posts/kriptto-me-nivesh-shuruu-krne-kii-saavdhaaniyaa.html  (572 words)  total=153
[2026-07-28 18:31:36] Sleeping 10 min until next article...
[2026-07-28 18:32:05] Generating article: बेस्ट बजटिंग ऐप्स भारतीयों के लिए
[2026-07-28 18:32:05] Wrote static pages: privacy, disclaimer, about, contact, dashboard.
[2026-07-28 18:32:05] Published: posts/bestt-bjttig-aips-bhaartiiyo-ke-lie.html  (568 words)  total=154
[2026-07-28 18:32:05] Sleeping 15 min until next article...
[2026-07-28 18:33:05] Generating article: स्टॉक मार्केट शुरुआत कैसे करें
[2026-07-28 18:33:05] Wrote static pages: privacy, disclaimer, about, contact, dashboard.
[2026-07-28 18:33:05] Published: posts/sttok-maarkett-shuruaat-kaise-kre.html  (582 words)  total=155
[2026-07-28 18:33:05] Sleeping 15 min until next article...
[2026-07-28 18:39:45] Generating article: बेस्ट बजटिंग ऐप्स भारतीयों के लिए
[2026-07-28 18:39:45] Wrote static pages: privacy, disclaimer, about, contact, dashboard.
[2026-07-28 18:39:45] Published: posts/bestt-bjttig-aips-bhaartiiyo-ke-lie.html  (567 words)  total=156
[2026-07-28 18:39:45] Sleeping 10 min until next article...
[2026-07-28 18:41:36] Generating article: साइड इनकम के लिए बेस्ट आइडियाज
[2026-07-28 18:41:36] Wrote static pages: privacy, disclaimer, about, contact, dashboard.
[2026-07-28 18:41:36] Published: posts/saaidd-inkm-ke-lie-bestt-aaiddiyaaj.html  (569 words)  total=157
[2026-07-28 18:41:36] Sleeping 10 min until next article...
[2026-07-28 18:47:05] Generating article: PPF बनाम म्यूचुअल फंड — क्या बेहतर है
[2026-07-28 18:47:05] Wrote static pages: privacy, disclaimer, about, contact, dashboard.
[2026-07-28 18:47:05] Published: posts/ppf-bnaam-myuucual-phdd----kyaa-behtr-hai.html  (568 words)  total=158
[2026-07-28 18:47:05] Sleeping 15 min until next article...
[2026-07-28 18:48:05] Generating article: स्टॉक मार्केट शुरुआत कैसे करें
[2026-07-28 18:48:05] Wrote static pages: privacy, disclaimer, about, contact, dashboard.
[2026-07-28 18:48:05] Published: posts/sttok-maarkett-shuruaat-kaise-kre.html  (582 words)  total=159
[2026-07-28 18:48:05] Sleeping 15 min until next article...
[2026-07-28 18:49:45] Generating article: ELSS टैक्स सेविंग फंड्स टॉप 5
[2026-07-28 18:49:45] Wrote static pages: privacy, disclaimer, about, contact, dashboard.
[2026-07-28 18:49:45] Published: posts/elss-ttaiks-sevig-phdds-ttop-5.html  (570 words)  total=160
[2026-07-28 18:49:45] Sleeping 10 min until next article...
[2026-07-28 18:51:36] Generating article: डिविडेंड स्टॉक्स से पैसिव इनकम
[2026-07-28 18:51:36] Wrote static pages: privacy, disclaimer, about, contact, dashboard.
[2026-07-28 18:51:36] Published: posts/ddividdedd-sttoks-se-paisiv-inkm.html  (578 words)  total=161
[2026-07-28 18:51:36] Sleeping 10 min until next article...
[2026-07-28 18:59:45] Generating article: बेस्ट बजटिंग ऐप्स भारतीयों के लिए
[2026-07-28 18:59:45] Wrote static pages: privacy, disclaimer, about, contact, dashboard.
[2026-07-28 18:59:45] Published: posts/bestt-bjttig-aips-bhaartiiyo-ke-lie.html  (567 words)  total=162
[2026-07-28 18:59:45] Sleeping 10 min until next article...
[2026-07-28 19:01:36] Generating article: रेंट से पैसे बचाने के तरीके
[2026-07-28 19:01:36] Wrote static pages: privacy, disclaimer, about, contact, dashboard.
[2026-07-28 19:01:36] Published: posts/rett-se-paise-bcaane-ke-triike.html  (558 words)  total=163
[2026-07-28 19:01:36] Sleeping 10 min until next article...
[2026-07-28 19:02:05] Generating article: छोटी सैलरी से निवेश कैसे शुरू करें
[2026-07-28 19:02:05] Wrote static pages: privacy, disclaimer, about, contact, dashboard.
[2026-07-28 19:02:05] Published: posts/chottii-sailrii-se-nivesh-kaise-shuruu-kre.html  (566 words)  total=164
[2026-07-28 19:02:05] Sleeping 15 min until next article...
[2026-07-28 19:03:05] Generating article: स्टॉक मार्केट शुरुआत कैसे करें
[2026-07-28 19:03:05] Wrote static pages: privacy, disclaimer, about, contact, dashboard.
[2026-07-28 19:03:05] Published: posts/sttok-maarkett-shuruaat-kaise-kre.html  (582 words)  total=165
[2026-07-28 19:03:05] Sleeping 15 min until next article...
[2026-07-28 19:09:45] Generating article: ELSS टैक्स सेविंग फंड्स टॉप 5
[2026-07-28 19:09:45] Wrote static pages: privacy, disclaimer, about, contact, dashboard.
[2026-07-28 19:09:45] Published: posts/elss-ttaiks-sevig-phdds-ttop-5.html  (570 words)  total=166
[2026-07-28 19:09:45] Sleeping 10 min until next article...
[2026-07-28 19:11:36] Generating article: NPS रिटायरमेंट खाता कैसे खोलें
[2026-07-28 19:11:36] Wrote static pages: privacy, disclaimer, about, contact, dashboard.
[2026-07-28 19:11:36] Published: posts/nps-rittaayrmett-khaataa-kaise-khole.html  (568 words)  total=167
[2026-07-28 19:11:36] Sleeping 10 min until next article...
[2026-07-28 19:17:05] Generating article: गोल्ड में निवेश करने के तरीके
[2026-07-28 19:17:05] Wrote static pages: privacy, disclaimer, about, contact, dashboard.
[2026-07-28 19:17:05] Published: posts/goldd-me-nivesh-krne-ke-triike.html  (552 words)  total=168
[2026-07-28 19:17:05] Sleeping 15 min until next article...
[2026-07-28 19:18:05] Generating article: स्टॉक मार्केट शुरुआत कैसे करें
[2026-07-28 19:18:05] Wrote static pages: privacy, disclaimer, about, contact, dashboard.
[2026-07-28 19:18:05] Published: posts/sttok-maarkett-shuruaat-kaise-kre.html  (582 words)  total=169
[2026-07-28 19:18:05] Sleeping 15 min until next article...
[2026-07-28 19:19:45] Generating article: बेस्ट बजटिंग ऐप्स भारतीयों के लिए
[2026-07-28 19:19:45] Wrote static pages: privacy, disclaimer, about, contact, dashboard.
[2026-07-28 19:19:45] Published: posts/bestt-bjttig-aips-bhaartiiyo-ke-lie.html  (567 words)  total=170
[2026-07-28 19:19:45] Sleeping 10 min until next article...
[2026-07-28 19:21:36] Generating article: बीमा (टर्म + हेल्थ) कैसे चुनें — कंप्लीट गाइड
[2026-07-28 19:21:36] Wrote static pages: privacy, disclaimer, about, contact, dashboard.
[2026-07-28 19:21:36] Published: posts/biimaa-ttrm-helth-kaise-cune----kpliitt-gaaidd.html  (589 words)  total=171
[2026-07-28 19:21:36] Sleeping 10 min until next article...
[2026-07-28 19:29:45] Generating article: ELSS टैक्स सेविंग फंड्स टॉप 5
[2026-07-28 19:29:45] Wrote static pages: privacy, disclaimer, about, contact, dashboard.
[2026-07-28 19:29:45] Published: posts/elss-ttaiks-sevig-phdds-ttop-5.html  (570 words)  total=172
[2026-07-28 19:29:45] Sleeping 10 min until next article...
[2026-07-28 19:31:36] Generating article: पैसive इनकम बनाने की गाइड
[2026-07-28 19:31:36] Wrote static pages: privacy, disclaimer, about, contact, dashboard.
[2026-07-28 19:31:36] Published: posts/paisive-inkm-bnaane-kii-gaaidd.html  (547 words)  total=173
[2026-07-28 19:31:36] Sleeping 10 min until next article...
[2026-07-28 19:32:05] Generating article: रिटायरमेंट प्लानिंग शुरुआती गाइड
[2026-07-28 19:32:05] Wrote static pages: privacy, disclaimer, about, contact, dashboard.
[2026-07-28 19:32:05] Published: posts/rittaayrmett-plaanig-shuruaatii-gaaidd.html  (581 words)  total=174
[2026-07-28 19:32:05] Sleeping 15 min until next article...
[2026-07-28 19:33:05] Generating article: स्टॉक मार्केट शुरुआत कैसे करें
[2026-07-28 19:33:05] Wrote static pages: privacy, disclaimer, about, contact, dashboard.
[2026-07-28 19:33:05] Published: posts/sttok-maarkett-shuruaat-kaise-kre.html  (582 words)  total=175
[2026-07-28 19:33:05] Sleeping 15 min until next article...
[2026-07-28 19:39:45] Generating article: बेस्ट बजटिंग ऐप्स भारतीयों के लिए
[2026-07-28 19:39:45] Wrote static pages: privacy, disclaimer, about, contact, dashboard.
[2026-07-28 19:39:45] Published: posts/bestt-bjttig-aips-bhaartiiyo-ke-lie.html  (567 words)  total=176
[2026-07-28 19:39:45] Sleeping 10 min until next article...
[2026-07-28 19:41:36] Generating article: छोटी सैलरी से निवेश कैसे शुरू करें
[2026-07-28 19:41:36] Wrote static pages: privacy, disclaimer, about, contact, dashboard.
[2026-07-28 19:41:36] Published: posts/chottii-sailrii-se-nivesh-kaise-shuruu-kre.html  (558 words)  total=177
[2026-07-28 19:41:36] Sleeping 10 min until next article...
[2026-07-28 19:47:05] Generating article: बेस्ट बजटिंग ऐप्स भारतीयों के लिए
[2026-07-28 19:47:05] Wrote static pages: privacy, disclaimer, about, contact, dashboard.
[2026-07-28 19:47:05] Published: posts/bestt-bjttig-aips-bhaartiiyo-ke-lie.html  (568 words)  total=178
[2026-07-28 19:47:05] Sleeping 15 min until next article...
[2026-07-28 19:48:05] Generating article: स्टॉक मार्केट शुरुआत कैसे करें
[2026-07-28 19:48:05] Wrote static pages: privacy, disclaimer, about, contact, dashboard.
[2026-07-28 19:48:05] Published: posts/sttok-maarkett-shuruaat-kaise-kre.html  (582 words)  total=179
[2026-07-28 19:48:05] Sleeping 15 min until next article...
[2026-07-28 19:49:45] Generating article: ELSS टैक्स सेविंग फंड्स टॉप 5
[2026-07-28 19:49:45] Wrote static pages: privacy, disclaimer, about, contact, dashboard.
[2026-07-28 19:49:45] Published: posts/elss-ttaiks-sevig-phdds-ttop-5.html  (570 words)  total=180
[2026-07-28 19:49:45] Sleeping 10 min until next article...
[2026-07-28 19:51:36] Generating article: क्रेडिट स्कोर (CIBIL) सुधारने के 7 तरीके
[2026-07-28 19:51:36] Wrote static pages: privacy, disclaimer, about, contact, dashboard.
[2026-07-28 19:51:36] Published: posts/kredditt-skor-cibil-sudhaarne-ke-7-triike.html  (579 words)  total=181
[2026-07-28 19:51:36] Sleeping 10 min until next article...
[2026-07-28 19:59:45] Generating article: बेस्ट बजटिंग ऐप्स भारतीयों के लिए
[2026-07-28 19:59:45] Wrote static pages: privacy, disclaimer, about, contact, dashboard.
[2026-07-28 19:59:45] Published: posts/bestt-bjttig-aips-bhaartiiyo-ke-lie.html  (567 words)  total=182
[2026-07-28 19:59:45] Sleeping 10 min until next article...
[2026-07-28 20:01:36] Generating article: क्रिप्टो में निवेश शुरू करने की सावधानियां
[2026-07-28 20:01:36] Wrote static pages: privacy, disclaimer, about, contact, dashboard.
[2026-07-28 20:01:36] Published: posts/kriptto-me-nivesh-shuruu-krne-kii-saavdhaaniyaa.html  (572 words)  total=183
[2026-07-28 20:01:36] Sleeping 10 min until next article...
[2026-07-28 20:02:05] Generating article: PPF बनाम म्यूचुअल फंड — क्या बेहतर है
[2026-07-28 20:02:05] Wrote static pages: privacy, disclaimer, about, contact, dashboard.
[2026-07-28 20:02:05] Published: posts/ppf-bnaam-myuucual-phdd----kyaa-behtr-hai.html  (568 words)  total=184
[2026-07-28 20:02:05] Sleeping 15 min until next article...
[2026-07-28 20:03:05] Generating article: स्टॉक मार्केट शुरुआत कैसे करें
[2026-07-28 20:03:05] Wrote static pages: privacy, disclaimer, about, contact, dashboard.
[2026-07-28 20:03:05] Published: posts/sttok-maarkett-shuruaat-kaise-kre.html  (582 words)  total=185
[2026-07-28 20:03:05] Sleeping 15 min until next article...
[2026-07-28 20:09:45] Generating article: ELSS टैक्स सेविंग फंड्स टॉप 5
[2026-07-28 20:09:45] Wrote static pages: privacy, disclaimer, about, contact, dashboard.
[2026-07-28 20:09:45] Published: posts/elss-ttaiks-sevig-phdds-ttop-5.html  (570 words)  total=186
[2026-07-28 20:09:45] Sleeping 10 min until next article...
[2026-07-28 20:11:36] Generating article: साइड इनकम के लिए बेस्ट आइडियाज
[2026-07-28 20:11:36] Wrote static pages: privacy, disclaimer, about, contact, dashboard.
[2026-07-28 20:11:36] Published: posts/saaidd-inkm-ke-lie-bestt-aaiddiyaaj.html  (569 words)  total=187
[2026-07-28 20:11:36] Sleeping 10 min until next article...
[2026-07-28 20:17:05] Generating article: छोटी सैलरी से निवेश कैसे शुरू करें
[2026-07-28 20:17:06] Wrote static pages: privacy, disclaimer, about, contact, dashboard.
[2026-07-28 20:17:06] Published: posts/chottii-sailrii-se-nivesh-kaise-shuruu-kre.html  (566 words)  total=188
[2026-07-28 20:17:06] Sleeping 15 min until next article...
[2026-07-28 20:18:05] Generating article: स्टॉक मार्केट शुरुआत कैसे करें
[2026-07-28 20:18:05] Wrote static pages: privacy, disclaimer, about, contact, dashboard.
[2026-07-28 20:18:05] Published: posts/sttok-maarkett-shuruaat-kaise-kre.html  (582 words)  total=189
[2026-07-28 20:18:05] Sleeping 15 min until next article...
[2026-07-28 20:19:45] Generating article: बेस्ट बजटिंग ऐप्स भारतीयों के लिए
[2026-07-28 20:19:45] Wrote static pages: privacy, disclaimer, about, contact, dashboard.
[2026-07-28 20:19:45] Published: posts/bestt-bjttig-aips-bhaartiiyo-ke-lie.html  (567 words)  total=190
[2026-07-28 20:19:45] Sleeping 10 min until next article...
[2026-07-28 20:21:36] Generating article: डिविडेंड स्टॉक्स से पैसिव इनकम
[2026-07-28 20:21:36] Wrote static pages: privacy, disclaimer, about, contact, dashboard.
[2026-07-28 20:21:36] Published: posts/ddividdedd-sttoks-se-paisiv-inkm.html  (578 words)  total=191
[2026-07-28 20:21:36] Sleeping 10 min until next article...
[2026-07-28 20:29:45] Generating article: ELSS टैक्स सेविंग फंड्स टॉप 5
[2026-07-28 20:29:45] Wrote static pages: privacy, disclaimer, about, contact, dashboard.
[2026-07-28 20:29:45] Published: posts/elss-ttaiks-sevig-phdds-ttop-5.html  (570 words)  total=192
[2026-07-28 20:29:45] Sleeping 10 min until next article...
[2026-07-28 20:31:36] Generating article: रेंट से पैसे बचाने के तरीके
[2026-07-28 20:31:36] Wrote static pages: privacy, disclaimer, about, contact, dashboard.
[2026-07-28 20:31:36] Published: posts/rett-se-paise-bcaane-ke-triike.html  (558 words)  total=193
[2026-07-28 20:31:36] Sleeping 10 min until next article...
[2026-07-28 20:32:06] Generating article: गोल्ड में निवेश करने के तरीके
[2026-07-28 20:32:06] Wrote static pages: privacy, disclaimer, about, contact, dashboard.
[2026-07-28 20:32:06] Published: posts/goldd-me-nivesh-krne-ke-triike.html  (552 words)  total=194
[2026-07-28 20:32:06] Sleeping 15 min until next article...
[2026-07-28 20:33:05] Generating article: स्टॉक मार्केट शुरुआत कैसे करें
[2026-07-28 20:33:05] Wrote static pages: privacy, disclaimer, about, contact, dashboard.
[2026-07-28 20:33:05] Published: posts/sttok-maarkett-shuruaat-kaise-kre.html  (582 words)  total=195
[2026-07-28 20:33:05] Sleeping 15 min until next article...
[2026-07-28 20:39:45] Generating article: बेस्ट बजटिंग ऐप्स भारतीयों के लिए
[2026-07-28 20:39:45] Wrote static pages: privacy, disclaimer, about, contact, dashboard.
[2026-07-28 20:39:45] Published: posts/bestt-bjttig-aips-bhaartiiyo-ke-lie.html  (567 words)  total=196
[2026-07-28 20:39:45] Sleeping 10 min until next article...
[2026-07-28 20:41:36] Generating article: NPS रिटायरमेंट खाता कैसे खोलें
[2026-07-28 20:41:36] Wrote static pages: privacy, disclaimer, about, contact, dashboard.
[2026-07-28 20:41:36] Published: posts/nps-rittaayrmett-khaataa-kaise-khole.html  (568 words)  total=197
[2026-07-28 20:41:36] Sleeping 10 min until next article...
[2026-07-28 20:47:06] Generating article: रिटायरमेंट प्लानिंग शुरुआती गाइड
[2026-07-28 20:47:06] Wrote static pages: privacy, disclaimer, about, contact, dashboard.
[2026-07-28 20:47:06] Published: posts/rittaayrmett-plaanig-shuruaatii-gaaidd.html  (581 words)  total=198
[2026-07-28 20:47:06] Sleeping 15 min until next article...
[2026-07-28 20:48:05] Generating article: स्टॉक मार्केट शुरुआत कैसे करें
[2026-07-28 20:48:05] Wrote static pages: privacy, disclaimer, about, contact, dashboard.
[2026-07-28 20:48:05] Published: posts/sttok-maarkett-shuruaat-kaise-kre.html  (582 words)  total=199
[2026-07-28 20:48:05] Sleeping 15 min until next article...
[2026-07-28 20:49:45] Generating article: ELSS टैक्स सेविंग फंड्स टॉप 5
[2026-07-28 20:49:45] Wrote static pages: privacy, disclaimer, about, contact, dashboard.
[2026-07-28 20:49:45] Published: posts/elss-ttaiks-sevig-phdds-ttop-5.html  (570 words)  total=200
[2026-07-28 20:49:45] Sleeping 10 min until next article...
[2026-07-28 20:51:36] Generating article: बीमा (टर्म + हेल्थ) कैसे चुनें — कंप्लीट गाइड
[2026-07-28 20:51:36] Wrote static pages: privacy, disclaimer, about, contact, dashboard.
[2026-07-28 20:51:36] Published: posts/biimaa-ttrm-helth-kaise-cune----kpliitt-gaaidd.html  (589 words)  total=201
[2026-07-28 20:51:36] Sleeping 10 min until next article...
[2026-07-28 20:59:45] Generating article: बेस्ट बजटिंग ऐप्स भारतीयों के लिए
[2026-07-28 20:59:45] Wrote static pages: privacy, disclaimer, about, contact, dashboard.
[2026-07-28 20:59:45] Published: posts/bestt-bjttig-aips-bhaartiiyo-ke-lie.html  (567 words)  total=202
[2026-07-28 20:59:45] Sleeping 10 min until next article...
[2026-07-28 21:01:36] Generating article: पैसive इनकम बनाने की गाइड
[2026-07-28 21:01:36] Wrote static pages: privacy, disclaimer, about, contact, dashboard.
[2026-07-28 21:01:36] Published: posts/paisive-inkm-bnaane-kii-gaaidd.html  (547 words)  total=203
[2026-07-28 21:01:36] Sleeping 10 min until next article...
[2026-07-28 21:02:06] Generating article: बेस्ट बजटिंग ऐप्स भारतीयों के लिए
[2026-07-28 21:02:06] Wrote static pages: privacy, disclaimer, about, contact, dashboard.
[2026-07-28 21:02:06] Published: posts/bestt-bjttig-aips-bhaartiiyo-ke-lie.html  (568 words)  total=204
[2026-07-28 21:02:06] Sleeping 15 min until next article...
[2026-07-28 21:03:05] Generating article: स्टॉक मार्केट शुरुआत कैसे करें
[2026-07-28 21:03:05] Wrote static pages: privacy, disclaimer, about, contact, dashboard.
[2026-07-28 21:03:05] Published: posts/sttok-maarkett-shuruaat-kaise-kre.html  (582 words)  total=205
[2026-07-28 21:03:05] Sleeping 15 min until next article...
[2026-07-28 21:09:45] Generating article: ELSS टैक्स सेविंग फंड्स टॉप 5
[2026-07-28 21:09:45] Wrote static pages: privacy, disclaimer, about, contact, dashboard.
[2026-07-28 21:09:45] Published: posts/elss-ttaiks-sevig-phdds-ttop-5.html  (570 words)  total=206
[2026-07-28 21:09:45] Sleeping 10 min until next article...
[2026-07-28 21:11:36] Generating article: छोटी सैलरी से निवेश कैसे शुरू करें
[2026-07-28 21:11:36] Wrote static pages: privacy, disclaimer, about, contact, dashboard.
[2026-07-28 21:11:36] Published: posts/chottii-sailrii-se-nivesh-kaise-shuruu-kre.html  (558 words)  total=207
[2026-07-28 21:11:36] Sleeping 10 min until next article...
[2026-07-28 21:17:06] Generating article: PPF बनाम म्यूचुअल फंड — क्या बेहतर है
[2026-07-28 21:17:06] Wrote static pages: privacy, disclaimer, about, contact, dashboard.
[2026-07-28 21:17:06] Published: posts/ppf-bnaam-myuucual-phdd----kyaa-behtr-hai.html  (568 words)  total=208
[2026-07-28 21:17:06] Sleeping 15 min until next article...
[2026-07-28 21:18:05] Generating article: स्टॉक मार्केट शुरुआत कैसे करें
[2026-07-28 21:18:05] Wrote static pages: privacy, disclaimer, about, contact, dashboard.
[2026-07-28 21:18:05] Published: posts/sttok-maarkett-shuruaat-kaise-kre.html  (582 words)  total=209
[2026-07-28 21:18:05] Sleeping 15 min until next article...
[2026-07-28 21:19:45] Generating article: बेस्ट बजटिंग ऐप्स भारतीयों के लिए
[2026-07-28 21:19:45] Wrote static pages: privacy, disclaimer, about, contact, dashboard.
[2026-07-28 21:19:45] Published: posts/bestt-bjttig-aips-bhaartiiyo-ke-lie.html  (567 words)  total=210
[2026-07-28 21:19:45] Sleeping 10 min until next article...
[2026-07-28 21:21:36] Generating article: क्रेडिट स्कोर (CIBIL) सुधारने के 7 तरीके
[2026-07-28 21:21:36] Wrote static pages: privacy, disclaimer, about, contact, dashboard.
[2026-07-28 21:21:36] Published: posts/kredditt-skor-cibil-sudhaarne-ke-7-triike.html  (579 words)  total=211
[2026-07-28 21:21:36] Sleeping 10 min until next article...
[2026-07-28 21:29:45] Generating article: ELSS टैक्स सेविंग फंड्स टॉप 5
[2026-07-28 21:29:45] Wrote static pages: privacy, disclaimer, about, contact, dashboard.
[2026-07-28 21:29:45] Published: posts/elss-ttaiks-sevig-phdds-ttop-5.html  (570 words)  total=212
[2026-07-28 21:29:45] Sleeping 10 min until next article...
[2026-07-28 21:31:36] Generating article: क्रिप्टो में निवेश शुरू करने की सावधानियां
[2026-07-28 21:31:36] Wrote static pages: privacy, disclaimer, about, contact, dashboard.
[2026-07-28 21:31:36] Published: posts/kriptto-me-nivesh-shuruu-krne-kii-saavdhaaniyaa.html  (572 words)  total=213
[2026-07-28 21:31:36] Sleeping 10 min until next article...
[2026-07-28 21:32:06] Generating article: छोटी सैलरी से निवेश कैसे शुरू करें
[2026-07-28 21:32:06] Wrote static pages: privacy, disclaimer, about, contact, dashboard.
[2026-07-28 21:32:06] Published: posts/chottii-sailrii-se-nivesh-kaise-shuruu-kre.html  (566 words)  total=214
[2026-07-28 21:32:06] Sleeping 15 min until next article...
[2026-07-28 21:33:05] Generating article: स्टॉक मार्केट शुरुआत कैसे करें
[2026-07-28 21:33:05] Wrote static pages: privacy, disclaimer, about, contact, dashboard.
[2026-07-28 21:33:05] Published: posts/sttok-maarkett-shuruaat-kaise-kre.html  (582 words)  total=215
[2026-07-28 21:33:05] Sleeping 15 min until next article...
[2026-07-28 21:39:45] Generating article: बेस्ट बजटिंग ऐप्स भारतीयों के लिए
[2026-07-28 21:39:45] Wrote static pages: privacy, disclaimer, about, contact, dashboard.
[2026-07-28 21:39:45] Published: posts/bestt-bjttig-aips-bhaartiiyo-ke-lie.html  (567 words)  total=216
[2026-07-28 21:39:45] Sleeping 10 min until next article...
[2026-07-28 21:41:36] Generating article: साइड इनकम के लिए बेस्ट आइडियाज
[2026-07-28 21:41:36] Wrote static pages: privacy, disclaimer, about, contact, dashboard.
[2026-07-28 21:41:36] Published: posts/saaidd-inkm-ke-lie-bestt-aaiddiyaaj.html  (569 words)  total=217
[2026-07-28 21:41:36] Sleeping 10 min until next article...
[2026-07-28 21:47:06] Generating article: गोल्ड में निवेश करने के तरीके
[2026-07-28 21:47:06] Wrote static pages: privacy, disclaimer, about, contact, dashboard.
[2026-07-28 21:47:06] Published: posts/goldd-me-nivesh-krne-ke-triike.html  (552 words)  total=218
[2026-07-28 21:47:06] Sleeping 15 min until next article...
[2026-07-28 21:48:05] Generating article: स्टॉक मार्केट शुरुआत कैसे करें
[2026-07-28 21:48:05] Wrote static pages: privacy, disclaimer, about, contact, dashboard.
[2026-07-28 21:48:05] Published: posts/sttok-maarkett-shuruaat-kaise-kre.html  (582 words)  total=219
[2026-07-28 21:48:05] Sleeping 15 min until next article...
[2026-07-28 21:49:45] Generating article: ELSS टैक्स सेविंग फंड्स टॉप 5
[2026-07-28 21:49:45] Wrote static pages: privacy, disclaimer, about, contact, dashboard.
[2026-07-28 21:49:45] Published: posts/elss-ttaiks-sevig-phdds-ttop-5.html  (570 words)  total=220
[2026-07-28 21:49:45] Sleeping 10 min until next article...
[2026-07-28 21:51:36] Generating article: डिविडेंड स्टॉक्स से पैसिव इनकम
[2026-07-28 21:51:36] Wrote static pages: privacy, disclaimer, about, contact, dashboard.
[2026-07-28 21:51:36] Published: posts/ddividdedd-sttoks-se-paisiv-inkm.html  (578 words)  total=221
[2026-07-28 21:51:36] Sleeping 10 min until next article...
[2026-07-28 21:59:45] Generating article: बेस्ट बजटिंग ऐप्स भारतीयों के लिए
[2026-07-28 21:59:45] Wrote static pages: privacy, disclaimer, about, contact, dashboard.
[2026-07-28 21:59:45] Published: posts/bestt-bjttig-aips-bhaartiiyo-ke-lie.html  (567 words)  total=222
[2026-07-28 21:59:45] Sleeping 10 min until next article...
[2026-07-28 22:01:36] Generating article: रेंट से पैसे बचाने के तरीके
[2026-07-28 22:01:36] Wrote static pages: privacy, disclaimer, about, contact, dashboard.
[2026-07-28 22:01:36] Published: posts/rett-se-paise-bcaane-ke-triike.html  (558 words)  total=223
[2026-07-28 22:01:36] Sleeping 10 min until next article...
[2026-07-28 22:02:06] Generating article: रिटायरमेंट प्लानिंग शुरुआती गाइड
[2026-07-28 22:02:06] Wrote static pages: privacy, disclaimer, about, contact, dashboard.
[2026-07-28 22:02:06] Published: posts/rittaayrmett-plaanig-shuruaatii-gaaidd.html  (581 words)  total=224
[2026-07-28 22:02:06] Sleeping 15 min until next article...
[2026-07-28 22:03:05] Generating article: स्टॉक मार्केट शुरुआत कैसे करें
[2026-07-28 22:03:05] Wrote static pages: privacy, disclaimer, about, contact, dashboard.
[2026-07-28 22:03:05] Published: posts/sttok-maarkett-shuruaat-kaise-kre.html  (582 words)  total=225
[2026-07-28 22:03:05] Sleeping 15 min until next article...
[2026-07-28 22:09:45] Generating article: ELSS टैक्स सेविंग फंड्स टॉप 5
[2026-07-28 22:09:45] Wrote static pages: privacy, disclaimer, about, contact, dashboard.
[2026-07-28 22:09:45] Published: posts/elss-ttaiks-sevig-phdds-ttop-5.html  (570 words)  total=226
[2026-07-28 22:09:45] Sleeping 10 min until next article...
[2026-07-28 22:11:36] Generating article: NPS रिटायरमेंट खाता कैसे खोलें
[2026-07-28 22:11:36] Wrote static pages: privacy, disclaimer, about, contact, dashboard.
[2026-07-28 22:11:36] Published: posts/nps-rittaayrmett-khaataa-kaise-khole.html  (568 words)  total=227
[2026-07-28 22:11:36] Sleeping 10 min until next article...
[2026-07-28 22:17:06] Generating article: बेस्ट बजटिंग ऐप्स भारतीयों के लिए
[2026-07-28 22:17:06] Wrote static pages: privacy, disclaimer, about, contact, dashboard.
[2026-07-28 22:17:06] Published: posts/bestt-bjttig-aips-bhaartiiyo-ke-lie.html  (568 words)  total=228
[2026-07-28 22:17:06] Sleeping 15 min until next article...
[2026-07-28 22:18:05] Generating article: स्टॉक मार्केट शुरुआत कैसे करें
[2026-07-28 22:18:05] Wrote static pages: privacy, disclaimer, about, contact, dashboard.
[2026-07-28 22:18:05] Published: posts/sttok-maarkett-shuruaat-kaise-kre.html  (582 words)  total=229
[2026-07-28 22:18:05] Sleeping 15 min until next article...
[2026-07-28 22:19:45] Generating article: बेस्ट बजटिंग ऐप्स भारतीयों के लिए
[2026-07-28 22:19:45] Wrote static pages: privacy, disclaimer, about, contact, dashboard.
[2026-07-28 22:19:45] Published: posts/bestt-bjttig-aips-bhaartiiyo-ke-lie.html  (567 words)  total=230
[2026-07-28 22:19:45] Sleeping 10 min until next article...
[2026-07-28 22:21:36] Generating article: बीमा (टर्म + हेल्थ) कैसे चुनें — कंप्लीट गाइड
[2026-07-28 22:21:36] Wrote static pages: privacy, disclaimer, about, contact, dashboard.
[2026-07-28 22:21:36] Published: posts/biimaa-ttrm-helth-kaise-cune----kpliitt-gaaidd.html  (589 words)  total=231
[2026-07-28 22:21:36] Sleeping 10 min until next article...
[2026-07-28 22:29:45] Generating article: ELSS टैक्स सेविंग फंड्स टॉप 5
[2026-07-28 22:29:45] Wrote static pages: privacy, disclaimer, about, contact, dashboard.
[2026-07-28 22:29:45] Published: posts/elss-ttaiks-sevig-phdds-ttop-5.html  (570 words)  total=232
[2026-07-28 22:29:45] Sleeping 10 min until next article...
[2026-07-28 22:31:36] Generating article: पैसive इनकम बनाने की गाइड
[2026-07-28 22:31:36] Wrote static pages: privacy, disclaimer, about, contact, dashboard.
[2026-07-28 22:31:36] Published: posts/paisive-inkm-bnaane-kii-gaaidd.html  (547 words)  total=233
[2026-07-28 22:31:36] Sleeping 10 min until next article...
[2026-07-28 22:32:06] Generating article: PPF बनाम म्यूचुअल फंड — क्या बेहतर है
[2026-07-28 22:32:06] Wrote static pages: privacy, disclaimer, about, contact, dashboard.
[2026-07-28 22:32:06] Published: posts/ppf-bnaam-myuucual-phdd----kyaa-behtr-hai.html  (568 words)  total=234
[2026-07-28 22:32:06] Sleeping 15 min until next article...
[2026-07-28 22:33:05] Generating article: स्टॉक मार्केट शुरुआत कैसे करें
[2026-07-28 22:33:05] Wrote static pages: privacy, disclaimer, about, contact, dashboard.
[2026-07-28 22:33:05] Published: posts/sttok-maarkett-shuruaat-kaise-kre.html  (582 words)  total=235
[2026-07-28 22:33:05] Sleeping 15 min until next article...
[2026-07-28 22:39:45] Generating article: बेस्ट बजटिंग ऐप्स भारतीयों के लिए
[2026-07-28 22:39:45] Wrote static pages: privacy, disclaimer, about, contact, dashboard.
[2026-07-28 22:39:45] Published: posts/bestt-bjttig-aips-bhaartiiyo-ke-lie.html  (567 words)  total=236
[2026-07-28 22:39:45] Sleeping 10 min until next article...
[2026-07-28 22:41:36] Generating article: छोटी सैलरी से निवेश कैसे शुरू करें
[2026-07-28 22:41:36] Wrote static pages: privacy, disclaimer, about, contact, dashboard.
[2026-07-28 22:41:36] Published: posts/chottii-sailrii-se-nivesh-kaise-shuruu-kre.html  (558 words)  total=237
[2026-07-28 22:41:36] Sleeping 10 min until next article...
[2026-07-28 22:47:06] Generating article: छोटी सैलरी से निवेश कैसे शुरू करें
[2026-07-28 22:47:06] Wrote static pages: privacy, disclaimer, about, contact, dashboard.
[2026-07-28 22:47:06] Published: posts/chottii-sailrii-se-nivesh-kaise-shuruu-kre.html  (566 words)  total=238
[2026-07-28 22:47:06] Sleeping 15 min until next article...
[2026-07-28 22:48:05] Generating article: स्टॉक मार्केट शुरुआत कैसे करें
[2026-07-28 22:48:05] Wrote static pages: privacy, disclaimer, about, contact, dashboard.
[2026-07-28 22:48:05] Published: posts/sttok-maarkett-shuruaat-kaise-kre.html  (582 words)  total=239
[2026-07-28 22:48:05] Sleeping 15 min until next article...
[2026-07-28 22:49:45] Generating article: ELSS टैक्स सेविंग फंड्स टॉप 5
[2026-07-28 22:49:45] Wrote static pages: privacy, disclaimer, about, contact, dashboard.
[2026-07-28 22:49:45] Published: posts/elss-ttaiks-sevig-phdds-ttop-5.html  (570 words)  total=240
[2026-07-28 22:49:45] Sleeping 10 min until next article...
[2026-07-28 22:51:36] Generating article: क्रेडिट स्कोर (CIBIL) सुधारने के 7 तरीके
[2026-07-28 22:51:36] Wrote static pages: privacy, disclaimer, about, contact, dashboard.
[2026-07-28 22:51:36] Published: posts/kredditt-skor-cibil-sudhaarne-ke-7-triike.html  (579 words)  total=241
[2026-07-28 22:51:36] Sleeping 10 min until next article...
[2026-07-28 22:59:45] Generating article: बेस्ट बजटिंग ऐप्स भारतीयों के लिए
[2026-07-28 22:59:45] Wrote static pages: privacy, disclaimer, about, contact, dashboard.
[2026-07-28 22:59:45] Published: posts/bestt-bjttig-aips-bhaartiiyo-ke-lie.html  (567 words)  total=242
[2026-07-28 22:59:45] Sleeping 10 min until next article...
[2026-07-28 23:01:36] Generating article: क्रिप्टो में निवेश शुरू करने की सावधानियां
[2026-07-28 23:01:36] Wrote static pages: privacy, disclaimer, about, contact, dashboard.
[2026-07-28 23:01:36] Published: posts/kriptto-me-nivesh-shuruu-krne-kii-saavdhaaniyaa.html  (572 words)  total=243
[2026-07-28 23:01:36] Sleeping 10 min until next article...
[2026-07-28 23:02:06] Generating article: गोल्ड में निवेश करने के तरीके
[2026-07-28 23:02:06] Wrote static pages: privacy, disclaimer, about, contact, dashboard.
[2026-07-28 23:02:06] Published: posts/goldd-me-nivesh-krne-ke-triike.html  (552 words)  total=244
[2026-07-28 23:02:06] Sleeping 15 min until next article...
[2026-07-28 23:03:05] Generating article: स्टॉक मार्केट शुरुआत कैसे करें
[2026-07-28 23:03:05] Wrote static pages: privacy, disclaimer, about, contact, dashboard.
[2026-07-28 23:03:05] Published: posts/sttok-maarkett-shuruaat-kaise-kre.html  (582 words)  total=245
[2026-07-28 23:03:05] Sleeping 15 min until next article...
[2026-07-28 23:09:45] Generating article: ELSS टैक्स सेविंग फंड्स टॉप 5
[2026-07-28 23:09:45] Wrote static pages: privacy, disclaimer, about, contact, dashboard.
[2026-07-28 23:09:45] Published: posts/elss-ttaiks-sevig-phdds-ttop-5.html  (570 words)  total=246
[2026-07-28 23:09:45] Sleeping 10 min until next article...
[2026-07-28 23:11:36] Generating article: साइड इनकम के लिए बेस्ट आइडियाज
[2026-07-28 23:11:36] Wrote static pages: privacy, disclaimer, about, contact, dashboard.
[2026-07-28 23:11:36] Published: posts/saaidd-inkm-ke-lie-bestt-aaiddiyaaj.html  (569 words)  total=247
[2026-07-28 23:11:36] Sleeping 10 min until next article...
[2026-07-28 23:15:43] Wrote static pages: privacy, disclaimer, about, contact, dashboard.
[2026-07-28 23:15:43] Rebuilt site with 38 posts (new template).
[2026-07-28 23:17:06] Generating article: रिटायरमेंट प्लानिंग शुरुआती गाइड
[2026-07-28 23:17:06] Wrote static pages: privacy, disclaimer, about, contact, dashboard.
[2026-07-28 23:17:06] Published: posts/rittaayrmett-plaanig-shuruaatii-gaaidd.html  (581 words)  total=248
[2026-07-28 23:17:06] Sleeping 15 min until next article...
[2026-07-28 23:18:05] Generating article: स्टॉक मार्केट शुरुआत कैसे करें
[2026-07-28 23:18:05] Wrote static pages: privacy, disclaimer, about, contact, dashboard.
[2026-07-28 23:18:05] Published: posts/sttok-maarkett-shuruaat-kaise-kre.html  (582 words)  total=249
[2026-07-28 23:18:05] Sleeping 15 min until next article...
[2026-07-28 23:19:45] Generating article: बेस्ट बजटिंग ऐप्स भारतीयों के लिए
[2026-07-28 23:19:45] Wrote static pages: privacy, disclaimer, about, contact, dashboard.
[2026-07-28 23:19:45] Published: posts/bestt-bjttig-aips-bhaartiiyo-ke-lie.html  (567 words)  total=250
[2026-07-28 23:19:45] Sleeping 10 min until next article...
[2026-07-28 23:21:36] Generating article: डिविडेंड स्टॉक्स से पैसिव इनकम
[2026-07-28 23:21:36] Wrote static pages: privacy, disclaimer, about, contact, dashboard.
[2026-07-28 23:21:36] Published: posts/ddividdedd-sttoks-se-paisiv-inkm.html  (578 words)  total=251
[2026-07-28 23:21:36] Sleeping 10 min until next article...
[2026-07-28 23:29:45] Generating article: ELSS टैक्स सेविंग फंड्स टॉप 5
[2026-07-28 23:29:45] Wrote static pages: privacy, disclaimer, about, contact, dashboard.
[2026-07-28 23:29:45] Published: posts/elss-ttaiks-sevig-phdds-ttop-5.html  (570 words)  total=252
[2026-07-28 23:29:45] Sleeping 10 min until next article...
[2026-07-28 23:31:36] Generating article: रेंट से पैसे बचाने के तरीके
[2026-07-28 23:31:36] Wrote static pages: privacy, disclaimer, about, contact, dashboard.
[2026-07-28 23:31:36] Published: posts/rett-se-paise-bcaane-ke-triike.html  (558 words)  total=253
[2026-07-28 23:31:36] Sleeping 10 min until next article...
[2026-07-28 23:32:06] Generating article: बेस्ट बजटिंग ऐप्स भारतीयों के लिए
[2026-07-28 23:32:06] Wrote static pages: privacy, disclaimer, about, contact, dashboard.
[2026-07-28 23:32:06] Published: posts/bestt-bjttig-aips-bhaartiiyo-ke-lie.html  (568 words)  total=254
[2026-07-28 23:32:06] Sleeping 15 min until next article...
[2026-07-28 23:33:05] Generating article: स्टॉक मार्केट शुरुआत कैसे करें
[2026-07-28 23:33:05] Wrote static pages: privacy, disclaimer, about, contact, dashboard.
[2026-07-28 23:33:05] Published: posts/sttok-maarkett-shuruaat-kaise-kre.html  (582 words)  total=255
[2026-07-28 23:33:05] Sleeping 15 min until next article...
[2026-07-28 23:39:45] Generating article: बेस्ट बजटिंग ऐप्स भारतीयों के लिए
[2026-07-28 23:39:45] Wrote static pages: privacy, disclaimer, about, contact, dashboard.
[2026-07-28 23:39:45] Published: posts/bestt-bjttig-aips-bhaartiiyo-ke-lie.html  (567 words)  total=256
[2026-07-28 23:39:45] Sleeping 10 min until next article...
[2026-07-28 23:41:36] Generating article: NPS रिटायरमेंट खाता कैसे खोलें
[2026-07-28 23:41:36] Wrote static pages: privacy, disclaimer, about, contact, dashboard.
[2026-07-28 23:41:36] Published: posts/nps-rittaayrmett-khaataa-kaise-khole.html  (568 words)  total=257
[2026-07-28 23:41:36] Sleeping 10 min until next article...
[2026-07-28 23:47:06] Generating article: PPF बनाम म्यूचुअल फंड — क्या बेहतर है
[2026-07-28 23:47:06] Wrote static pages: privacy, disclaimer, about, contact, dashboard.
[2026-07-28 23:47:06] Published: posts/ppf-bnaam-myuucual-phdd----kyaa-behtr-hai.html  (568 words)  total=258
[2026-07-28 23:47:06] Sleeping 15 min until next article...
[2026-07-28 23:48:05] Generating article: स्टॉक मार्केट शुरुआत कैसे करें
[2026-07-28 23:48:05] Wrote static pages: privacy, disclaimer, about, contact, dashboard.
[2026-07-28 23:48:05] Published: posts/sttok-maarkett-shuruaat-kaise-kre.html  (582 words)  total=259
[2026-07-28 23:48:05] Sleeping 15 min until next article...
[2026-07-28 23:49:45] Generating article: ELSS टैक्स सेविंग फंड्स टॉप 5
[2026-07-28 23:49:45] Wrote static pages: privacy, disclaimer, about, contact, dashboard.
[2026-07-28 23:49:45] Published: posts/elss-ttaiks-sevig-phdds-ttop-5.html  (570 words)  total=260
[2026-07-28 23:49:45] Sleeping 10 min until next article...
[2026-07-28 23:51:36] Generating article: बीमा (टर्म + हेल्थ) कैसे चुनें — कंप्लीट गाइड
[2026-07-28 23:51:36] Wrote static pages: privacy, disclaimer, about, contact, dashboard.
[2026-07-28 23:51:36] Published: posts/biimaa-ttrm-helth-kaise-cune----kpliitt-gaaidd.html  (589 words)  total=261
[2026-07-28 23:51:36] Sleeping 10 min until next article...
[2026-07-28 23:59:45] Generating article: बेस्ट बजटिंग ऐप्स भारतीयों के लिए
[2026-07-28 23:59:45] Wrote static pages: privacy, disclaimer, about, contact, dashboard.
[2026-07-28 23:59:45] Published: posts/bestt-bjttig-aips-bhaartiiyo-ke-lie.html  (567 words)  total=262
[2026-07-28 23:59:45] Sleeping 10 min until next article...
[2026-07-29 00:01:36] Generating article: पैसive इनकम बनाने की गाइड
[2026-07-29 00:01:36] Wrote static pages: privacy, disclaimer, about, contact, dashboard.
[2026-07-29 00:01:36] Published: posts/paisive-inkm-bnaane-kii-gaaidd.html  (547 words)  total=263
[2026-07-29 00:01:36] Sleeping 10 min until next article...
[2026-07-29 00:02:06] Generating article: छोटी सैलरी से निवेश कैसे शुरू करें
[2026-07-29 00:02:06] Wrote static pages: privacy, disclaimer, about, contact, dashboard.
[2026-07-29 00:02:06] Published: posts/chottii-sailrii-se-nivesh-kaise-shuruu-kre.html  (566 words)  total=264
[2026-07-29 00:02:06] Sleeping 15 min until next article...
[2026-07-29 00:03:05] Generating article: स्टॉक मार्केट शुरुआत कैसे करें
[2026-07-29 00:03:05] Wrote static pages: privacy, disclaimer, about, contact, dashboard.
[2026-07-29 00:03:05] Published: posts/sttok-maarkett-shuruaat-kaise-kre.html  (582 words)  total=265
[2026-07-29 00:03:05] Sleeping 15 min until next article...
[2026-07-29 00:09:45] Generating article: ELSS टैक्स सेविंग फंड्स टॉप 5
[2026-07-29 00:09:45] Wrote static pages: privacy, disclaimer, about, contact, dashboard.
[2026-07-29 00:09:45] Published: posts/elss-ttaiks-sevig-phdds-ttop-5.html  (570 words)  total=266
[2026-07-29 00:09:45] Sleeping 10 min until next article...
[2026-07-29 00:11:36] Generating article: छोटी सैलरी से निवेश कैसे शुरू करें
[2026-07-29 00:11:36] Wrote static pages: privacy, disclaimer, about, contact, dashboard.
[2026-07-29 00:11:36] Published: posts/chottii-sailrii-se-nivesh-kaise-shuruu-kre.html  (558 words)  total=267
[2026-07-29 00:11:36] Sleeping 10 min until next article...
[2026-07-29 00:17:06] Generating article: गोल्ड में निवेश करने के तरीके
[2026-07-29 00:17:06] Wrote static pages: privacy, disclaimer, about, contact, dashboard.
[2026-07-29 00:17:06] Published: posts/goldd-me-nivesh-krne-ke-triike.html  (552 words)  total=268
[2026-07-29 00:17:06] Sleeping 15 min until next article...
[2026-07-29 00:18:05] Generating article: स्टॉक मार्केट शुरुआत कैसे करें
[2026-07-29 00:18:05] Wrote static pages: privacy, disclaimer, about, contact, dashboard.
[2026-07-29 00:18:05] Published: posts/sttok-maarkett-shuruaat-kaise-kre.html  (582 words)  total=269
[2026-07-29 00:18:05] Sleeping 15 min until next article...
[2026-07-29 00:19:45] Generating article: बेस्ट बजटिंग ऐप्स भारतीयों के लिए
[2026-07-29 00:19:45] Wrote static pages: privacy, disclaimer, about, contact, dashboard.
[2026-07-29 00:19:45] Published: posts/bestt-bjttig-aips-bhaartiiyo-ke-lie.html  (567 words)  total=270
[2026-07-29 00:19:45] Sleeping 10 min until next article...
[2026-07-29 00:29:45] Generating article: ELSS टैक्स सेविंग फंड्स टॉप 5
[2026-07-29 00:29:45] Wrote static pages: privacy, disclaimer, about, contact, dashboard.
[2026-07-29 00:29:45] Published: posts/elss-ttaiks-sevig-phdds-ttop-5.html  (570 words)  total=271
[2026-07-29 00:29:45] Sleeping 10 min until next article...
[2026-07-29 00:32:06] Generating article: रिटायरमेंट प्लानिंग शुरुआती गाइड
[2026-07-29 00:32:06] Wrote static pages: privacy, disclaimer, about, contact, dashboard.
[2026-07-29 00:32:06] Published: posts/rittaayrmett-plaanig-shuruaatii-gaaidd.html  (581 words)  total=272
[2026-07-29 00:32:06] Sleeping 15 min until next article...
[2026-07-29 00:33:05] Generating article: स्टॉक मार्केट शुरुआत कैसे करें
[2026-07-29 00:33:05] Wrote static pages: privacy, disclaimer, about, contact, dashboard.
[2026-07-29 00:33:05] Published: posts/sttok-maarkett-shuruaat-kaise-kre.html  (582 words)  total=273
[2026-07-29 00:33:05] Sleeping 15 min until next article...
[2026-07-29 00:39:45] Generating article: बेस्ट बजटिंग ऐप्स भारतीयों के लिए
[2026-07-29 00:39:45] Wrote static pages: privacy, disclaimer, about, contact, dashboard.
[2026-07-29 00:39:45] Published: posts/bestt-bjttig-aips-bhaartiiyo-ke-lie.html  (567 words)  total=274
[2026-07-29 00:39:45] Sleeping 10 min until next article...
[2026-07-29 00:47:06] Generating article: बेस्ट बजटिंग ऐप्स भारतीयों के लिए
[2026-07-29 00:47:06] Wrote static pages: privacy, disclaimer, about, contact, dashboard.
[2026-07-29 00:47:06] Published: posts/bestt-bjttig-aips-bhaartiiyo-ke-lie.html  (568 words)  total=275
[2026-07-29 00:47:06] Sleeping 15 min until next article...
[2026-07-29 00:48:05] Generating article: स्टॉक मार्केट शुरुआत कैसे करें
[2026-07-29 00:48:05] Wrote static pages: privacy, disclaimer, about, contact, dashboard.
[2026-07-29 00:48:05] Published: posts/sttok-maarkett-shuruaat-kaise-kre.html  (582 words)  total=276
[2026-07-29 00:48:05] Sleeping 15 min until next article...
[2026-07-29 00:49:45] Generating article: ELSS टैक्स सेविंग फंड्स टॉप 5
[2026-07-29 00:49:45] Wrote static pages: privacy, disclaimer, about, contact, dashboard.
[2026-07-29 00:49:45] Published: posts/elss-ttaiks-sevig-phdds-ttop-5.html  (570 words)  total=277
[2026-07-29 00:49:45] Sleeping 10 min until next article...
[2026-07-29 00:59:45] Generating article: बेस्ट बजटिंग ऐप्स भारतीयों के लिए
[2026-07-29 00:59:45] Wrote static pages: privacy, disclaimer, about, contact, dashboard.
[2026-07-29 00:59:45] Published: posts/bestt-bjttig-aips-bhaartiiyo-ke-lie.html  (567 words)  total=278
[2026-07-29 00:59:45] Sleeping 10 min until next article...
[2026-07-29 01:02:06] Generating article: PPF बनाम म्यूचुअल फंड — क्या बेहतर है
[2026-07-29 01:02:06] Wrote static pages: privacy, disclaimer, about, contact, dashboard.
[2026-07-29 01:02:06] Published: posts/ppf-bnaam-myuucual-phdd----kyaa-behtr-hai.html  (568 words)  total=279
[2026-07-29 01:02:06] Sleeping 15 min until next article...
[2026-07-29 01:03:05] Generating article: स्टॉक मार्केट शुरुआत कैसे करें
[2026-07-29 01:03:05] Wrote static pages: privacy, disclaimer, about, contact, dashboard.
[2026-07-29 01:03:05] Published: posts/sttok-maarkett-shuruaat-kaise-kre.html  (582 words)  total=280
[2026-07-29 01:03:05] Sleeping 15 min until next article...
[2026-07-29 01:09:45] Generating article: ELSS टैक्स सेविंग फंड्स टॉप 5
[2026-07-29 01:09:45] Wrote static pages: privacy, disclaimer, about, contact, dashboard.
[2026-07-29 01:09:45] Published: posts/elss-ttaiks-sevig-phdds-ttop-5.html  (570 words)  total=281
[2026-07-29 01:09:45] Sleeping 10 min until next article...
[2026-07-29 01:17:06] Generating article: छोटी सैलरी से निवेश कैसे शुरू करें
[2026-07-29 01:17:06] Wrote static pages: privacy, disclaimer, about, contact, dashboard.
[2026-07-29 01:17:06] Published: posts/chottii-sailrii-se-nivesh-kaise-shuruu-kre.html  (566 words)  total=282
[2026-07-29 01:17:06] Sleeping 15 min until next article...
[2026-07-29 01:18:05] Generating article: स्टॉक मार्केट शुरुआत कैसे करें
[2026-07-29 01:18:05] Wrote static pages: privacy, disclaimer, about, contact, dashboard.
[2026-07-29 01:18:05] Published: posts/sttok-maarkett-shuruaat-kaise-kre.html  (582 words)  total=283
[2026-07-29 01:18:05] Sleeping 15 min until next article...
[2026-07-29 01:19:45] Generating article: बेस्ट बजटिंग ऐप्स भारतीयों के लिए
[2026-07-29 01:19:45] Wrote static pages: privacy, disclaimer, about, contact, dashboard.
[2026-07-29 01:19:45] Published: posts/bestt-bjttig-aips-bhaartiiyo-ke-lie.html  (567 words)  total=284
[2026-07-29 01:19:45] Sleeping 10 min until next article...
[2026-07-29 01:29:45] Generating article: ELSS टैक्स सेविंग फंड्स टॉप 5
[2026-07-29 01:29:45] Wrote static pages: privacy, disclaimer, about, contact, dashboard.
[2026-07-29 01:29:45] Published: posts/elss-ttaiks-sevig-phdds-ttop-5.html  (570 words)  total=285
[2026-07-29 01:29:45] Sleeping 10 min until next article...
[2026-07-29 01:32:06] Generating article: गोल्ड में निवेश करने के तरीके
[2026-07-29 01:32:06] Wrote static pages: privacy, disclaimer, about, contact, dashboard.
[2026-07-29 01:32:06] Published: posts/goldd-me-nivesh-krne-ke-triike.html  (552 words)  total=286
[2026-07-29 01:32:06] Sleeping 15 min until next article...
[2026-07-29 01:33:05] Generating article: स्टॉक मार्केट शुरुआत कैसे करें
[2026-07-29 01:33:05] Wrote static pages: privacy, disclaimer, about, contact, dashboard.
[2026-07-29 01:33:05] Published: posts/sttok-maarkett-shuruaat-kaise-kre.html  (582 words)  total=287
[2026-07-29 01:33:05] Sleeping 15 min until next article...
[2026-07-29 01:39:45] Generating article: बेस्ट बजटिंग ऐप्स भारतीयों के लिए
[2026-07-29 01:39:45] Wrote static pages: privacy, disclaimer, about, contact, dashboard.
[2026-07-29 01:39:45] Published: posts/bestt-bjttig-aips-bhaartiiyo-ke-lie.html  (567 words)  total=288
[2026-07-29 01:39:45] Sleeping 10 min until next article...
[2026-07-29 01:47:06] Generating article: रिटायरमेंट प्लानिंग शुरुआती गाइड
[2026-07-29 01:47:06] Wrote static pages: privacy, disclaimer, about, contact, dashboard.
[2026-07-29 01:47:06] Published: posts/rittaayrmett-plaanig-shuruaatii-gaaidd.html  (581 words)  total=289
[2026-07-29 01:47:06] Sleeping 15 min until next article...
[2026-07-29 01:48:05] Generating article: स्टॉक मार्केट शुरुआत कैसे करें
[2026-07-29 01:48:05] Wrote static pages: privacy, disclaimer, about, contact, dashboard.
[2026-07-29 01:48:05] Published: posts/sttok-maarkett-shuruaat-kaise-kre.html  (582 words)  total=290
[2026-07-29 01:48:05] Sleeping 15 min until next article...
[2026-07-29 01:49:45] Generating article: ELSS टैक्स सेविंग फंड्स टॉप 5
[2026-07-29 01:49:46] Wrote static pages: privacy, disclaimer, about, contact, dashboard.
[2026-07-29 01:49:46] Published: posts/elss-ttaiks-sevig-phdds-ttop-5.html  (570 words)  total=291
[2026-07-29 01:49:46] Sleeping 10 min until next article...
[2026-07-29 01:59:46] Generating article: बेस्ट बजटिंग ऐप्स भारतीयों के लिए
[2026-07-29 01:59:46] Wrote static pages: privacy, disclaimer, about, contact, dashboard.
[2026-07-29 01:59:46] Published: posts/bestt-bjttig-aips-bhaartiiyo-ke-lie.html  (567 words)  total=292
[2026-07-29 01:59:46] Sleeping 10 min until next article...
[2026-07-29 02:02:06] Generating article: बेस्ट बजटिंग ऐप्स भारतीयों के लिए
[2026-07-29 02:02:06] Wrote static pages: privacy, disclaimer, about, contact, dashboard.
[2026-07-29 02:02:06] Published: posts/bestt-bjttig-aips-bhaartiiyo-ke-lie.html  (568 words)  total=293
[2026-07-29 02:02:06] Sleeping 15 min until next article...
[2026-07-29 02:03:05] Generating article: स्टॉक मार्केट शुरुआत कैसे करें
[2026-07-29 02:03:05] Wrote static pages: privacy, disclaimer, about, contact, dashboard.
[2026-07-29 02:03:05] Published: posts/sttok-maarkett-shuruaat-kaise-kre.html  (582 words)  total=294
[2026-07-29 02:03:05] Sleeping 15 min until next article...
[2026-07-29 02:09:46] Generating article: ELSS टैक्स सेविंग फंड्स टॉप 5
[2026-07-29 02:09:46] Wrote static pages: privacy, disclaimer, about, contact, dashboard.
[2026-07-29 02:09:46] Published: posts/elss-ttaiks-sevig-phdds-ttop-5.html  (570 words)  total=295
[2026-07-29 02:09:46] Sleeping 10 min until next article...
[2026-07-29 02:17:06] Generating article: PPF बनाम म्यूचुअल फंड — क्या बेहतर है
[2026-07-29 02:17:06] Wrote static pages: privacy, disclaimer, about, contact, dashboard.
[2026-07-29 02:17:06] Published: posts/ppf-bnaam-myuucual-phdd----kyaa-behtr-hai.html  (568 words)  total=296
[2026-07-29 02:17:06] Sleeping 15 min until next article...
[2026-07-29 02:18:05] Generating article: स्टॉक मार्केट शुरुआत कैसे करें
[2026-07-29 02:18:05] Wrote static pages: privacy, disclaimer, about, contact, dashboard.
[2026-07-29 02:18:05] Published: posts/sttok-maarkett-shuruaat-kaise-kre.html  (582 words)  total=297
[2026-07-29 02:18:05] Sleeping 15 min until next article...
[2026-07-29 02:19:46] Generating article: बेस्ट बजटिंग ऐप्स भारतीयों के लिए
[2026-07-29 02:19:46] Wrote static pages: privacy, disclaimer, about, contact, dashboard.
[2026-07-29 02:19:46] Published: posts/bestt-bjttig-aips-bhaartiiyo-ke-lie.html  (567 words)  total=298
[2026-07-29 02:19:46] Sleeping 10 min until next article...
[2026-07-29 02:29:46] Generating article: ELSS टैक्स सेविंग फंड्स टॉप 5
[2026-07-29 02:29:46] Wrote static pages: privacy, disclaimer, about, contact, dashboard.
[2026-07-29 02:29:46] Published: posts/elss-ttaiks-sevig-phdds-ttop-5.html  (570 words)  total=299
[2026-07-29 02:29:46] Sleeping 10 min until next article...
[2026-07-29 02:32:06] Generating article: छोटी सैलरी से निवेश कैसे शुरू करें
[2026-07-29 02:32:06] Wrote static pages: privacy, disclaimer, about, contact, dashboard.
[2026-07-29 02:32:06] Published: posts/chottii-sailrii-se-nivesh-kaise-shuruu-kre.html  (566 words)  total=300
[2026-07-29 02:32:06] Sleeping 15 min until next article...
[2026-07-29 02:33:05] Generating article: स्टॉक मार्केट शुरुआत कैसे करें
[2026-07-29 02:33:05] Wrote static pages: privacy, disclaimer, about, contact, dashboard.
[2026-07-29 02:33:05] Published: posts/sttok-maarkett-shuruaat-kaise-kre.html  (582 words)  total=301
[2026-07-29 02:33:05] Sleeping 15 min until next article...
[2026-07-29 02:39:46] Generating article: बेस्ट बजटिंग ऐप्स भारतीयों के लिए
[2026-07-29 02:39:46] Wrote static pages: privacy, disclaimer, about, contact, dashboard.
[2026-07-29 02:39:46] Published: posts/bestt-bjttig-aips-bhaartiiyo-ke-lie.html  (567 words)  total=302
[2026-07-29 02:39:46] Sleeping 10 min until next article...
[2026-07-29 02:47:06] Generating article: गोल्ड में निवेश करने के तरीके
[2026-07-29 02:47:06] Wrote static pages: privacy, disclaimer, about, contact, dashboard.
[2026-07-29 02:47:06] Published: posts/goldd-me-nivesh-krne-ke-triike.html  (552 words)  total=303
[2026-07-29 02:47:06] Sleeping 15 min until next article...
[2026-07-29 02:48:05] Generating article: स्टॉक मार्केट शुरुआत कैसे करें
[2026-07-29 02:48:05] Wrote static pages: privacy, disclaimer, about, contact, dashboard.
[2026-07-29 02:48:05] Published: posts/sttok-maarkett-shuruaat-kaise-kre.html  (582 words)  total=304
[2026-07-29 02:48:05] Sleeping 15 min until next article...
[2026-07-29 02:49:46] Generating article: ELSS टैक्स सेविंग फंड्स टॉप 5
[2026-07-29 02:49:46] Wrote static pages: privacy, disclaimer, about, contact, dashboard.
[2026-07-29 02:49:46] Published: posts/elss-ttaiks-sevig-phdds-ttop-5.html  (570 words)  total=305
[2026-07-29 02:49:46] Sleeping 10 min until next article...
[2026-07-29 02:59:46] Generating article: बेस्ट बजटिंग ऐप्स भारतीयों के लिए
[2026-07-29 02:59:46] Wrote static pages: privacy, disclaimer, about, contact, dashboard.
[2026-07-29 02:59:46] Published: posts/bestt-bjttig-aips-bhaartiiyo-ke-lie.html  (567 words)  total=306
[2026-07-29 02:59:46] Sleeping 10 min until next article...
[2026-07-29 03:02:06] Generating article: रिटायरमेंट प्लानिंग शुरुआती गाइड
[2026-07-29 03:02:06] Wrote static pages: privacy, disclaimer, about, contact, dashboard.
[2026-07-29 03:02:06] Published: posts/rittaayrmett-plaanig-shuruaatii-gaaidd.html  (581 words)  total=307
[2026-07-29 03:02:06] Sleeping 15 min until next article...
[2026-07-29 03:03:05] Generating article: स्टॉक मार्केट शुरुआत कैसे करें
[2026-07-29 03:03:05] Wrote static pages: privacy, disclaimer, about, contact, dashboard.
[2026-07-29 03:03:05] Published: posts/sttok-maarkett-shuruaat-kaise-kre.html  (582 words)  total=308
[2026-07-29 03:03:05] Sleeping 15 min until next article...
[2026-07-29 03:09:46] Generating article: ELSS टैक्स सेविंग फंड्स टॉप 5
[2026-07-29 03:09:46] Wrote static pages: privacy, disclaimer, about, contact, dashboard.
[2026-07-29 03:09:46] Published: posts/elss-ttaiks-sevig-phdds-ttop-5.html  (570 words)  total=309
[2026-07-29 03:09:46] Sleeping 10 min until next article...
[2026-07-29 03:17:06] Generating article: बेस्ट बजटिंग ऐप्स भारतीयों के लिए
[2026-07-29 03:17:06] Wrote static pages: privacy, disclaimer, about, contact, dashboard.
[2026-07-29 03:17:06] Published: posts/bestt-bjttig-aips-bhaartiiyo-ke-lie.html  (568 words)  total=310
[2026-07-29 03:17:06] Sleeping 15 min until next article...
[2026-07-29 03:18:05] Generating article: स्टॉक मार्केट शुरुआत कैसे करें
[2026-07-29 03:18:05] Wrote static pages: privacy, disclaimer, about, contact, dashboard.
[2026-07-29 03:18:05] Published: posts/sttok-maarkett-shuruaat-kaise-kre.html  (582 words)  total=311
[2026-07-29 03:18:05] Sleeping 15 min until next article...
[2026-07-29 03:19:46] Generating article: बेस्ट बजटिंग ऐप्स भारतीयों के लिए
[2026-07-29 03:19:46] Wrote static pages: privacy, disclaimer, about, contact, dashboard.
[2026-07-29 03:19:46] Published: posts/bestt-bjttig-aips-bhaartiiyo-ke-lie.html  (567 words)  total=312
[2026-07-29 03:19:46] Sleeping 10 min until next article...
[2026-07-29 03:29:46] Generating article: ELSS टैक्स सेविंग फंड्स टॉप 5
[2026-07-29 03:29:46] Wrote static pages: privacy, disclaimer, about, contact, dashboard.
[2026-07-29 03:29:46] Published: posts/elss-ttaiks-sevig-phdds-ttop-5.html  (570 words)  total=313
[2026-07-29 03:29:46] Sleeping 10 min until next article...
[2026-07-29 03:32:06] Generating article: PPF बनाम म्यूचुअल फंड — क्या बेहतर है
[2026-07-29 03:32:06] Wrote static pages: privacy, disclaimer, about, contact, dashboard.
[2026-07-29 03:32:06] Published: posts/ppf-bnaam-myuucual-phdd----kyaa-behtr-hai.html  (568 words)  total=314
[2026-07-29 03:32:06] Sleeping 15 min until next article...
[2026-07-29 03:33:05] Generating article: स्टॉक मार्केट शुरुआत कैसे करें
[2026-07-29 03:33:05] Wrote static pages: privacy, disclaimer, about, contact, dashboard.
[2026-07-29 03:33:05] Published: posts/sttok-maarkett-shuruaat-kaise-kre.html  (582 words)  total=315
[2026-07-29 03:33:05] Sleeping 15 min until next article...
[2026-07-29 03:39:46] Generating article: बेस्ट बजटिंग ऐप्स भारतीयों के लिए
[2026-07-29 03:39:46] Wrote static pages: privacy, disclaimer, about, contact, dashboard.
[2026-07-29 03:39:46] Published: posts/bestt-bjttig-aips-bhaartiiyo-ke-lie.html  (567 words)  total=316
[2026-07-29 03:39:46] Sleeping 10 min until next article...
[2026-07-29 03:47:06] Generating article: छोटी सैलरी से निवेश कैसे शुरू करें
[2026-07-29 03:47:06] Wrote static pages: privacy, disclaimer, about, contact, dashboard.
[2026-07-29 03:47:06] Published: posts/chottii-sailrii-se-nivesh-kaise-shuruu-kre.html  (566 words)  total=317
[2026-07-29 03:47:06] Sleeping 15 min until next article...
[2026-07-29 03:48:05] Generating article: स्टॉक मार्केट शुरुआत कैसे करें
[2026-07-29 03:48:05] Wrote static pages: privacy, disclaimer, about, contact, dashboard.
[2026-07-29 03:48:05] Published: posts/sttok-maarkett-shuruaat-kaise-kre.html  (582 words)  total=318
[2026-07-29 03:48:05] Sleeping 15 min until next article...
[2026-07-29 03:49:46] Generating article: ELSS टैक्स सेविंग फंड्स टॉप 5
[2026-07-29 03:49:46] Wrote static pages: privacy, disclaimer, about, contact, dashboard.
[2026-07-29 03:49:46] Published: posts/elss-ttaiks-sevig-phdds-ttop-5.html  (570 words)  total=319
[2026-07-29 03:49:46] Sleeping 10 min until next article...
[2026-07-29 03:59:46] Generating article: बेस्ट बजटिंग ऐप्स भारतीयों के लिए
[2026-07-29 03:59:46] Wrote static pages: privacy, disclaimer, about, contact, dashboard.
[2026-07-29 03:59:46] Published: posts/bestt-bjttig-aips-bhaartiiyo-ke-lie.html  (567 words)  total=320
[2026-07-29 03:59:46] Sleeping 10 min until next article...
[2026-07-29 04:02:06] Generating article: गोल्ड में निवेश करने के तरीके
[2026-07-29 04:02:06] Wrote static pages: privacy, disclaimer, about, contact, dashboard.
[2026-07-29 04:02:06] Published: posts/goldd-me-nivesh-krne-ke-triike.html  (552 words)  total=321
[2026-07-29 04:02:06] Sleeping 15 min until next article...
[2026-07-29 04:03:05] Generating article: स्टॉक मार्केट शुरुआत कैसे करें
[2026-07-29 04:03:05] Wrote static pages: privacy, disclaimer, about, contact, dashboard.
[2026-07-29 04:03:05] Published: posts/sttok-maarkett-shuruaat-kaise-kre.html  (582 words)  total=322
[2026-07-29 04:03:05] Sleeping 15 min until next article...
[2026-07-29 04:09:46] Generating article: ELSS टैक्स सेविंग फंड्स टॉप 5
[2026-07-29 04:09:46] Wrote static pages: privacy, disclaimer, about, contact, dashboard.
[2026-07-29 04:09:46] Published: posts/elss-ttaiks-sevig-phdds-ttop-5.html  (570 words)  total=323
[2026-07-29 04:09:46] Sleeping 10 min until next article...
[2026-07-29 04:17:06] Generating article: रिटायरमेंट प्लानिंग शुरुआती गाइड
[2026-07-29 04:17:06] Wrote static pages: privacy, disclaimer, about, contact, dashboard.
[2026-07-29 04:17:06] Published: posts/rittaayrmett-plaanig-shuruaatii-gaaidd.html  (581 words)  total=324
[2026-07-29 04:17:06] Sleeping 15 min until next article...
[2026-07-29 04:18:05] Generating article: स्टॉक मार्केट शुरुआत कैसे करें
[2026-07-29 04:18:05] Wrote static pages: privacy, disclaimer, about, contact, dashboard.
[2026-07-29 04:18:05] Published: posts/sttok-maarkett-shuruaat-kaise-kre.html  (582 words)  total=325
[2026-07-29 04:18:05] Sleeping 15 min until next article...
[2026-07-29 04:19:46] Generating article: बेस्ट बजटिंग ऐप्स भारतीयों के लिए
[2026-07-29 04:19:46] Wrote static pages: privacy, disclaimer, about, contact, dashboard.
[2026-07-29 04:19:46] Published: posts/bestt-bjttig-aips-bhaartiiyo-ke-lie.html  (567 words)  total=326
[2026-07-29 04:19:46] Sleeping 10 min until next article...
[2026-07-29 04:29:46] Generating article: ELSS टैक्स सेविंग फंड्स टॉप 5
[2026-07-29 04:29:46] Wrote static pages: privacy, disclaimer, about, contact, dashboard.
[2026-07-29 04:29:46] Published: posts/elss-ttaiks-sevig-phdds-ttop-5.html  (570 words)  total=327
[2026-07-29 04:29:46] Sleeping 10 min until next article...
[2026-07-29 04:32:06] Generating article: बेस्ट बजटिंग ऐप्स भारतीयों के लिए
[2026-07-29 04:32:06] Wrote static pages: privacy, disclaimer, about, contact, dashboard.
[2026-07-29 04:32:06] Published: posts/bestt-bjttig-aips-bhaartiiyo-ke-lie.html  (568 words)  total=328
[2026-07-29 04:32:06] Sleeping 15 min until next article...
[2026-07-29 04:33:05] Generating article: स्टॉक मार्केट शुरुआत कैसे करें
[2026-07-29 04:33:05] Wrote static pages: privacy, disclaimer, about, contact, dashboard.
[2026-07-29 04:33:05] Published: posts/sttok-maarkett-shuruaat-kaise-kre.html  (582 words)  total=329
[2026-07-29 04:33:05] Sleeping 15 min until next article...
[2026-07-29 04:39:46] Generating article: बेस्ट बजटिंग ऐप्स भारतीयों के लिए
[2026-07-29 04:39:46] Wrote static pages: privacy, disclaimer, about, contact, dashboard.
[2026-07-29 04:39:46] Published: posts/bestt-bjttig-aips-bhaartiiyo-ke-lie.html  (567 words)  total=330
[2026-07-29 04:39:46] Sleeping 10 min until next article...
[2026-07-29 04:47:06] Generating article: PPF बनाम म्यूचुअल फंड — क्या बेहतर है
[2026-07-29 04:47:06] Wrote static pages: privacy, disclaimer, about, contact, dashboard.
[2026-07-29 04:47:06] Published: posts/ppf-bnaam-myuucual-phdd----kyaa-behtr-hai.html  (568 words)  total=331
[2026-07-29 04:47:06] Sleeping 15 min until next article...
[2026-07-29 04:48:05] Generating article: स्टॉक मार्केट शुरुआत कैसे करें
[2026-07-29 04:48:05] Wrote static pages: privacy, disclaimer, about, contact, dashboard.
[2026-07-29 04:48:05] Published: posts/sttok-maarkett-shuruaat-kaise-kre.html  (582 words)  total=332
[2026-07-29 04:48:05] Sleeping 15 min until next article...
[2026-07-29 04:49:46] Generating article: ELSS टैक्स सेविंग फंड्स टॉप 5
[2026-07-29 04:49:46] Wrote static pages: privacy, disclaimer, about, contact, dashboard.
[2026-07-29 04:49:46] Published: posts/elss-ttaiks-sevig-phdds-ttop-5.html  (570 words)  total=333
[2026-07-29 04:49:46] Sleeping 10 min until next article...
[2026-07-29 04:59:46] Generating article: बेस्ट बजटिंग ऐप्स भारतीयों के लिए
[2026-07-29 04:59:46] Wrote static pages: privacy, disclaimer, about, contact, dashboard.
[2026-07-29 04:59:46] Published: posts/bestt-bjttig-aips-bhaartiiyo-ke-lie.html  (567 words)  total=334
[2026-07-29 04:59:46] Sleeping 10 min until next article...
[2026-07-29 05:02:06] Generating article: छोटी सैलरी से निवेश कैसे शुरू करें
[2026-07-29 05:02:06] Wrote static pages: privacy, disclaimer, about, contact, dashboard.
[2026-07-29 05:02:06] Published: posts/chottii-sailrii-se-nivesh-kaise-shuruu-kre.html  (566 words)  total=335
[2026-07-29 05:02:06] Sleeping 15 min until next article...
[2026-07-29 05:03:05] Generating article: स्टॉक मार्केट शुरुआत कैसे करें
[2026-07-29 05:03:05] Wrote static pages: privacy, disclaimer, about, contact, dashboard.
[2026-07-29 05:03:05] Published: posts/sttok-maarkett-shuruaat-kaise-kre.html  (582 words)  total=336
[2026-07-29 05:03:05] Sleeping 15 min until next article...
[2026-07-29 05:09:46] Generating article: ELSS टैक्स सेविंग फंड्स टॉप 5
[2026-07-29 05:09:46] Wrote static pages: privacy, disclaimer, about, contact, dashboard.
[2026-07-29 05:09:46] Published: posts/elss-ttaiks-sevig-phdds-ttop-5.html  (570 words)  total=337
[2026-07-29 05:09:46] Sleeping 10 min until next article...
[2026-07-29 05:17:06] Generating article: गोल्ड में निवेश करने के तरीके
[2026-07-29 05:17:06] Wrote static pages: privacy, disclaimer, about, contact, dashboard.
[2026-07-29 05:17:06] Published: posts/goldd-me-nivesh-krne-ke-triike.html  (552 words)  total=338
[2026-07-29 05:17:06] Sleeping 15 min until next article...
[2026-07-29 05:18:05] Generating article: स्टॉक मार्केट शुरुआत कैसे करें
[2026-07-29 05:18:05] Wrote static pages: privacy, disclaimer, about, contact, dashboard.
[2026-07-29 05:18:05] Published: posts/sttok-maarkett-shuruaat-kaise-kre.html  (582 words)  total=339
[2026-07-29 05:18:05] Sleeping 15 min until next article...
[2026-07-29 05:19:46] Generating article: बेस्ट बजटिंग ऐप्स भारतीयों के लिए
[2026-07-29 05:19:46] Wrote static pages: privacy, disclaimer, about, contact, dashboard.
[2026-07-29 05:19:46] Published: posts/bestt-bjttig-aips-bhaartiiyo-ke-lie.html  (567 words)  total=340
[2026-07-29 05:19:46] Sleeping 10 min until next article...
[2026-07-29 05:29:46] Generating article: ELSS टैक्स सेविंग फंड्स टॉप 5
[2026-07-29 05:29:46] Wrote static pages: privacy, disclaimer, about, contact, dashboard.
[2026-07-29 05:29:46] Published: posts/elss-ttaiks-sevig-phdds-ttop-5.html  (570 words)  total=341
[2026-07-29 05:29:46] Sleeping 10 min until next article...
[2026-07-29 05:32:06] Generating article: रिटायरमेंट प्लानिंग शुरुआती गाइड
[2026-07-29 05:32:06] Wrote static pages: privacy, disclaimer, about, contact, dashboard.
[2026-07-29 05:32:06] Published: posts/rittaayrmett-plaanig-shuruaatii-gaaidd.html  (581 words)  total=342
[2026-07-29 05:32:06] Sleeping 15 min until next article...
[2026-07-29 05:33:05] Generating article: स्टॉक मार्केट शुरुआत कैसे करें
[2026-07-29 05:33:05] Wrote static pages: privacy, disclaimer, about, contact, dashboard.
[2026-07-29 05:33:05] Published: posts/sttok-maarkett-shuruaat-kaise-kre.html  (582 words)  total=343
[2026-07-29 05:33:05] Sleeping 15 min until next article...
[2026-07-29 05:39:46] Generating article: बेस्ट बजटिंग ऐप्स भारतीयों के लिए
[2026-07-29 05:39:46] Wrote static pages: privacy, disclaimer, about, contact, dashboard.
[2026-07-29 05:39:46] Published: posts/bestt-bjttig-aips-bhaartiiyo-ke-lie.html  (567 words)  total=344
[2026-07-29 05:39:46] Sleeping 10 min until next article...
[2026-07-29 05:47:06] Generating article: बेस्ट बजटिंग ऐप्स भारतीयों के लिए
[2026-07-29 05:47:06] Wrote static pages: privacy, disclaimer, about, contact, dashboard.
[2026-07-29 05:47:06] Published: posts/bestt-bjttig-aips-bhaartiiyo-ke-lie.html  (568 words)  total=345
[2026-07-29 05:47:06] Sleeping 15 min until next article...
[2026-07-29 05:48:05] Generating article: स्टॉक मार्केट शुरुआत कैसे करें
[2026-07-29 05:48:05] Wrote static pages: privacy, disclaimer, about, contact, dashboard.
[2026-07-29 05:48:05] Published: posts/sttok-maarkett-shuruaat-kaise-kre.html  (582 words)  total=346
[2026-07-29 05:48:05] Sleeping 15 min until next article...
[2026-07-29 05:49:46] Generating article: ELSS टैक्स सेविंग फंड्स टॉप 5
[2026-07-29 05:49:46] Wrote static pages: privacy, disclaimer, about, contact, dashboard.
[2026-07-29 05:49:46] Published: posts/elss-ttaiks-sevig-phdds-ttop-5.html  (570 words)  total=347
[2026-07-29 05:49:46] Sleeping 10 min until next article...
[2026-07-29 05:59:46] Generating article: बेस्ट बजटिंग ऐप्स भारतीयों के लिए
[2026-07-29 05:59:46] Wrote static pages: privacy, disclaimer, about, contact, dashboard.
[2026-07-29 05:59:46] Published: posts/bestt-bjttig-aips-bhaartiiyo-ke-lie.html  (567 words)  total=348
[2026-07-29 05:59:46] Sleeping 10 min until next article...
[2026-07-29 06:02:06] Generating article: PPF बनाम म्यूचुअल फंड — क्या बेहतर है
[2026-07-29 06:02:06] Wrote static pages: privacy, disclaimer, about, contact, dashboard.
[2026-07-29 06:02:06] Published: posts/ppf-bnaam-myuucual-phdd----kyaa-behtr-hai.html  (568 words)  total=349
[2026-07-29 06:02:06] Sleeping 15 min until next article...
[2026-07-29 06:03:05] Generating article: स्टॉक मार्केट शुरुआत कैसे करें
[2026-07-29 06:03:05] Wrote static pages: privacy, disclaimer, about, contact, dashboard.
[2026-07-29 06:03:05] Published: posts/sttok-maarkett-shuruaat-kaise-kre.html  (582 words)  total=350
[2026-07-29 06:03:05] Sleeping 15 min until next article...
[2026-07-29 06:09:46] Generating article: ELSS टैक्स सेविंग फंड्स टॉप 5
[2026-07-29 06:09:46] Wrote static pages: privacy, disclaimer, about, contact, dashboard.
[2026-07-29 06:09:46] Published: posts/elss-ttaiks-sevig-phdds-ttop-5.html  (570 words)  total=351
[2026-07-29 06:09:46] Sleeping 10 min until next article...
[2026-07-29 06:17:06] Generating article: छोटी सैलरी से निवेश कैसे शुरू करें
[2026-07-29 06:17:06] Wrote static pages: privacy, disclaimer, about, contact, dashboard.
[2026-07-29 06:17:06] Published: posts/chottii-sailrii-se-nivesh-kaise-shuruu-kre.html  (566 words)  total=352
[2026-07-29 06:17:06] Sleeping 15 min until next article...
[2026-07-29 06:18:05] Generating article: स्टॉक मार्केट शुरुआत कैसे करें
[2026-07-29 06:18:05] Wrote static pages: privacy, disclaimer, about, contact, dashboard.
[2026-07-29 06:18:05] Published: posts/sttok-maarkett-shuruaat-kaise-kre.html  (582 words)  total=353
[2026-07-29 06:18:05] Sleeping 15 min until next article...
[2026-07-29 06:19:46] Generating article: बेस्ट बजटिंग ऐप्स भारतीयों के लिए
[2026-07-29 06:19:46] Wrote static pages: privacy, disclaimer, about, contact, dashboard.
[2026-07-29 06:19:46] Published: posts/bestt-bjttig-aips-bhaartiiyo-ke-lie.html  (567 words)  total=354
[2026-07-29 06:19:46] Sleeping 10 min until next article...
[2026-07-29 06:29:46] Generating article: ELSS टैक्स सेविंग फंड्स टॉप 5
[2026-07-29 06:29:46] Wrote static pages: privacy, disclaimer, about, contact, dashboard.
[2026-07-29 06:29:46] Published: posts/elss-ttaiks-sevig-phdds-ttop-5.html  (570 words)  total=355
[2026-07-29 06:29:46] Sleeping 10 min until next article...
[2026-07-29 06:32:06] Generating article: गोल्ड में निवेश करने के तरीके
[2026-07-29 06:32:06] Wrote static pages: privacy, disclaimer, about, contact, dashboard.
[2026-07-29 06:32:06] Published: posts/goldd-me-nivesh-krne-ke-triike.html  (552 words)  total=356
[2026-07-29 06:32:06] Sleeping 15 min until next article...
[2026-07-29 06:33:05] Generating article: स्टॉक मार्केट शुरुआत कैसे करें
[2026-07-29 06:33:05] Wrote static pages: privacy, disclaimer, about, contact, dashboard.
[2026-07-29 06:33:05] Published: posts/sttok-maarkett-shuruaat-kaise-kre.html  (582 words)  total=357
[2026-07-29 06:33:05] Sleeping 15 min until next article...
[2026-07-29 06:39:46] Generating article: बेस्ट बजटिंग ऐप्स भारतीयों के लिए
[2026-07-29 06:39:46] Wrote static pages: privacy, disclaimer, about, contact, dashboard.
[2026-07-29 06:39:46] Published: posts/bestt-bjttig-aips-bhaartiiyo-ke-lie.html  (567 words)  total=358
[2026-07-29 06:39:46] Sleeping 10 min until next article...
[2026-07-29 06:47:06] Generating article: रिटायरमेंट प्लानिंग शुरुआती गाइड
[2026-07-29 06:47:06] Wrote static pages: privacy, disclaimer, about, contact, dashboard.
[2026-07-29 06:47:06] Published: posts/rittaayrmett-plaanig-shuruaatii-gaaidd.html  (581 words)  total=359
[2026-07-29 06:47:06] Sleeping 15 min until next article...
[2026-07-29 06:48:05] Generating article: स्टॉक मार्केट शुरुआत कैसे करें
[2026-07-29 06:48:05] Wrote static pages: privacy, disclaimer, about, contact, dashboard.
[2026-07-29 06:48:05] Published: posts/sttok-maarkett-shuruaat-kaise-kre.html  (582 words)  total=360
[2026-07-29 06:48:05] Sleeping 15 min until next article...
[2026-07-29 06:49:46] Generating article: ELSS टैक्स सेविंग फंड्स टॉप 5
[2026-07-29 06:49:46] Wrote static pages: privacy, disclaimer, about, contact, dashboard.
[2026-07-29 06:49:46] Published: posts/elss-ttaiks-sevig-phdds-ttop-5.html  (570 words)  total=361
[2026-07-29 06:49:46] Sleeping 10 min until next article...
[2026-07-29 06:59:46] Generating article: बेस्ट बजटिंग ऐप्स भारतीयों के लिए
[2026-07-29 06:59:46] Wrote static pages: privacy, disclaimer, about, contact, dashboard.
[2026-07-29 06:59:46] Published: posts/bestt-bjttig-aips-bhaartiiyo-ke-lie.html  (567 words)  total=362
[2026-07-29 06:59:46] Sleeping 10 min until next article...
[2026-07-29 07:02:06] Generating article: बेस्ट बजटिंग ऐप्स भारतीयों के लिए
[2026-07-29 07:02:06] Wrote static pages: privacy, disclaimer, about, contact, dashboard.
[2026-07-29 07:02:06] Published: posts/bestt-bjttig-aips-bhaartiiyo-ke-lie.html  (568 words)  total=363
[2026-07-29 07:02:06] Sleeping 15 min until next article...
[2026-07-29 07:03:05] Generating article: स्टॉक मार्केट शुरुआत कैसे करें
[2026-07-29 07:03:05] Wrote static pages: privacy, disclaimer, about, contact, dashboard.
[2026-07-29 07:03:05] Published: posts/sttok-maarkett-shuruaat-kaise-kre.html  (582 words)  total=364
[2026-07-29 07:03:05] Sleeping 15 min until next article...
[2026-07-29 07:09:46] Generating article: ELSS टैक्स सेविंग फंड्स टॉप 5
[2026-07-29 07:09:46] Wrote static pages: privacy, disclaimer, about, contact, dashboard.
[2026-07-29 07:09:46] Published: posts/elss-ttaiks-sevig-phdds-ttop-5.html  (570 words)  total=365
[2026-07-29 07:09:46] Sleeping 10 min until next article...
[2026-07-29 07:17:06] Generating article: PPF बनाम म्यूचुअल फंड — क्या बेहतर है
[2026-07-29 07:17:06] Wrote static pages: privacy, disclaimer, about, contact, dashboard.
[2026-07-29 07:17:06] Published: posts/ppf-bnaam-myuucual-phdd----kyaa-behtr-hai.html  (568 words)  total=366
[2026-07-29 07:17:06] Sleeping 15 min until next article...
[2026-07-29 07:18:05] Generating article: स्टॉक मार्केट शुरुआत कैसे करें
[2026-07-29 07:18:06] Wrote static pages: privacy, disclaimer, about, contact, dashboard.
[2026-07-29 07:18:06] Published: posts/sttok-maarkett-shuruaat-kaise-kre.html  (582 words)  total=367
[2026-07-29 07:18:06] Sleeping 15 min until next article...
[2026-07-29 07:19:46] Generating article: बेस्ट बजटिंग ऐप्स भारतीयों के लिए
[2026-07-29 07:19:46] Wrote static pages: privacy, disclaimer, about, contact, dashboard.
[2026-07-29 07:19:46] Published: posts/bestt-bjttig-aips-bhaartiiyo-ke-lie.html  (567 words)  total=368
[2026-07-29 07:19:46] Sleeping 10 min until next article...
[2026-07-29 07:29:46] Generating article: ELSS टैक्स सेविंग फंड्स टॉप 5
[2026-07-29 07:29:46] Wrote static pages: privacy, disclaimer, about, contact, dashboard.
[2026-07-29 07:29:46] Published: posts/elss-ttaiks-sevig-phdds-ttop-5.html  (570 words)  total=369
[2026-07-29 07:29:46] Sleeping 10 min until next article...
[2026-07-29 07:32:06] Generating article: छोटी सैलरी से निवेश कैसे शुरू करें
[2026-07-29 07:32:06] Wrote static pages: privacy, disclaimer, about, contact, dashboard.
[2026-07-29 07:32:06] Published: posts/chottii-sailrii-se-nivesh-kaise-shuruu-kre.html  (566 words)  total=370
[2026-07-29 07:32:06] Sleeping 15 min until next article...
[2026-07-29 07:33:06] Generating article: स्टॉक मार्केट शुरुआत कैसे करें
[2026-07-29 07:33:06] Wrote static pages: privacy, disclaimer, about, contact, dashboard.
[2026-07-29 07:33:06] Published: posts/sttok-maarkett-shuruaat-kaise-kre.html  (582 words)  total=371
[2026-07-29 07:33:06] Sleeping 15 min until next article...
[2026-07-29 07:39:46] Generating article: बेस्ट बजटिंग ऐप्स भारतीयों के लिए
[2026-07-29 07:39:46] Wrote static pages: privacy, disclaimer, about, contact, dashboard.
[2026-07-29 07:39:46] Published: posts/bestt-bjttig-aips-bhaartiiyo-ke-lie.html  (567 words)  total=372
[2026-07-29 07:39:46] Sleeping 10 min until next article...
[2026-07-29 07:47:06] Generating article: गोल्ड में निवेश करने के तरीके
[2026-07-29 07:47:06] Wrote static pages: privacy, disclaimer, about, contact, dashboard.
[2026-07-29 07:47:06] Published: posts/goldd-me-nivesh-krne-ke-triike.html  (552 words)  total=373
[2026-07-29 07:47:06] Sleeping 15 min until next article...
[2026-07-29 07:48:06] Generating article: स्टॉक मार्केट शुरुआत कैसे करें
[2026-07-29 07:48:06] Wrote static pages: privacy, disclaimer, about, contact, dashboard.
[2026-07-29 07:48:06] Published: posts/sttok-maarkett-shuruaat-kaise-kre.html  (582 words)  total=374
[2026-07-29 07:48:06] Sleeping 15 min until next article...
[2026-07-29 07:49:46] Generating article: ELSS टैक्स सेविंग फंड्स टॉप 5
[2026-07-29 07:49:46] Wrote static pages: privacy, disclaimer, about, contact, dashboard.
[2026-07-29 07:49:46] Published: posts/elss-ttaiks-sevig-phdds-ttop-5.html  (570 words)  total=375
[2026-07-29 07:49:46] Sleeping 10 min until next article...
[2026-07-29 07:59:46] Generating article: बेस्ट बजटिंग ऐप्स भारतीयों के लिए
[2026-07-29 07:59:46] Wrote static pages: privacy, disclaimer, about, contact, dashboard.
[2026-07-29 07:59:46] Published: posts/bestt-bjttig-aips-bhaartiiyo-ke-lie.html  (567 words)  total=376
[2026-07-29 07:59:46] Sleeping 10 min until next article...
[2026-07-29 08:02:06] Generating article: रिटायरमेंट प्लानिंग शुरुआती गाइड
[2026-07-29 08:02:06] Wrote static pages: privacy, disclaimer, about, contact, dashboard.
[2026-07-29 08:02:06] Published: posts/rittaayrmett-plaanig-shuruaatii-gaaidd.html  (581 words)  total=377
[2026-07-29 08:02:06] Sleeping 15 min until next article...
[2026-07-29 08:03:06] Generating article: स्टॉक मार्केट शुरुआत कैसे करें
[2026-07-29 08:03:06] Wrote static pages: privacy, disclaimer, about, contact, dashboard.
[2026-07-29 08:03:06] Published: posts/sttok-maarkett-shuruaat-kaise-kre.html  (582 words)  total=378
[2026-07-29 08:03:06] Sleeping 15 min until next article...
[2026-07-29 08:09:46] Generating article: ELSS टैक्स सेविंग फंड्स टॉप 5
[2026-07-29 08:09:46] Wrote static pages: privacy, disclaimer, about, contact, dashboard.
[2026-07-29 08:09:46] Published: posts/elss-ttaiks-sevig-phdds-ttop-5.html  (570 words)  total=379
[2026-07-29 08:09:46] Sleeping 10 min until next article...
[2026-07-29 08:17:06] Generating article: बेस्ट बजटिंग ऐप्स भारतीयों के लिए
[2026-07-29 08:17:06] Wrote static pages: privacy, disclaimer, about, contact, dashboard.
[2026-07-29 08:17:06] Published: posts/bestt-bjttig-aips-bhaartiiyo-ke-lie.html  (568 words)  total=380
[2026-07-29 08:17:06] Sleeping 15 min until next article...
[2026-07-29 08:18:06] Generating article: स्टॉक मार्केट शुरुआत कैसे करें
[2026-07-29 08:18:06] Wrote static pages: privacy, disclaimer, about, contact, dashboard.
[2026-07-29 08:18:06] Published: posts/sttok-maarkett-shuruaat-kaise-kre.html  (582 words)  total=381
[2026-07-29 08:18:06] Sleeping 15 min until next article...
[2026-07-29 08:19:46] Generating article: बेस्ट बजटिंग ऐप्स भारतीयों के लिए
[2026-07-29 08:19:46] Wrote static pages: privacy, disclaimer, about, contact, dashboard.
[2026-07-29 08:19:46] Published: posts/bestt-bjttig-aips-bhaartiiyo-ke-lie.html  (567 words)  total=382
[2026-07-29 08:19:46] Sleeping 10 min until next article...
[2026-07-29 08:29:46] Generating article: ELSS टैक्स सेविंग फंड्स टॉप 5
[2026-07-29 08:29:46] Wrote static pages: privacy, disclaimer, about, contact, dashboard.
[2026-07-29 08:29:46] Published: posts/elss-ttaiks-sevig-phdds-ttop-5.html  (570 words)  total=383
[2026-07-29 08:29:46] Sleeping 10 min until next article...
[2026-07-29 08:32:06] Generating article: PPF बनाम म्यूचुअल फंड — क्या बेहतर है
[2026-07-29 08:32:06] Wrote static pages: privacy, disclaimer, about, contact, dashboard.
[2026-07-29 08:32:06] Published: posts/ppf-bnaam-myuucual-phdd----kyaa-behtr-hai.html  (568 words)  total=384
[2026-07-29 08:32:06] Sleeping 15 min until next article...
[2026-07-29 08:33:06] Generating article: स्टॉक मार्केट शुरुआत कैसे करें
[2026-07-29 08:33:06] Wrote static pages: privacy, disclaimer, about, contact, dashboard.
[2026-07-29 08:33:06] Published: posts/sttok-maarkett-shuruaat-kaise-kre.html  (582 words)  total=385
[2026-07-29 08:33:06] Sleeping 15 min until next article...
[2026-07-29 08:39:46] Generating article: बेस्ट बजटिंग ऐप्स भारतीयों के लिए
[2026-07-29 08:39:46] Wrote static pages: privacy, disclaimer, about, contact, dashboard.
[2026-07-29 08:39:46] Published: posts/bestt-bjttig-aips-bhaartiiyo-ke-lie.html  (567 words)  total=386
[2026-07-29 08:39:46] Sleeping 10 min until next article...
[2026-07-29 08:47:06] Generating article: छोटी सैलरी से निवेश कैसे शुरू करें
[2026-07-29 08:47:06] Wrote static pages: privacy, disclaimer, about, contact, dashboard.
[2026-07-29 08:47:06] Published: posts/chottii-sailrii-se-nivesh-kaise-shuruu-kre.html  (566 words)  total=387
[2026-07-29 08:47:06] Sleeping 15 min until next article...
[2026-07-29 08:48:06] Generating article: स्टॉक मार्केट शुरुआत कैसे करें
[2026-07-29 08:48:06] Wrote static pages: privacy, disclaimer, about, contact, dashboard.
[2026-07-29 08:48:06] Published: posts/sttok-maarkett-shuruaat-kaise-kre.html  (582 words)  total=388
[2026-07-29 08:48:06] Sleeping 15 min until next article...
[2026-07-29 08:49:46] Generating article: ELSS टैक्स सेविंग फंड्स टॉप 5
[2026-07-29 08:49:46] Wrote static pages: privacy, disclaimer, about, contact, dashboard.
[2026-07-29 08:49:46] Published: posts/elss-ttaiks-sevig-phdds-ttop-5.html  (570 words)  total=389
[2026-07-29 08:49:46] Sleeping 10 min until next article...
[2026-07-29 08:59:46] Generating article: बेस्ट बजटिंग ऐप्स भारतीयों के लिए
[2026-07-29 08:59:46] Wrote static pages: privacy, disclaimer, about, contact, dashboard.
[2026-07-29 08:59:46] Published: posts/bestt-bjttig-aips-bhaartiiyo-ke-lie.html  (567 words)  total=390
[2026-07-29 08:59:46] Sleeping 10 min until next article...
[2026-07-29 09:02:06] Generating article: गोल्ड में निवेश करने के तरीके
[2026-07-29 09:02:06] Wrote static pages: privacy, disclaimer, about, contact, dashboard.
[2026-07-29 09:02:06] Published: posts/goldd-me-nivesh-krne-ke-triike.html  (552 words)  total=391
[2026-07-29 09:02:06] Sleeping 15 min until next article...
[2026-07-29 09:03:06] Generating article: स्टॉक मार्केट शुरुआत कैसे करें
[2026-07-29 09:03:06] Wrote static pages: privacy, disclaimer, about, contact, dashboard.
[2026-07-29 09:03:06] Published: posts/sttok-maarkett-shuruaat-kaise-kre.html  (582 words)  total=392
[2026-07-29 09:03:06] Sleeping 15 min until next article...
[2026-07-29 09:09:46] Generating article: ELSS टैक्स सेविंग फंड्स टॉप 5
[2026-07-29 09:09:46] Wrote static pages: privacy, disclaimer, about, contact, dashboard.
[2026-07-29 09:09:46] Published: posts/elss-ttaiks-sevig-phdds-ttop-5.html  (570 words)  total=393
[2026-07-29 09:09:46] Sleeping 10 min until next article...
[2026-07-29 09:17:06] Generating article: रिटायरमेंट प्लानिंग शुरुआती गाइड
[2026-07-29 09:17:06] Wrote static pages: privacy, disclaimer, about, contact, dashboard.
[2026-07-29 09:17:06] Published: posts/rittaayrmett-plaanig-shuruaatii-gaaidd.html  (581 words)  total=394
[2026-07-29 09:17:06] Sleeping 15 min until next article...
[2026-07-29 09:18:06] Generating article: स्टॉक मार्केट शुरुआत कैसे करें
[2026-07-29 09:18:06] Wrote static pages: privacy, disclaimer, about, contact, dashboard.
[2026-07-29 09:18:06] Published: posts/sttok-maarkett-shuruaat-kaise-kre.html  (582 words)  total=395
[2026-07-29 09:18:06] Sleeping 15 min until next article...
[2026-07-29 09:19:46] Generating article: बेस्ट बजटिंग ऐप्स भारतीयों के लिए
[2026-07-29 09:19:46] Wrote static pages: privacy, disclaimer, about, contact, dashboard.
[2026-07-29 09:19:46] Published: posts/bestt-bjttig-aips-bhaartiiyo-ke-lie.html  (567 words)  total=396
[2026-07-29 09:19:46] Sleeping 10 min until next article...
[2026-07-29 09:29:46] Generating article: ELSS टैक्स सेविंग फंड्स टॉप 5
[2026-07-29 09:29:46] Wrote static pages: privacy, disclaimer, about, contact, dashboard.
[2026-07-29 09:29:46] Published: posts/elss-ttaiks-sevig-phdds-ttop-5.html  (570 words)  total=397
[2026-07-29 09:29:46] Sleeping 10 min until next article...
[2026-07-29 09:32:06] Generating article: बेस्ट बजटिंग ऐप्स भारतीयों के लिए
[2026-07-29 09:32:06] Wrote static pages: privacy, disclaimer, about, contact, dashboard.
[2026-07-29 09:32:06] Published: posts/bestt-bjttig-aips-bhaartiiyo-ke-lie.html  (568 words)  total=398
[2026-07-29 09:32:06] Sleeping 15 min until next article...
[2026-07-29 09:33:06] Generating article: स्टॉक मार्केट शुरुआत कैसे करें
[2026-07-29 09:33:06] Wrote static pages: privacy, disclaimer, about, contact, dashboard.
[2026-07-29 09:33:06] Published: posts/sttok-maarkett-shuruaat-kaise-kre.html  (582 words)  total=399
[2026-07-29 09:33:06] Sleeping 15 min until next article...
[2026-07-29 09:39:46] Generating article: बेस्ट बजटिंग ऐप्स भारतीयों के लिए
[2026-07-29 09:39:46] Wrote static pages: privacy, disclaimer, about, contact, dashboard.
[2026-07-29 09:39:46] Published: posts/bestt-bjttig-aips-bhaartiiyo-ke-lie.html  (567 words)  total=400
[2026-07-29 09:39:46] Sleeping 10 min until next article...
[2026-07-29 09:47:06] Generating article: PPF बनाम म्यूचुअल फंड — क्या बेहतर है
[2026-07-29 09:47:06] Wrote static pages: privacy, disclaimer, about, contact, dashboard.
[2026-07-29 09:47:06] Published: posts/ppf-bnaam-myuucual-phdd----kyaa-behtr-hai.html  (568 words)  total=401
[2026-07-29 09:47:06] Sleeping 15 min until next article...
[2026-07-29 09:48:06] Generating article: स्टॉक मार्केट शुरुआत कैसे करें
[2026-07-29 09:48:06] Wrote static pages: privacy, disclaimer, about, contact, dashboard.
[2026-07-29 09:48:06] Published: posts/sttok-maarkett-shuruaat-kaise-kre.html  (582 words)  total=402
[2026-07-29 09:48:06] Sleeping 15 min until next article...
[2026-07-29 09:49:46] Generating article: ELSS टैक्स सेविंग फंड्स टॉप 5
[2026-07-29 09:49:47] Wrote static pages: privacy, disclaimer, about, contact, dashboard.
[2026-07-29 09:49:47] Published: posts/elss-ttaiks-sevig-phdds-ttop-5.html  (570 words)  total=403
[2026-07-29 09:49:47] Sleeping 10 min until next article...
[2026-07-29 09:59:47] Generating article: बेस्ट बजटिंग ऐप्स भारतीयों के लिए
[2026-07-29 09:59:47] Wrote static pages: privacy, disclaimer, about, contact, dashboard.
[2026-07-29 09:59:47] Published: posts/bestt-bjttig-aips-bhaartiiyo-ke-lie.html  (567 words)  total=404
[2026-07-29 09:59:47] Sleeping 10 min until next article...
[2026-07-29 10:02:06] Generating article: छोटी सैलरी से निवेश कैसे शुरू करें
[2026-07-29 10:02:06] Wrote static pages: privacy, disclaimer, about, contact, dashboard.
[2026-07-29 10:02:06] Published: posts/chottii-sailrii-se-nivesh-kaise-shuruu-kre.html  (566 words)  total=405
[2026-07-29 10:02:06] Sleeping 15 min until next article...
[2026-07-29 10:03:06] Generating article: स्टॉक मार्केट शुरुआत कैसे करें
[2026-07-29 10:03:06] Wrote static pages: privacy, disclaimer, about, contact, dashboard.
[2026-07-29 10:03:06] Published: posts/sttok-maarkett-shuruaat-kaise-kre.html  (582 words)  total=406
[2026-07-29 10:03:06] Sleeping 15 min until next article...
[2026-07-29 10:09:47] Generating article: ELSS टैक्स सेविंग फंड्स टॉप 5
[2026-07-29 10:09:47] Wrote static pages: privacy, disclaimer, about, contact, dashboard.
[2026-07-29 10:09:47] Published: posts/elss-ttaiks-sevig-phdds-ttop-5.html  (570 words)  total=407
[2026-07-29 10:09:47] Sleeping 10 min until next article...
[2026-07-29 10:17:06] Generating article: गोल्ड में निवेश करने के तरीके
[2026-07-29 10:17:06] Wrote static pages: privacy, disclaimer, about, contact, dashboard.
[2026-07-29 10:17:06] Published: posts/goldd-me-nivesh-krne-ke-triike.html  (552 words)  total=408
[2026-07-29 10:17:06] Sleeping 15 min until next article...
[2026-07-29 10:18:06] Generating article: स्टॉक मार्केट शुरुआत कैसे करें
[2026-07-29 10:18:06] Wrote static pages: privacy, disclaimer, about, contact, dashboard.
[2026-07-29 10:18:06] Published: posts/sttok-maarkett-shuruaat-kaise-kre.html  (582 words)  total=409
[2026-07-29 10:18:06] Sleeping 15 min until next article...
[2026-07-29 10:19:47] Generating article: बेस्ट बजटिंग ऐप्स भारतीयों के लिए
[2026-07-29 10:19:47] Wrote static pages: privacy, disclaimer, about, contact, dashboard.
[2026-07-29 10:19:47] Published: posts/bestt-bjttig-aips-bhaartiiyo-ke-lie.html  (567 words)  total=410
[2026-07-29 10:19:47] Sleeping 10 min until next article...
[2026-07-29 10:29:47] Generating article: ELSS टैक्स सेविंग फंड्स टॉप 5
[2026-07-29 10:29:47] Wrote static pages: privacy, disclaimer, about, contact, dashboard.
[2026-07-29 10:29:47] Published: posts/elss-ttaiks-sevig-phdds-ttop-5.html  (570 words)  total=411
[2026-07-29 10:29:47] Sleeping 10 min until next article...
[2026-07-29 10:32:06] Generating article: रिटायरमेंट प्लानिंग शुरुआती गाइड
[2026-07-29 10:32:06] Wrote static pages: privacy, disclaimer, about, contact, dashboard.
[2026-07-29 10:32:06] Published: posts/rittaayrmett-plaanig-shuruaatii-gaaidd.html  (581 words)  total=412
[2026-07-29 10:32:06] Sleeping 15 min until next article...
[2026-07-29 10:33:06] Generating article: स्टॉक मार्केट शुरुआत कैसे करें
[2026-07-29 10:33:06] Wrote static pages: privacy, disclaimer, about, contact, dashboard.
[2026-07-29 10:33:06] Published: posts/sttok-maarkett-shuruaat-kaise-kre.html  (582 words)  total=413
[2026-07-29 10:33:06] Sleeping 15 min until next article...
[2026-07-29 10:39:47] Generating article: बेस्ट बजटिंग ऐप्स भारतीयों के लिए
[2026-07-29 10:39:47] Wrote static pages: privacy, disclaimer, about, contact, dashboard.
[2026-07-29 10:39:47] Published: posts/bestt-bjttig-aips-bhaartiiyo-ke-lie.html  (567 words)  total=414
[2026-07-29 10:39:47] Sleeping 10 min until next article...
[2026-07-29 10:47:06] Generating article: बेस्ट बजटिंग ऐप्स भारतीयों के लिए
[2026-07-29 10:47:06] Wrote static pages: privacy, disclaimer, about, contact, dashboard.
[2026-07-29 10:47:06] Published: posts/bestt-bjttig-aips-bhaartiiyo-ke-lie.html  (568 words)  total=415
[2026-07-29 10:47:06] Sleeping 15 min until next article...
[2026-07-29 10:48:06] Generating article: स्टॉक मार्केट शुरुआत कैसे करें
[2026-07-29 10:48:06] Wrote static pages: privacy, disclaimer, about, contact, dashboard.
[2026-07-29 10:48:06] Published: posts/sttok-maarkett-shuruaat-kaise-kre.html  (582 words)  total=416
[2026-07-29 10:48:06] Sleeping 15 min until next article...
[2026-07-29 10:49:47] Generating article: ELSS टैक्स सेविंग फंड्स टॉप 5
[2026-07-29 10:49:47] Wrote static pages: privacy, disclaimer, about, contact, dashboard.
[2026-07-29 10:49:47] Published: posts/elss-ttaiks-sevig-phdds-ttop-5.html  (570 words)  total=417
[2026-07-29 10:49:47] Sleeping 10 min until next article...
[2026-07-29 10:59:47] Generating article: बेस्ट बजटिंग ऐप्स भारतीयों के लिए
[2026-07-29 10:59:47] Wrote static pages: privacy, disclaimer, about, contact, dashboard.
[2026-07-29 10:59:47] Published: posts/bestt-bjttig-aips-bhaartiiyo-ke-lie.html  (567 words)  total=418
[2026-07-29 10:59:47] Sleeping 10 min until next article...
[2026-07-29 11:02:06] Generating article: PPF बनाम म्यूचुअल फंड — क्या बेहतर है
[2026-07-29 11:02:06] Wrote static pages: privacy, disclaimer, about, contact, dashboard.
[2026-07-29 11:02:06] Published: posts/ppf-bnaam-myuucual-phdd----kyaa-behtr-hai.html  (568 words)  total=419
[2026-07-29 11:02:06] Sleeping 15 min until next article...
[2026-07-29 11:03:06] Generating article: स्टॉक मार्केट शुरुआत कैसे करें
[2026-07-29 11:03:06] Wrote static pages: privacy, disclaimer, about, contact, dashboard.
[2026-07-29 11:03:06] Published: posts/sttok-maarkett-shuruaat-kaise-kre.html  (582 words)  total=420
[2026-07-29 11:03:06] Sleeping 15 min until next article...
[2026-07-29 11:09:47] Generating article: ELSS टैक्स सेविंग फंड्स टॉप 5
[2026-07-29 11:09:47] Wrote static pages: privacy, disclaimer, about, contact, dashboard.
[2026-07-29 11:09:47] Published: posts/elss-ttaiks-sevig-phdds-ttop-5.html  (570 words)  total=421
[2026-07-29 11:09:47] Sleeping 10 min until next article...
[2026-07-29 11:17:06] Generating article: छोटी सैलरी से निवेश कैसे शुरू करें
[2026-07-29 11:17:06] Wrote static pages: privacy, disclaimer, about, contact, dashboard.
[2026-07-29 11:17:06] Published: posts/chottii-sailrii-se-nivesh-kaise-shuruu-kre.html  (566 words)  total=422
[2026-07-29 11:17:06] Sleeping 15 min until next article...
[2026-07-29 11:18:06] Generating article: स्टॉक मार्केट शुरुआत कैसे करें
[2026-07-29 11:18:06] Wrote static pages: privacy, disclaimer, about, contact, dashboard.
[2026-07-29 11:18:06] Published: posts/sttok-maarkett-shuruaat-kaise-kre.html  (582 words)  total=423
[2026-07-29 11:18:06] Sleeping 15 min until next article...
[2026-07-29 11:19:47] Generating article: बेस्ट बजटिंग ऐप्स भारतीयों के लिए
[2026-07-29 11:19:47] Wrote static pages: privacy, disclaimer, about, contact, dashboard.
[2026-07-29 11:19:47] Published: posts/bestt-bjttig-aips-bhaartiiyo-ke-lie.html  (567 words)  total=424
[2026-07-29 11:19:47] Sleeping 10 min until next article...
[2026-07-29 11:29:47] Generating article: ELSS टैक्स सेविंग फंड्स टॉप 5
[2026-07-29 11:29:47] Wrote static pages: privacy, disclaimer, about, contact, dashboard.
[2026-07-29 11:29:47] Published: posts/elss-ttaiks-sevig-phdds-ttop-5.html  (570 words)  total=425
[2026-07-29 11:29:47] Sleeping 10 min until next article...
[2026-07-29 11:32:06] Generating article: गोल्ड में निवेश करने के तरीके
[2026-07-29 11:32:06] Wrote static pages: privacy, disclaimer, about, contact, dashboard.
[2026-07-29 11:32:06] Published: posts/goldd-me-nivesh-krne-ke-triike.html  (552 words)  total=426
[2026-07-29 11:32:06] Sleeping 15 min until next article...
[2026-07-29 11:33:06] Generating article: स्टॉक मार्केट शुरुआत कैसे करें
[2026-07-29 11:33:06] Wrote static pages: privacy, disclaimer, about, contact, dashboard.
[2026-07-29 11:33:06] Published: posts/sttok-maarkett-shuruaat-kaise-kre.html  (582 words)  total=427
[2026-07-29 11:33:06] Sleeping 15 min until next article...
[2026-07-29 11:39:47] Generating article: बेस्ट बजटिंग ऐप्स भारतीयों के लिए
[2026-07-29 11:39:47] Wrote static pages: privacy, disclaimer, about, contact, dashboard.
[2026-07-29 11:39:47] Published: posts/bestt-bjttig-aips-bhaartiiyo-ke-lie.html  (567 words)  total=428
[2026-07-29 11:39:47] Sleeping 10 min until next article...
[2026-07-29 11:47:06] Generating article: रिटायरमेंट प्लानिंग शुरुआती गाइड
[2026-07-29 11:47:06] Wrote static pages: privacy, disclaimer, about, contact, dashboard.
[2026-07-29 11:47:06] Published: posts/rittaayrmett-plaanig-shuruaatii-gaaidd.html  (581 words)  total=429
[2026-07-29 11:47:06] Sleeping 15 min until next article...
[2026-07-29 11:48:06] Generating article: स्टॉक मार्केट शुरुआत कैसे करें
[2026-07-29 11:48:06] Wrote static pages: privacy, disclaimer, about, contact, dashboard.
[2026-07-29 11:48:06] Published: posts/sttok-maarkett-shuruaat-kaise-kre.html  (582 words)  total=430
[2026-07-29 11:48:06] Sleeping 15 min until next article...
[2026-07-29 11:49:47] Generating article: ELSS टैक्स सेविंग फंड्स टॉप 5
[2026-07-29 11:49:47] Wrote static pages: privacy, disclaimer, about, contact, dashboard.
[2026-07-29 11:49:47] Published: posts/elss-ttaiks-sevig-phdds-ttop-5.html  (570 words)  total=431
[2026-07-29 11:49:47] Sleeping 10 min until next article...
[2026-07-29 11:59:47] Generating article: बेस्ट बजटिंग ऐप्स भारतीयों के लिए
[2026-07-29 11:59:47] Wrote static pages: privacy, disclaimer, about, contact, dashboard.
[2026-07-29 11:59:47] Published: posts/bestt-bjttig-aips-bhaartiiyo-ke-lie.html  (567 words)  total=432
[2026-07-29 11:59:47] Sleeping 10 min until next article...
[2026-07-29 12:02:06] Generating article: बेस्ट बजटिंग ऐप्स भारतीयों के लिए
[2026-07-29 12:02:06] Wrote static pages: privacy, disclaimer, about, contact, dashboard.
[2026-07-29 12:02:06] Published: posts/bestt-bjttig-aips-bhaartiiyo-ke-lie.html  (568 words)  total=433
[2026-07-29 12:02:06] Sleeping 15 min until next article...
[2026-07-29 12:03:06] Generating article: स्टॉक मार्केट शुरुआत कैसे करें
[2026-07-29 12:03:06] Wrote static pages: privacy, disclaimer, about, contact, dashboard.
[2026-07-29 12:03:06] Published: posts/sttok-maarkett-shuruaat-kaise-kre.html  (582 words)  total=434
[2026-07-29 12:03:06] Sleeping 15 min until next article...
[2026-07-29 12:09:47] Generating article: ELSS टैक्स सेविंग फंड्स टॉप 5
[2026-07-29 12:09:47] Wrote static pages: privacy, disclaimer, about, contact, dashboard.
[2026-07-29 12:09:47] Published: posts/elss-ttaiks-sevig-phdds-ttop-5.html  (570 words)  total=435
[2026-07-29 12:09:47] Sleeping 10 min until next article...
[2026-07-29 12:17:06] Generating article: PPF बनाम म्यूचुअल फंड — क्या बेहतर है
[2026-07-29 12:17:06] Wrote static pages: privacy, disclaimer, about, contact, dashboard.
[2026-07-29 12:17:06] Published: posts/ppf-bnaam-myuucual-phdd----kyaa-behtr-hai.html  (568 words)  total=436
[2026-07-29 12:17:06] Sleeping 15 min until next article...
[2026-07-29 12:18:06] Generating article: स्टॉक मार्केट शुरुआत कैसे करें
[2026-07-29 12:18:06] Wrote static pages: privacy, disclaimer, about, contact, dashboard.
[2026-07-29 12:18:06] Published: posts/sttok-maarkett-shuruaat-kaise-kre.html  (582 words)  total=437
[2026-07-29 12:18:06] Sleeping 15 min until next article...
[2026-07-29 12:19:47] Generating article: बेस्ट बजटिंग ऐप्स भारतीयों के लिए
[2026-07-29 12:19:47] Wrote static pages: privacy, disclaimer, about, contact, dashboard.
[2026-07-29 12:19:47] Published: posts/bestt-bjttig-aips-bhaartiiyo-ke-lie.html  (567 words)  total=438
[2026-07-29 12:19:47] Sleeping 10 min until next article...
[2026-07-29 12:29:47] Generating article: ELSS टैक्स सेविंग फंड्स टॉप 5
[2026-07-29 12:29:47] Wrote static pages: privacy, disclaimer, about, contact, dashboard.
[2026-07-29 12:29:47] Published: posts/elss-ttaiks-sevig-phdds-ttop-5.html  (570 words)  total=439
[2026-07-29 12:29:47] Sleeping 10 min until next article...
[2026-07-29 12:32:06] Generating article: छोटी सैलरी से निवेश कैसे शुरू करें
[2026-07-29 12:32:06] Wrote static pages: privacy, disclaimer, about, contact, dashboard.
[2026-07-29 12:32:06] Published: posts/chottii-sailrii-se-nivesh-kaise-shuruu-kre.html  (566 words)  total=440
[2026-07-29 12:32:06] Sleeping 15 min until next article...
[2026-07-29 12:33:06] Generating article: स्टॉक मार्केट शुरुआत कैसे करें
[2026-07-29 12:33:06] Wrote static pages: privacy, disclaimer, about, contact, dashboard.
[2026-07-29 12:33:06] Published: posts/sttok-maarkett-shuruaat-kaise-kre.html  (582 words)  total=441
[2026-07-29 12:33:06] Sleeping 15 min until next article...
[2026-07-29 12:39:47] Generating article: बेस्ट बजटिंग ऐप्स भारतीयों के लिए
[2026-07-29 12:39:47] Wrote static pages: privacy, disclaimer, about, contact, dashboard.
[2026-07-29 12:39:47] Published: posts/bestt-bjttig-aips-bhaartiiyo-ke-lie.html  (567 words)  total=442
[2026-07-29 12:39:47] Sleeping 10 min until next article...
[2026-07-29 12:47:06] Generating article: गोल्ड में निवेश करने के तरीके
[2026-07-29 12:47:06] Wrote static pages: privacy, disclaimer, about, contact, dashboard.
[2026-07-29 12:47:06] Published: posts/goldd-me-nivesh-krne-ke-triike.html  (552 words)  total=443
[2026-07-29 12:47:06] Sleeping 15 min until next article...
[2026-07-29 12:48:06] Generating article: स्टॉक मार्केट शुरुआत कैसे करें
[2026-07-29 12:48:06] Wrote static pages: privacy, disclaimer, about, contact, dashboard.
[2026-07-29 12:48:06] Published: posts/sttok-maarkett-shuruaat-kaise-kre.html  (582 words)  total=444
[2026-07-29 12:48:06] Sleeping 15 min until next article...
[2026-07-29 12:49:47] Generating article: ELSS टैक्स सेविंग फंड्स टॉप 5
[2026-07-29 12:49:47] Wrote static pages: privacy, disclaimer, about, contact, dashboard.
[2026-07-29 12:49:47] Published: posts/elss-ttaiks-sevig-phdds-ttop-5.html  (570 words)  total=445
[2026-07-29 12:49:47] Sleeping 10 min until next article...
[2026-07-29 12:59:47] Generating article: बेस्ट बजटिंग ऐप्स भारतीयों के लिए
[2026-07-29 12:59:47] Wrote static pages: privacy, disclaimer, about, contact, dashboard.
[2026-07-29 12:59:47] Published: posts/bestt-bjttig-aips-bhaartiiyo-ke-lie.html  (567 words)  total=446
[2026-07-29 12:59:47] Sleeping 10 min until next article...
[2026-07-29 13:02:06] Generating article: रिटायरमेंट प्लानिंग शुरुआती गाइड
[2026-07-29 13:02:06] Wrote static pages: privacy, disclaimer, about, contact, dashboard.
[2026-07-29 13:02:06] Published: posts/rittaayrmett-plaanig-shuruaatii-gaaidd.html  (581 words)  total=447
[2026-07-29 13:02:06] Sleeping 15 min until next article...
[2026-07-29 13:03:06] Generating article: स्टॉक मार्केट शुरुआत कैसे करें
[2026-07-29 13:03:06] Wrote static pages: privacy, disclaimer, about, contact, dashboard.
[2026-07-29 13:03:06] Published: posts/sttok-maarkett-shuruaat-kaise-kre.html  (582 words)  total=448
[2026-07-29 13:03:06] Sleeping 15 min until next article...
[2026-07-29 13:09:47] Generating article: ELSS टैक्स सेविंग फंड्स टॉप 5
[2026-07-29 13:09:47] Wrote static pages: privacy, disclaimer, about, contact, dashboard.
[2026-07-29 13:09:47] Published: posts/elss-ttaiks-sevig-phdds-ttop-5.html  (570 words)  total=449
[2026-07-29 13:09:47] Sleeping 10 min until next article...
[2026-07-29 13:17:06] Generating article: बेस्ट बजटिंग ऐप्स भारतीयों के लिए
[2026-07-29 13:17:06] Wrote static pages: privacy, disclaimer, about, contact, dashboard.
[2026-07-29 13:17:06] Published: posts/bestt-bjttig-aips-bhaartiiyo-ke-lie.html  (568 words)  total=450
[2026-07-29 13:17:06] Sleeping 15 min until next article...
[2026-07-29 13:18:06] Generating article: स्टॉक मार्केट शुरुआत कैसे करें
[2026-07-29 13:18:06] Wrote static pages: privacy, disclaimer, about, contact, dashboard.
[2026-07-29 13:18:06] Published: posts/sttok-maarkett-shuruaat-kaise-kre.html  (582 words)  total=451
[2026-07-29 13:18:06] Sleeping 15 min until next article...
[2026-07-29 13:19:47] Generating article: बेस्ट बजटिंग ऐप्स भारतीयों के लिए
[2026-07-29 13:19:47] Wrote static pages: privacy, disclaimer, about, contact, dashboard.
[2026-07-29 13:19:47] Published: posts/bestt-bjttig-aips-bhaartiiyo-ke-lie.html  (567 words)  total=452
[2026-07-29 13:19:47] Sleeping 10 min until next article...
[2026-07-29 13:29:47] Generating article: ELSS टैक्स सेविंग फंड्स टॉप 5
[2026-07-29 13:29:47] Wrote static pages: privacy, disclaimer, about, contact, dashboard.
[2026-07-29 13:29:47] Published: posts/elss-ttaiks-sevig-phdds-ttop-5.html  (570 words)  total=453
[2026-07-29 13:29:47] Sleeping 10 min until next article...
[2026-07-29 13:32:06] Generating article: PPF बनाम म्यूचुअल फंड — क्या बेहतर है
[2026-07-29 13:32:06] Wrote static pages: privacy, disclaimer, about, contact, dashboard.
[2026-07-29 13:32:06] Published: posts/ppf-bnaam-myuucual-phdd----kyaa-behtr-hai.html  (568 words)  total=454
[2026-07-29 13:32:06] Sleeping 15 min until next article...
[2026-07-29 13:33:06] Generating article: स्टॉक मार्केट शुरुआत कैसे करें
[2026-07-29 13:33:06] Wrote static pages: privacy, disclaimer, about, contact, dashboard.
[2026-07-29 13:33:06] Published: posts/sttok-maarkett-shuruaat-kaise-kre.html  (582 words)  total=455
[2026-07-29 13:33:06] Sleeping 15 min until next article...
[2026-07-29 13:39:47] Generating article: बेस्ट बजटिंग ऐप्स भारतीयों के लिए
[2026-07-29 13:39:47] Wrote static pages: privacy, disclaimer, about, contact, dashboard.
[2026-07-29 13:39:47] Published: posts/bestt-bjttig-aips-bhaartiiyo-ke-lie.html  (567 words)  total=456
[2026-07-29 13:39:47] Sleeping 10 min until next article...
[2026-07-29 13:47:06] Generating article: छोटी सैलरी से निवेश कैसे शुरू करें
[2026-07-29 13:47:06] Wrote static pages: privacy, disclaimer, about, contact, dashboard.
[2026-07-29 13:47:06] Published: posts/chottii-sailrii-se-nivesh-kaise-shuruu-kre.html  (566 words)  total=457
[2026-07-29 13:47:06] Sleeping 15 min until next article...
[2026-07-29 13:48:06] Generating article: स्टॉक मार्केट शुरुआत कैसे करें
[2026-07-29 13:48:06] Wrote static pages: privacy, disclaimer, about, contact, dashboard.
[2026-07-29 13:48:06] Published: posts/sttok-maarkett-shuruaat-kaise-kre.html  (582 words)  total=458
[2026-07-29 13:48:06] Sleeping 15 min until next article...
[2026-07-29 13:49:47] Generating article: ELSS टैक्स सेविंग फंड्स टॉप 5
[2026-07-29 13:49:47] Wrote static pages: privacy, disclaimer, about, contact, dashboard.
[2026-07-29 13:49:47] Published: posts/elss-ttaiks-sevig-phdds-ttop-5.html  (570 words)  total=459
[2026-07-29 13:49:47] Sleeping 10 min until next article...
[2026-07-29 13:59:47] Generating article: बेस्ट बजटिंग ऐप्स भारतीयों के लिए
[2026-07-29 13:59:47] Wrote static pages: privacy, disclaimer, about, contact, dashboard.
[2026-07-29 13:59:47] Published: posts/bestt-bjttig-aips-bhaartiiyo-ke-lie.html  (567 words)  total=460
[2026-07-29 13:59:47] Sleeping 10 min until next article...
[2026-07-29 14:02:06] Generating article: गोल्ड में निवेश करने के तरीके
[2026-07-29 14:02:06] Wrote static pages: privacy, disclaimer, about, contact, dashboard.
[2026-07-29 14:02:06] Published: posts/goldd-me-nivesh-krne-ke-triike.html  (552 words)  total=461
[2026-07-29 14:02:06] Sleeping 15 min until next article...
[2026-07-29 14:03:06] Generating article: स्टॉक मार्केट शुरुआत कैसे करें
[2026-07-29 14:03:06] Wrote static pages: privacy, disclaimer, about, contact, dashboard.
[2026-07-29 14:03:06] Published: posts/sttok-maarkett-shuruaat-kaise-kre.html  (582 words)  total=462
[2026-07-29 14:03:06] Sleeping 15 min until next article...
[2026-07-29 14:09:47] Generating article: ELSS टैक्स सेविंग फंड्स टॉप 5
[2026-07-29 14:09:47] Wrote static pages: privacy, disclaimer, about, contact, dashboard.
[2026-07-29 14:09:47] Published: posts/elss-ttaiks-sevig-phdds-ttop-5.html  (570 words)  total=463
[2026-07-29 14:09:47] Sleeping 10 min until next article...
[2026-07-29 14:17:06] Generating article: रिटायरमेंट प्लानिंग शुरुआती गाइड
[2026-07-29 14:17:06] Wrote static pages: privacy, disclaimer, about, contact, dashboard.
[2026-07-29 14:17:06] Published: posts/rittaayrmett-plaanig-shuruaatii-gaaidd.html  (581 words)  total=464
[2026-07-29 14:17:06] Sleeping 15 min until next article...
[2026-07-29 14:18:06] Generating article: स्टॉक मार्केट शुरुआत कैसे करें
[2026-07-29 14:18:06] Wrote static pages: privacy, disclaimer, about, contact, dashboard.
[2026-07-29 14:18:06] Published: posts/sttok-maarkett-shuruaat-kaise-kre.html  (582 words)  total=465
[2026-07-29 14:18:06] Sleeping 15 min until next article...
[2026-07-29 14:19:47] Generating article: बेस्ट बजटिंग ऐप्स भारतीयों के लिए
[2026-07-29 14:19:47] Wrote static pages: privacy, disclaimer, about, contact, dashboard.
[2026-07-29 14:19:47] Published: posts/bestt-bjttig-aips-bhaartiiyo-ke-lie.html  (567 words)  total=466
[2026-07-29 14:19:47] Sleeping 10 min until next article...
[2026-07-29 14:29:47] Generating article: ELSS टैक्स सेविंग फंड्स टॉप 5
[2026-07-29 14:29:47] Wrote static pages: privacy, disclaimer, about, contact, dashboard.
[2026-07-29 14:29:47] Published: posts/elss-ttaiks-sevig-phdds-ttop-5.html  (570 words)  total=467
[2026-07-29 14:29:47] Sleeping 10 min until next article...
[2026-07-29 14:32:06] Generating article: बेस्ट बजटिंग ऐप्स भारतीयों के लिए
[2026-07-29 14:32:06] Wrote static pages: privacy, disclaimer, about, contact, dashboard.
[2026-07-29 14:32:06] Published: posts/bestt-bjttig-aips-bhaartiiyo-ke-lie.html  (568 words)  total=468
[2026-07-29 14:32:06] Sleeping 15 min until next article...
[2026-07-29 14:33:06] Generating article: स्टॉक मार्केट शुरुआत कैसे करें
[2026-07-29 14:33:06] Wrote static pages: privacy, disclaimer, about, contact, dashboard.
[2026-07-29 14:33:06] Published: posts/sttok-maarkett-shuruaat-kaise-kre.html  (582 words)  total=469
[2026-07-29 14:33:06] Sleeping 15 min until next article...
[2026-07-29 14:39:47] Generating article: बेस्ट बजटिंग ऐप्स भारतीयों के लिए
[2026-07-29 14:39:47] Wrote static pages: privacy, disclaimer, about, contact, dashboard.
[2026-07-29 14:39:47] Published: posts/bestt-bjttig-aips-bhaartiiyo-ke-lie.html  (567 words)  total=470
[2026-07-29 14:39:47] Sleeping 10 min until next article...
[2026-07-29 14:47:06] Generating article: PPF बनाम म्यूचुअल फंड — क्या बेहतर है
[2026-07-29 14:47:06] Wrote static pages: privacy, disclaimer, about, contact, dashboard.
[2026-07-29 14:47:06] Published: posts/ppf-bnaam-myuucual-phdd----kyaa-behtr-hai.html  (568 words)  total=471
[2026-07-29 14:47:06] Sleeping 15 min until next article...
[2026-07-29 14:48:06] Generating article: स्टॉक मार्केट शुरुआत कैसे करें
[2026-07-29 14:48:06] Wrote static pages: privacy, disclaimer, about, contact, dashboard.
[2026-07-29 14:48:06] Published: posts/sttok-maarkett-shuruaat-kaise-kre.html  (582 words)  total=472
[2026-07-29 14:48:06] Sleeping 15 min until next article...
[2026-07-29 14:49:47] Generating article: ELSS टैक्स सेविंग फंड्स टॉप 5
[2026-07-29 14:49:47] Wrote static pages: privacy, disclaimer, about, contact, dashboard.
[2026-07-29 14:49:47] Published: posts/elss-ttaiks-sevig-phdds-ttop-5.html  (570 words)  total=473
[2026-07-29 14:49:47] Sleeping 10 min until next article...
[2026-07-29 14:59:47] Generating article: बेस्ट बजटिंग ऐप्स भारतीयों के लिए
[2026-07-29 14:59:47] Wrote static pages: privacy, disclaimer, about, contact, dashboard.
[2026-07-29 14:59:47] Published: posts/bestt-bjttig-aips-bhaartiiyo-ke-lie.html  (567 words)  total=474
[2026-07-29 14:59:47] Sleeping 10 min until next article...
[2026-07-29 15:02:06] Generating article: छोटी सैलरी से निवेश कैसे शुरू करें
[2026-07-29 15:02:06] Wrote static pages: privacy, disclaimer, about, contact, dashboard.
[2026-07-29 15:02:06] Published: posts/chottii-sailrii-se-nivesh-kaise-shuruu-kre.html  (566 words)  total=475
[2026-07-29 15:02:06] Sleeping 15 min until next article...
[2026-07-29 15:03:06] Generating article: स्टॉक मार्केट शुरुआत कैसे करें
[2026-07-29 15:03:06] Wrote static pages: privacy, disclaimer, about, contact, dashboard.
[2026-07-29 15:03:06] Published: posts/sttok-maarkett-shuruaat-kaise-kre.html  (582 words)  total=476
[2026-07-29 15:03:06] Sleeping 15 min until next article...
[2026-07-29 15:09:47] Generating article: ELSS टैक्स सेविंग फंड्स टॉप 5
[2026-07-29 15:09:47] Wrote static pages: privacy, disclaimer, about, contact, dashboard.
[2026-07-29 15:09:47] Published: posts/elss-ttaiks-sevig-phdds-ttop-5.html  (570 words)  total=477
[2026-07-29 15:09:47] Sleeping 10 min until next article...
[2026-07-29 15:17:06] Generating article: गोल्ड में निवेश करने के तरीके
[2026-07-29 15:17:06] Wrote static pages: privacy, disclaimer, about, contact, dashboard.
[2026-07-29 15:17:06] Published: posts/goldd-me-nivesh-krne-ke-triike.html  (552 words)  total=478
[2026-07-29 15:17:06] Sleeping 15 min until next article...
[2026-07-29 15:18:06] Generating article: स्टॉक मार्केट शुरुआत कैसे करें
[2026-07-29 15:18:06] Wrote static pages: privacy, disclaimer, about, contact, dashboard.
[2026-07-29 15:18:06] Published: posts/sttok-maarkett-shuruaat-kaise-kre.html  (582 words)  total=479
[2026-07-29 15:18:06] Sleeping 15 min until next article...
[2026-07-29 15:19:47] Generating article: बेस्ट बजटिंग ऐप्स भारतीयों के लिए
[2026-07-29 15:19:47] Wrote static pages: privacy, disclaimer, about, contact, dashboard.
[2026-07-29 15:19:47] Published: posts/bestt-bjttig-aips-bhaartiiyo-ke-lie.html  (567 words)  total=480
[2026-07-29 15:19:47] Sleeping 10 min until next article...
[2026-07-29 15:29:47] Generating article: ELSS टैक्स सेविंग फंड्स टॉप 5
[2026-07-29 15:29:47] Wrote static pages: privacy, disclaimer, about, contact, dashboard.
[2026-07-29 15:29:47] Published: posts/elss-ttaiks-sevig-phdds-ttop-5.html  (570 words)  total=481
[2026-07-29 15:29:47] Sleeping 10 min until next article...
[2026-07-29 15:32:06] Generating article: रिटायरमेंट प्लानिंग शुरुआती गाइड
[2026-07-29 15:32:06] Wrote static pages: privacy, disclaimer, about, contact, dashboard.
[2026-07-29 15:32:06] Published: posts/rittaayrmett-plaanig-shuruaatii-gaaidd.html  (581 words)  total=482
[2026-07-29 15:32:06] Sleeping 15 min until next article...
[2026-07-29 15:33:06] Generating article: स्टॉक मार्केट शुरुआत कैसे करें
[2026-07-29 15:33:06] Wrote static pages: privacy, disclaimer, about, contact, dashboard.
[2026-07-29 15:33:06] Published: posts/sttok-maarkett-shuruaat-kaise-kre.html  (582 words)  total=483
[2026-07-29 15:33:06] Sleeping 15 min until next article...
[2026-07-29 15:39:47] Generating article: बेस्ट बजटिंग ऐप्स भारतीयों के लिए
[2026-07-29 15:39:47] Wrote static pages: privacy, disclaimer, about, contact, dashboard.
[2026-07-29 15:39:47] Published: posts/bestt-bjttig-aips-bhaartiiyo-ke-lie.html  (567 words)  total=484
[2026-07-29 15:39:47] Sleeping 10 min until next article...
[2026-07-29 15:47:06] Generating article: बेस्ट बजटिंग ऐप्स भारतीयों के लिए
[2026-07-29 15:47:06] Wrote static pages: privacy, disclaimer, about, contact, dashboard.
[2026-07-29 15:47:06] Published: posts/bestt-bjttig-aips-bhaartiiyo-ke-lie.html  (568 words)  total=485
[2026-07-29 15:47:06] Sleeping 15 min until next article...
[2026-07-29 15:48:06] Generating article: स्टॉक मार्केट शुरुआत कैसे करें
[2026-07-29 15:48:06] Wrote static pages: privacy, disclaimer, about, contact, dashboard.
[2026-07-29 15:48:06] Published: posts/sttok-maarkett-shuruaat-kaise-kre.html  (582 words)  total=486
[2026-07-29 15:48:06] Sleeping 15 min until next article...
[2026-07-29 15:49:47] Generating article: ELSS टैक्स सेविंग फंड्स टॉप 5
[2026-07-29 15:49:47] Wrote static pages: privacy, disclaimer, about, contact, dashboard.
[2026-07-29 15:49:47] Published: posts/elss-ttaiks-sevig-phdds-ttop-5.html  (570 words)  total=487
[2026-07-29 15:49:47] Sleeping 10 min until next article...
[2026-07-29 15:59:47] Generating article: बेस्ट बजटिंग ऐप्स भारतीयों के लिए
[2026-07-29 15:59:47] Wrote static pages: privacy, disclaimer, about, contact, dashboard.
[2026-07-29 15:59:47] Published: posts/bestt-bjttig-aips-bhaartiiyo-ke-lie.html  (567 words)  total=488
[2026-07-29 15:59:47] Sleeping 10 min until next article...
[2026-07-29 16:02:06] Generating article: PPF बनाम म्यूचुअल फंड — क्या बेहतर है
[2026-07-29 16:02:06] Wrote static pages: privacy, disclaimer, about, contact, dashboard.
[2026-07-29 16:02:06] Published: posts/ppf-bnaam-myuucual-phdd----kyaa-behtr-hai.html  (568 words)  total=489
[2026-07-29 16:02:06] Sleeping 15 min until next article...
[2026-07-29 16:03:06] Generating article: स्टॉक मार्केट शुरुआत कैसे करें
[2026-07-29 16:03:06] Wrote static pages: privacy, disclaimer, about, contact, dashboard.
[2026-07-29 16:03:06] Published: posts/sttok-maarkett-shuruaat-kaise-kre.html  (582 words)  total=490
[2026-07-29 16:03:06] Sleeping 15 min until next article...
[2026-07-29 16:09:47] Generating article: ELSS टैक्स सेविंग फंड्स टॉप 5
[2026-07-29 16:09:47] Wrote static pages: privacy, disclaimer, about, contact, dashboard.
[2026-07-29 16:09:47] Published: posts/elss-ttaiks-sevig-phdds-ttop-5.html  (570 words)  total=491
[2026-07-29 16:09:47] Sleeping 10 min until next article...
[2026-07-29 16:17:06] Generating article: छोटी सैलरी से निवेश कैसे शुरू करें
[2026-07-29 16:17:06] Wrote static pages: privacy, disclaimer, about, contact, dashboard.
[2026-07-29 16:17:06] Published: posts/chottii-sailrii-se-nivesh-kaise-shuruu-kre.html  (566 words)  total=492
[2026-07-29 16:17:06] Sleeping 15 min until next article...
[2026-07-29 16:18:06] Generating article: स्टॉक मार्केट शुरुआत कैसे करें
[2026-07-29 16:18:06] Wrote static pages: privacy, disclaimer, about, contact, dashboard.
[2026-07-29 16:18:06] Published: posts/sttok-maarkett-shuruaat-kaise-kre.html  (582 words)  total=493
[2026-07-29 16:18:06] Sleeping 15 min until next article...
[2026-07-29 16:19:47] Generating article: बेस्ट बजटिंग ऐप्स भारतीयों के लिए
[2026-07-29 16:19:47] Wrote static pages: privacy, disclaimer, about, contact, dashboard.
[2026-07-29 16:19:47] Published: posts/bestt-bjttig-aips-bhaartiiyo-ke-lie.html  (567 words)  total=494
[2026-07-29 16:19:47] Sleeping 10 min until next article...
[2026-07-29 16:29:47] Generating article: ELSS टैक्स सेविंग फंड्स टॉप 5
[2026-07-29 16:29:47] Wrote static pages: privacy, disclaimer, about, contact, dashboard.
[2026-07-29 16:29:47] Published: posts/elss-ttaiks-sevig-phdds-ttop-5.html  (570 words)  total=495
[2026-07-29 16:29:47] Sleeping 10 min until next article...
[2026-07-29 16:32:06] Generating article: गोल्ड में निवेश करने के तरीके
[2026-07-29 16:32:06] Wrote static pages: privacy, disclaimer, about, contact, dashboard.
[2026-07-29 16:32:06] Published: posts/goldd-me-nivesh-krne-ke-triike.html  (552 words)  total=496
[2026-07-29 16:32:06] Sleeping 15 min until next article...
[2026-07-29 16:33:06] Generating article: स्टॉक मार्केट शुरुआत कैसे करें
[2026-07-29 16:33:06] Wrote static pages: privacy, disclaimer, about, contact, dashboard.
[2026-07-29 16:33:06] Published: posts/sttok-maarkett-shuruaat-kaise-kre.html  (582 words)  total=497
[2026-07-29 16:33:06] Sleeping 15 min until next article...
[2026-07-29 16:39:47] Generating article: बेस्ट बजटिंग ऐप्स भारतीयों के लिए
[2026-07-29 16:39:47] Wrote static pages: privacy, disclaimer, about, contact, dashboard.
[2026-07-29 16:39:47] Published: posts/bestt-bjttig-aips-bhaartiiyo-ke-lie.html  (567 words)  total=498
[2026-07-29 16:39:47] Sleeping 10 min until next article...
[2026-07-29 16:47:06] Generating article: रिटायरमेंट प्लानिंग शुरुआती गाइड
[2026-07-29 16:47:06] Wrote static pages: privacy, disclaimer, about, contact, dashboard.
[2026-07-29 16:47:06] Published: posts/rittaayrmett-plaanig-shuruaatii-gaaidd.html  (581 words)  total=499
[2026-07-29 16:47:06] Sleeping 15 min until next article...
[2026-07-29 16:48:06] Generating article: स्टॉक मार्केट शुरुआत कैसे करें
[2026-07-29 16:48:06] Wrote static pages: privacy, disclaimer, about, contact, dashboard.
[2026-07-29 16:48:06] Published: posts/sttok-maarkett-shuruaat-kaise-kre.html  (582 words)  total=500
[2026-07-29 16:48:06] Sleeping 15 min until next article...
[2026-07-29 16:49:47] Generating article: ELSS टैक्स सेविंग फंड्स टॉप 5
[2026-07-29 16:49:47] Wrote static pages: privacy, disclaimer, about, contact, dashboard.
[2026-07-29 16:49:47] Published: posts/elss-ttaiks-sevig-phdds-ttop-5.html  (570 words)  total=501
[2026-07-29 16:49:47] Sleeping 10 min until next article...
[2026-07-29 16:59:47] Generating article: बेस्ट बजटिंग ऐप्स भारतीयों के लिए
[2026-07-29 16:59:47] Wrote static pages: privacy, disclaimer, about, contact, dashboard.
[2026-07-29 16:59:47] Published: posts/bestt-bjttig-aips-bhaartiiyo-ke-lie.html  (567 words)  total=502
[2026-07-29 16:59:47] Sleeping 10 min until next article...
[2026-07-29 17:02:06] Generating article: बेस्ट बजटिंग ऐप्स भारतीयों के लिए
[2026-07-29 17:02:06] Wrote static pages: privacy, disclaimer, about, contact, dashboard.
[2026-07-29 17:02:06] Published: posts/bestt-bjttig-aips-bhaartiiyo-ke-lie.html  (568 words)  total=503
[2026-07-29 17:02:06] Sleeping 15 min until next article...
[2026-07-29 17:03:06] Generating article: स्टॉक मार्केट शुरुआत कैसे करें
[2026-07-29 17:03:06] Wrote static pages: privacy, disclaimer, about, contact, dashboard.
[2026-07-29 17:03:06] Published: posts/sttok-maarkett-shuruaat-kaise-kre.html  (582 words)  total=504
[2026-07-29 17:03:06] Sleeping 15 min until next article...
[2026-07-29 17:09:47] Generating article: ELSS टैक्स सेविंग फंड्स टॉप 5
[2026-07-29 17:09:47] Wrote static pages: privacy, disclaimer, about, contact, dashboard.
[2026-07-29 17:09:47] Published: posts/elss-ttaiks-sevig-phdds-ttop-5.html  (570 words)  total=505
[2026-07-29 17:09:47] Sleeping 10 min until next article...
[2026-07-29 17:17:06] Generating article: PPF बनाम म्यूचुअल फंड — क्या बेहतर है
[2026-07-29 17:17:06] Wrote static pages: privacy, disclaimer, about, contact, dashboard.
[2026-07-29 17:17:06] Published: posts/ppf-bnaam-myuucual-phdd----kyaa-behtr-hai.html  (568 words)  total=506
[2026-07-29 17:17:06] Sleeping 15 min until next article...
[2026-07-29 17:18:06] Generating article: स्टॉक मार्केट शुरुआत कैसे करें
[2026-07-29 17:18:06] Wrote static pages: privacy, disclaimer, about, contact, dashboard.
[2026-07-29 17:18:06] Published: posts/sttok-maarkett-shuruaat-kaise-kre.html  (582 words)  total=507
[2026-07-29 17:18:06] Sleeping 15 min until next article...
[2026-07-29 17:19:47] Generating article: बेस्ट बजटिंग ऐप्स भारतीयों के लिए
[2026-07-29 17:19:47] Wrote static pages: privacy, disclaimer, about, contact, dashboard.
[2026-07-29 17:19:47] Published: posts/bestt-bjttig-aips-bhaartiiyo-ke-lie.html  (567 words)  total=508
[2026-07-29 17:19:47] Sleeping 10 min until next article...
[2026-07-29 17:29:47] Generating article: ELSS टैक्स सेविंग फंड्स टॉप 5
[2026-07-29 17:29:47] Wrote static pages: privacy, disclaimer, about, contact, dashboard.
[2026-07-29 17:29:47] Published: posts/elss-ttaiks-sevig-phdds-ttop-5.html  (570 words)  total=509
[2026-07-29 17:29:47] Sleeping 10 min until next article...
[2026-07-29 17:32:06] Generating article: छोटी सैलरी से निवेश कैसे शुरू करें
[2026-07-29 17:32:06] Wrote static pages: privacy, disclaimer, about, contact, dashboard.
[2026-07-29 17:32:06] Published: posts/chottii-sailrii-se-nivesh-kaise-shuruu-kre.html  (566 words)  total=510
[2026-07-29 17:32:06] Sleeping 15 min until next article...
[2026-07-29 17:33:06] Generating article: स्टॉक मार्केट शुरुआत कैसे करें
[2026-07-29 17:33:06] Wrote static pages: privacy, disclaimer, about, contact, dashboard.
[2026-07-29 17:33:06] Published: posts/sttok-maarkett-shuruaat-kaise-kre.html  (582 words)  total=511
[2026-07-29 17:33:06] Sleeping 15 min until next article...
[2026-07-29 17:39:47] Generating article: बेस्ट बजटिंग ऐप्स भारतीयों के लिए
[2026-07-29 17:39:47] Wrote static pages: privacy, disclaimer, about, contact, dashboard.
[2026-07-29 17:39:47] Published: posts/bestt-bjttig-aips-bhaartiiyo-ke-lie.html  (567 words)  total=512
[2026-07-29 17:39:47] Sleeping 10 min until next article...
[2026-07-29 17:47:06] Generating article: गोल्ड में निवेश करने के तरीके
[2026-07-29 17:47:06] Wrote static pages: privacy, disclaimer, about, contact, dashboard.
[2026-07-29 17:47:06] Published: posts/goldd-me-nivesh-krne-ke-triike.html  (552 words)  total=513
[2026-07-29 17:47:06] Sleeping 15 min until next article...
[2026-07-29 17:48:06] Generating article: स्टॉक मार्केट शुरुआत कैसे करें
[2026-07-29 17:48:06] Wrote static pages: privacy, disclaimer, about, contact, dashboard.
[2026-07-29 17:48:06] Published: posts/sttok-maarkett-shuruaat-kaise-kre.html  (582 words)  total=514
[2026-07-29 17:48:06] Sleeping 15 min until next article...
[2026-07-29 17:49:47] Generating article: ELSS टैक्स सेविंग फंड्स टॉप 5
[2026-07-29 17:49:47] Wrote static pages: privacy, disclaimer, about, contact, dashboard.
[2026-07-29 17:49:47] Published: posts/elss-ttaiks-sevig-phdds-ttop-5.html  (570 words)  total=515
[2026-07-29 17:49:47] Sleeping 10 min until next article...
[2026-07-29 17:59:47] Generating article: बेस्ट बजटिंग ऐप्स भारतीयों के लिए
[2026-07-29 17:59:47] Wrote static pages: privacy, disclaimer, about, contact, dashboard.
[2026-07-29 17:59:47] Published: posts/bestt-bjttig-aips-bhaartiiyo-ke-lie.html  (567 words)  total=516
[2026-07-29 17:59:47] Sleeping 10 min until next article...
[2026-07-29 18:02:06] Generating article: रिटायरमेंट प्लानिंग शुरुआती गाइड
[2026-07-29 18:02:06] Wrote static pages: privacy, disclaimer, about, contact, dashboard.
[2026-07-29 18:02:06] Published: posts/rittaayrmett-plaanig-shuruaatii-gaaidd.html  (581 words)  total=517
[2026-07-29 18:02:06] Sleeping 15 min until next article...
[2026-07-29 18:03:06] Generating article: स्टॉक मार्केट शुरुआत कैसे करें
[2026-07-29 18:03:06] Wrote static pages: privacy, disclaimer, about, contact, dashboard.
[2026-07-29 18:03:06] Published: posts/sttok-maarkett-shuruaat-kaise-kre.html  (582 words)  total=518
[2026-07-29 18:03:06] Sleeping 15 min until next article...
[2026-07-29 18:09:47] Generating article: ELSS टैक्स सेविंग फंड्स टॉप 5
[2026-07-29 18:09:47] Wrote static pages: privacy, disclaimer, about, contact, dashboard.
[2026-07-29 18:09:47] Published: posts/elss-ttaiks-sevig-phdds-ttop-5.html  (570 words)  total=519
[2026-07-29 18:09:47] Sleeping 10 min until next article...
[2026-07-29 18:17:06] Generating article: बेस्ट बजटिंग ऐप्स भारतीयों के लिए
[2026-07-29 18:17:07] Wrote static pages: privacy, disclaimer, about, contact, dashboard.
[2026-07-29 18:17:07] Published: posts/bestt-bjttig-aips-bhaartiiyo-ke-lie.html  (568 words)  total=520
[2026-07-29 18:17:07] Sleeping 15 min until next article...
[2026-07-29 18:18:06] Generating article: स्टॉक मार्केट शुरुआत कैसे करें
[2026-07-29 18:18:06] Wrote static pages: privacy, disclaimer, about, contact, dashboard.
[2026-07-29 18:18:06] Published: posts/sttok-maarkett-shuruaat-kaise-kre.html  (582 words)  total=521
[2026-07-29 18:18:06] Sleeping 15 min until next article...
[2026-07-29 18:19:47] Generating article: बेस्ट बजटिंग ऐप्स भारतीयों के लिए
[2026-07-29 18:19:47] Wrote static pages: privacy, disclaimer, about, contact, dashboard.
[2026-07-29 18:19:47] Published: posts/bestt-bjttig-aips-bhaartiiyo-ke-lie.html  (567 words)  total=522
[2026-07-29 18:19:47] Sleeping 10 min until next article...
[2026-07-29 18:29:47] Generating article: ELSS टैक्स सेविंग फंड्स टॉप 5
[2026-07-29 18:29:47] Wrote static pages: privacy, disclaimer, about, contact, dashboard.
[2026-07-29 18:29:47] Published: posts/elss-ttaiks-sevig-phdds-ttop-5.html  (570 words)  total=523
[2026-07-29 18:29:47] Sleeping 10 min until next article...
[2026-07-29 18:32:07] Generating article: PPF बनाम म्यूचुअल फंड — क्या बेहतर है
[2026-07-29 18:32:07] Wrote static pages: privacy, disclaimer, about, contact, dashboard.
[2026-07-29 18:32:07] Published: posts/ppf-bnaam-myuucual-phdd----kyaa-behtr-hai.html  (568 words)  total=524
[2026-07-29 18:32:07] Sleeping 15 min until next article...
[2026-07-29 18:33:06] Generating article: स्टॉक मार्केट शुरुआत कैसे करें
[2026-07-29 18:33:06] Wrote static pages: privacy, disclaimer, about, contact, dashboard.
[2026-07-29 18:33:06] Published: posts/sttok-maarkett-shuruaat-kaise-kre.html  (582 words)  total=525
[2026-07-29 18:33:06] Sleeping 15 min until next article...
[2026-07-29 18:39:47] Generating article: बेस्ट बजटिंग ऐप्स भारतीयों के लिए
[2026-07-29 18:39:47] Wrote static pages: privacy, disclaimer, about, contact, dashboard.
[2026-07-29 18:39:47] Published: posts/bestt-bjttig-aips-bhaartiiyo-ke-lie.html  (567 words)  total=526
[2026-07-29 18:39:47] Sleeping 10 min until next article...
[2026-07-29 18:47:07] Generating article: छोटी सैलरी से निवेश कैसे शुरू करें
[2026-07-29 18:47:07] Wrote static pages: privacy, disclaimer, about, contact, dashboard.
[2026-07-29 18:47:07] Published: posts/chottii-sailrii-se-nivesh-kaise-shuruu-kre.html  (566 words)  total=527
[2026-07-29 18:47:07] Sleeping 15 min until next article...
[2026-07-29 18:48:06] Generating article: स्टॉक मार्केट शुरुआत कैसे करें
[2026-07-29 18:48:06] Wrote static pages: privacy, disclaimer, about, contact, dashboard.
[2026-07-29 18:48:06] Published: posts/sttok-maarkett-shuruaat-kaise-kre.html  (582 words)  total=528
[2026-07-29 18:48:06] Sleeping 15 min until next article...
[2026-07-29 18:49:47] Generating article: ELSS टैक्स सेविंग फंड्स टॉप 5
[2026-07-29 18:49:47] Wrote static pages: privacy, disclaimer, about, contact, dashboard.
[2026-07-29 18:49:47] Published: posts/elss-ttaiks-sevig-phdds-ttop-5.html  (570 words)  total=529
[2026-07-29 18:49:47] Sleeping 10 min until next article...
[2026-07-29 18:59:47] Generating article: बेस्ट बजटिंग ऐप्स भारतीयों के लिए
[2026-07-29 18:59:47] Wrote static pages: privacy, disclaimer, about, contact, dashboard.
[2026-07-29 18:59:47] Published: posts/bestt-bjttig-aips-bhaartiiyo-ke-lie.html  (567 words)  total=530
[2026-07-29 18:59:47] Sleeping 10 min until next article...
[2026-07-29 19:02:07] Generating article: गोल्ड में निवेश करने के तरीके
[2026-07-29 19:02:07] Wrote static pages: privacy, disclaimer, about, contact, dashboard.
[2026-07-29 19:02:07] Published: posts/goldd-me-nivesh-krne-ke-triike.html  (552 words)  total=531
[2026-07-29 19:02:07] Sleeping 15 min until next article...
[2026-07-29 19:03:06] Generating article: स्टॉक मार्केट शुरुआत कैसे करें
[2026-07-29 19:03:06] Wrote static pages: privacy, disclaimer, about, contact, dashboard.
[2026-07-29 19:03:06] Published: posts/sttok-maarkett-shuruaat-kaise-kre.html  (582 words)  total=532
[2026-07-29 19:03:06] Sleeping 15 min until next article...
[2026-07-29 19:09:47] Generating article: ELSS टैक्स सेविंग फंड्स टॉप 5
[2026-07-29 19:09:47] Wrote static pages: privacy, disclaimer, about, contact, dashboard.
[2026-07-29 19:09:47] Published: posts/elss-ttaiks-sevig-phdds-ttop-5.html  (570 words)  total=533
[2026-07-29 19:09:47] Sleeping 10 min until next article...
[2026-07-29 19:17:07] Generating article: रिटायरमेंट प्लानिंग शुरुआती गाइड
[2026-07-29 19:17:07] Wrote static pages: privacy, disclaimer, about, contact, dashboard.
[2026-07-29 19:17:07] Published: posts/rittaayrmett-plaanig-shuruaatii-gaaidd.html  (581 words)  total=534
[2026-07-29 19:17:07] Sleeping 15 min until next article...
[2026-07-29 19:18:06] Generating article: स्टॉक मार्केट शुरुआत कैसे करें
[2026-07-29 19:18:06] Wrote static pages: privacy, disclaimer, about, contact, dashboard.
[2026-07-29 19:18:06] Published: posts/sttok-maarkett-shuruaat-kaise-kre.html  (582 words)  total=535
[2026-07-29 19:18:06] Sleeping 15 min until next article...
[2026-07-29 19:19:47] Generating article: बेस्ट बजटिंग ऐप्स भारतीयों के लिए
[2026-07-29 19:19:47] Wrote static pages: privacy, disclaimer, about, contact, dashboard.
[2026-07-29 19:19:47] Published: posts/bestt-bjttig-aips-bhaartiiyo-ke-lie.html  (567 words)  total=536
[2026-07-29 19:19:47] Sleeping 10 min until next article...
[2026-07-29 19:29:47] Generating article: ELSS टैक्स सेविंग फंड्स टॉप 5
[2026-07-29 19:29:47] Wrote static pages: privacy, disclaimer, about, contact, dashboard.
[2026-07-29 19:29:47] Published: posts/elss-ttaiks-sevig-phdds-ttop-5.html  (570 words)  total=537
[2026-07-29 19:29:47] Sleeping 10 min until next article...
[2026-07-29 19:32:07] Generating article: बेस्ट बजटिंग ऐप्स भारतीयों के लिए
[2026-07-29 19:32:07] Wrote static pages: privacy, disclaimer, about, contact, dashboard.
[2026-07-29 19:32:07] Published: posts/bestt-bjttig-aips-bhaartiiyo-ke-lie.html  (568 words)  total=538
[2026-07-29 19:32:07] Sleeping 15 min until next article...
[2026-07-29 19:33:06] Generating article: स्टॉक मार्केट शुरुआत कैसे करें
[2026-07-29 19:33:06] Wrote static pages: privacy, disclaimer, about, contact, dashboard.
[2026-07-29 19:33:06] Published: posts/sttok-maarkett-shuruaat-kaise-kre.html  (582 words)  total=539
[2026-07-29 19:33:06] Sleeping 15 min until next article...
[2026-07-29 19:39:47] Generating article: बेस्ट बजटिंग ऐप्स भारतीयों के लिए
[2026-07-29 19:39:47] Wrote static pages: privacy, disclaimer, about, contact, dashboard.
[2026-07-29 19:39:47] Published: posts/bestt-bjttig-aips-bhaartiiyo-ke-lie.html  (567 words)  total=540
[2026-07-29 19:39:47] Sleeping 10 min until next article...
[2026-07-29 19:47:07] Generating article: PPF बनाम म्यूचुअल फंड — क्या बेहतर है
[2026-07-29 19:47:07] Wrote static pages: privacy, disclaimer, about, contact, dashboard.
[2026-07-29 19:47:07] Published: posts/ppf-bnaam-myuucual-phdd----kyaa-behtr-hai.html  (568 words)  total=541
[2026-07-29 19:47:07] Sleeping 15 min until next article...
[2026-07-29 19:48:06] Generating article: स्टॉक मार्केट शुरुआत कैसे करें
[2026-07-29 19:48:06] Wrote static pages: privacy, disclaimer, about, contact, dashboard.
[2026-07-29 19:48:06] Published: posts/sttok-maarkett-shuruaat-kaise-kre.html  (582 words)  total=542
[2026-07-29 19:48:06] Sleeping 15 min until next article...
[2026-07-29 19:49:47] Generating article: ELSS टैक्स सेविंग फंड्स टॉप 5
[2026-07-29 19:49:47] Wrote static pages: privacy, disclaimer, about, contact, dashboard.
[2026-07-29 19:49:47] Published: posts/elss-ttaiks-sevig-phdds-ttop-5.html  (570 words)  total=543
[2026-07-29 19:49:47] Sleeping 10 min until next article...
[2026-07-29 19:59:47] Generating article: बेस्ट बजटिंग ऐप्स भारतीयों के लिए
[2026-07-29 19:59:47] Wrote static pages: privacy, disclaimer, about, contact, dashboard.
[2026-07-29 19:59:47] Published: posts/bestt-bjttig-aips-bhaartiiyo-ke-lie.html  (567 words)  total=544
[2026-07-29 19:59:47] Sleeping 10 min until next article...
[2026-07-29 20:02:07] Generating article: छोटी सैलरी से निवेश कैसे शुरू करें
[2026-07-29 20:02:07] Wrote static pages: privacy, disclaimer, about, contact, dashboard.
[2026-07-29 20:02:07] Published: posts/chottii-sailrii-se-nivesh-kaise-shuruu-kre.html  (566 words)  total=545
[2026-07-29 20:02:07] Sleeping 15 min until next article...
[2026-07-29 20:03:06] Generating article: स्टॉक मार्केट शुरुआत कैसे करें
[2026-07-29 20:03:06] Wrote static pages: privacy, disclaimer, about, contact, dashboard.
[2026-07-29 20:03:06] Published: posts/sttok-maarkett-shuruaat-kaise-kre.html  (582 words)  total=546
[2026-07-29 20:03:06] Sleeping 15 min until next article...
[2026-07-29 20:09:47] Generating article: ELSS टैक्स सेविंग फंड्स टॉप 5
[2026-07-29 20:09:47] Wrote static pages: privacy, disclaimer, about, contact, dashboard.
[2026-07-29 20:09:47] Published: posts/elss-ttaiks-sevig-phdds-ttop-5.html  (570 words)  total=547
[2026-07-29 20:09:47] Sleeping 10 min until next article...
[2026-07-29 20:17:07] Generating article: गोल्ड में निवेश करने के तरीके
[2026-07-29 20:17:07] Wrote static pages: privacy, disclaimer, about, contact, dashboard.
[2026-07-29 20:17:07] Published: posts/goldd-me-nivesh-krne-ke-triike.html  (552 words)  total=548
[2026-07-29 20:17:07] Sleeping 15 min until next article...
[2026-07-29 20:18:06] Generating article: स्टॉक मार्केट शुरुआत कैसे करें
[2026-07-29 20:18:06] Wrote static pages: privacy, disclaimer, about, contact, dashboard.
[2026-07-29 20:18:06] Published: posts/sttok-maarkett-shuruaat-kaise-kre.html  (582 words)  total=549
[2026-07-29 20:18:06] Sleeping 15 min until next article...
[2026-07-29 20:19:47] Generating article: बेस्ट बजटिंग ऐप्स भारतीयों के लिए
[2026-07-29 20:19:47] Wrote static pages: privacy, disclaimer, about, contact, dashboard.
[2026-07-29 20:19:47] Published: posts/bestt-bjttig-aips-bhaartiiyo-ke-lie.html  (567 words)  total=550
[2026-07-29 20:19:47] Sleeping 10 min until next article...
[2026-07-29 20:29:47] Generating article: ELSS टैक्स सेविंग फंड्स टॉप 5
[2026-07-29 20:29:48] Wrote static pages: privacy, disclaimer, about, contact, dashboard.
[2026-07-29 20:29:48] Published: posts/elss-ttaiks-sevig-phdds-ttop-5.html  (570 words)  total=551
[2026-07-29 20:29:48] Sleeping 10 min until next article...
[2026-07-29 20:32:07] Generating article: रिटायरमेंट प्लानिंग शुरुआती गाइड
[2026-07-29 20:32:07] Wrote static pages: privacy, disclaimer, about, contact, dashboard.
[2026-07-29 20:32:07] Published: posts/rittaayrmett-plaanig-shuruaatii-gaaidd.html  (581 words)  total=552
[2026-07-29 20:32:07] Sleeping 15 min until next article...
[2026-07-29 20:33:06] Generating article: स्टॉक मार्केट शुरुआत कैसे करें
[2026-07-29 20:33:06] Wrote static pages: privacy, disclaimer, about, contact, dashboard.
[2026-07-29 20:33:06] Published: posts/sttok-maarkett-shuruaat-kaise-kre.html  (582 words)  total=553
[2026-07-29 20:33:06] Sleeping 15 min until next article...
[2026-07-29 20:39:48] Generating article: बेस्ट बजटिंग ऐप्स भारतीयों के लिए
[2026-07-29 20:39:48] Wrote static pages: privacy, disclaimer, about, contact, dashboard.
[2026-07-29 20:39:48] Published: posts/bestt-bjttig-aips-bhaartiiyo-ke-lie.html  (567 words)  total=554
[2026-07-29 20:39:48] Sleeping 10 min until next article...
[2026-07-29 20:47:07] Generating article: बेस्ट बजटिंग ऐप्स भारतीयों के लिए
[2026-07-29 20:47:07] Wrote static pages: privacy, disclaimer, about, contact, dashboard.
[2026-07-29 20:47:07] Published: posts/bestt-bjttig-aips-bhaartiiyo-ke-lie.html  (568 words)  total=555
[2026-07-29 20:47:07] Sleeping 15 min until next article...
[2026-07-29 20:48:06] Generating article: स्टॉक मार्केट शुरुआत कैसे करें
[2026-07-29 20:48:06] Wrote static pages: privacy, disclaimer, about, contact, dashboard.
[2026-07-29 20:48:06] Published: posts/sttok-maarkett-shuruaat-kaise-kre.html  (582 words)  total=556
[2026-07-29 20:48:06] Sleeping 15 min until next article...
[2026-07-29 20:49:48] Generating article: ELSS टैक्स सेविंग फंड्स टॉप 5
[2026-07-29 20:49:48] Wrote static pages: privacy, disclaimer, about, contact, dashboard.
[2026-07-29 20:49:48] Published: posts/elss-ttaiks-sevig-phdds-ttop-5.html  (570 words)  total=557
[2026-07-29 20:49:48] Sleeping 10 min until next article...
[2026-07-29 20:59:48] Generating article: बेस्ट बजटिंग ऐप्स भारतीयों के लिए
[2026-07-29 20:59:48] Wrote static pages: privacy, disclaimer, about, contact, dashboard.
[2026-07-29 20:59:48] Published: posts/bestt-bjttig-aips-bhaartiiyo-ke-lie.html  (567 words)  total=558
[2026-07-29 20:59:48] Sleeping 10 min until next article...
[2026-07-29 21:02:07] Generating article: PPF बनाम म्यूचुअल फंड — क्या बेहतर है
[2026-07-29 21:02:07] Wrote static pages: privacy, disclaimer, about, contact, dashboard.
[2026-07-29 21:02:07] Published: posts/ppf-bnaam-myuucual-phdd----kyaa-behtr-hai.html  (568 words)  total=559
[2026-07-29 21:02:07] Sleeping 15 min until next article...
[2026-07-29 21:03:06] Generating article: स्टॉक मार्केट शुरुआत कैसे करें
[2026-07-29 21:03:06] Wrote static pages: privacy, disclaimer, about, contact, dashboard.
[2026-07-29 21:03:06] Published: posts/sttok-maarkett-shuruaat-kaise-kre.html  (582 words)  total=560
[2026-07-29 21:03:06] Sleeping 15 min until next article...
[2026-07-29 21:09:48] Generating article: ELSS टैक्स सेविंग फंड्स टॉप 5
[2026-07-29 21:09:48] Wrote static pages: privacy, disclaimer, about, contact, dashboard.
[2026-07-29 21:09:48] Published: posts/elss-ttaiks-sevig-phdds-ttop-5.html  (570 words)  total=561
[2026-07-29 21:09:48] Sleeping 10 min until next article...
[2026-07-29 21:17:07] Generating article: छोटी सैलरी से निवेश कैसे शुरू करें
[2026-07-29 21:17:07] Wrote static pages: privacy, disclaimer, about, contact, dashboard.
[2026-07-29 21:17:07] Published: posts/chottii-sailrii-se-nivesh-kaise-shuruu-kre.html  (566 words)  total=562
[2026-07-29 21:17:07] Sleeping 15 min until next article...
[2026-07-29 21:18:06] Generating article: स्टॉक मार्केट शुरुआत कैसे करें
[2026-07-29 21:18:06] Wrote static pages: privacy, disclaimer, about, contact, dashboard.
[2026-07-29 21:18:06] Published: posts/sttok-maarkett-shuruaat-kaise-kre.html  (582 words)  total=563
[2026-07-29 21:18:06] Sleeping 15 min until next article...
[2026-07-29 21:19:48] Generating article: बेस्ट बजटिंग ऐप्स भारतीयों के लिए
[2026-07-29 21:19:48] Wrote static pages: privacy, disclaimer, about, contact, dashboard.
[2026-07-29 21:19:48] Published: posts/bestt-bjttig-aips-bhaartiiyo-ke-lie.html  (567 words)  total=564
[2026-07-29 21:19:48] Sleeping 10 min until next article...
[2026-07-29 21:29:48] Generating article: ELSS टैक्स सेविंग फंड्स टॉप 5
[2026-07-29 21:29:48] Wrote static pages: privacy, disclaimer, about, contact, dashboard.
[2026-07-29 21:29:48] Published: posts/elss-ttaiks-sevig-phdds-ttop-5.html  (570 words)  total=565
[2026-07-29 21:29:48] Sleeping 10 min until next article...
[2026-07-29 21:32:07] Generating article: गोल्ड में निवेश करने के तरीके
[2026-07-29 21:32:07] Wrote static pages: privacy, disclaimer, about, contact, dashboard.
[2026-07-29 21:32:07] Published: posts/goldd-me-nivesh-krne-ke-triike.html  (552 words)  total=566
[2026-07-29 21:32:07] Sleeping 15 min until next article...
[2026-07-29 21:33:06] Generating article: स्टॉक मार्केट शुरुआत कैसे करें
[2026-07-29 21:33:06] Wrote static pages: privacy, disclaimer, about, contact, dashboard.
[2026-07-29 21:33:06] Published: posts/sttok-maarkett-shuruaat-kaise-kre.html  (582 words)  total=567
[2026-07-29 21:33:06] Sleeping 15 min until next article...
[2026-07-29 21:39:48] Generating article: बेस्ट बजटिंग ऐप्स भारतीयों के लिए
[2026-07-29 21:39:48] Wrote static pages: privacy, disclaimer, about, contact, dashboard.
[2026-07-29 21:39:48] Published: posts/bestt-bjttig-aips-bhaartiiyo-ke-lie.html  (567 words)  total=568
[2026-07-29 21:39:48] Sleeping 10 min until next article...
[2026-07-29 21:47:07] Generating article: रिटायरमेंट प्लानिंग शुरुआती गाइड
[2026-07-29 21:47:07] Wrote static pages: privacy, disclaimer, about, contact, dashboard.
[2026-07-29 21:47:07] Published: posts/rittaayrmett-plaanig-shuruaatii-gaaidd.html  (581 words)  total=569
[2026-07-29 21:47:07] Sleeping 15 min until next article...
[2026-07-29 21:48:06] Generating article: स्टॉक मार्केट शुरुआत कैसे करें
[2026-07-29 21:48:06] Wrote static pages: privacy, disclaimer, about, contact, dashboard.
[2026-07-29 21:48:06] Published: posts/sttok-maarkett-shuruaat-kaise-kre.html  (582 words)  total=570
[2026-07-29 21:48:06] Sleeping 15 min until next article...
[2026-07-29 21:49:48] Generating article: ELSS टैक्स सेविंग फंड्स टॉप 5
[2026-07-29 21:49:48] Wrote static pages: privacy, disclaimer, about, contact, dashboard.
[2026-07-29 21:49:48] Published: posts/elss-ttaiks-sevig-phdds-ttop-5.html  (570 words)  total=571
[2026-07-29 21:49:48] Sleeping 10 min until next article...
[2026-07-29 21:59:48] Generating article: बेस्ट बजटिंग ऐप्स भारतीयों के लिए
[2026-07-29 21:59:48] Wrote static pages: privacy, disclaimer, about, contact, dashboard.
[2026-07-29 21:59:48] Published: posts/bestt-bjttig-aips-bhaartiiyo-ke-lie.html  (567 words)  total=572
[2026-07-29 21:59:48] Sleeping 10 min until next article...
[2026-07-29 22:02:07] Generating article: बेस्ट बजटिंग ऐप्स भारतीयों के लिए
[2026-07-29 22:02:07] Wrote static pages: privacy, disclaimer, about, contact, dashboard.
[2026-07-29 22:02:07] Published: posts/bestt-bjttig-aips-bhaartiiyo-ke-lie.html  (568 words)  total=573
[2026-07-29 22:02:07] Sleeping 15 min until next article...
[2026-07-29 22:03:06] Generating article: स्टॉक मार्केट शुरुआत कैसे करें
[2026-07-29 22:03:06] Wrote static pages: privacy, disclaimer, about, contact, dashboard.
[2026-07-29 22:03:06] Published: posts/sttok-maarkett-shuruaat-kaise-kre.html  (582 words)  total=574
[2026-07-29 22:03:06] Sleeping 15 min until next article...
[2026-07-29 22:09:48] Generating article: ELSS टैक्स सेविंग फंड्स टॉप 5
[2026-07-29 22:09:48] Wrote static pages: privacy, disclaimer, about, contact, dashboard.
[2026-07-29 22:09:48] Published: posts/elss-ttaiks-sevig-phdds-ttop-5.html  (570 words)  total=575
[2026-07-29 22:09:48] Sleeping 10 min until next article...
[2026-07-29 22:17:07] Generating article: PPF बनाम म्यूचुअल फंड — क्या बेहतर है
[2026-07-29 22:17:07] Wrote static pages: privacy, disclaimer, about, contact, dashboard.
[2026-07-29 22:17:07] Published: posts/ppf-bnaam-myuucual-phdd----kyaa-behtr-hai.html  (568 words)  total=576
[2026-07-29 22:17:07] Sleeping 15 min until next article...
[2026-07-29 22:18:06] Generating article: स्टॉक मार्केट शुरुआत कैसे करें
[2026-07-29 22:18:06] Wrote static pages: privacy, disclaimer, about, contact, dashboard.
[2026-07-29 22:18:06] Published: posts/sttok-maarkett-shuruaat-kaise-kre.html  (582 words)  total=577
[2026-07-29 22:18:06] Sleeping 15 min until next article...
[2026-07-29 22:19:48] Generating article: बेस्ट बजटिंग ऐप्स भारतीयों के लिए
[2026-07-29 22:19:48] Wrote static pages: privacy, disclaimer, about, contact, dashboard.
[2026-07-29 22:19:48] Published: posts/bestt-bjttig-aips-bhaartiiyo-ke-lie.html  (567 words)  total=578
[2026-07-29 22:19:48] Sleeping 10 min until next article...
[2026-07-29 22:29:48] Generating article: ELSS टैक्स सेविंग फंड्स टॉप 5
[2026-07-29 22:29:48] Wrote static pages: privacy, disclaimer, about, contact, dashboard.
[2026-07-29 22:29:48] Published: posts/elss-ttaiks-sevig-phdds-ttop-5.html  (570 words)  total=579
[2026-07-29 22:29:48] Sleeping 10 min until next article...
[2026-07-29 22:32:07] Generating article: छोटी सैलरी से निवेश कैसे शुरू करें
[2026-07-29 22:32:08] Wrote static pages: privacy, disclaimer, about, contact, dashboard.
[2026-07-29 22:32:08] Published: posts/chottii-sailrii-se-nivesh-kaise-shuruu-kre.html  (566 words)  total=580
[2026-07-29 22:32:08] Sleeping 15 min until next article...
[2026-07-29 22:33:06] Generating article: स्टॉक मार्केट शुरुआत कैसे करें
[2026-07-29 22:33:06] Wrote static pages: privacy, disclaimer, about, contact, dashboard.
[2026-07-29 22:33:06] Published: posts/sttok-maarkett-shuruaat-kaise-kre.html  (582 words)  total=581
[2026-07-29 22:33:06] Sleeping 15 min until next article...
[2026-07-29 22:39:48] Generating article: बेस्ट बजटिंग ऐप्स भारतीयों के लिए
[2026-07-29 22:39:48] Wrote static pages: privacy, disclaimer, about, contact, dashboard.
[2026-07-29 22:39:48] Published: posts/bestt-bjttig-aips-bhaartiiyo-ke-lie.html  (567 words)  total=582
[2026-07-29 22:39:48] Sleeping 10 min until next article...
[2026-07-29 22:47:08] Generating article: गोल्ड में निवेश करने के तरीके
[2026-07-29 22:47:08] Wrote static pages: privacy, disclaimer, about, contact, dashboard.
[2026-07-29 22:47:08] Published: posts/goldd-me-nivesh-krne-ke-triike.html  (552 words)  total=583
[2026-07-29 22:47:08] Sleeping 15 min until next article...
[2026-07-29 22:48:06] Generating article: स्टॉक मार्केट शुरुआत कैसे करें
[2026-07-29 22:48:06] Wrote static pages: privacy, disclaimer, about, contact, dashboard.
[2026-07-29 22:48:06] Published: posts/sttok-maarkett-shuruaat-kaise-kre.html  (582 words)  total=584
[2026-07-29 22:48:06] Sleeping 15 min until next article...
[2026-07-29 22:49:48] Generating article: ELSS टैक्स सेविंग फंड्स टॉप 5
[2026-07-29 22:49:48] Wrote static pages: privacy, disclaimer, about, contact, dashboard.
[2026-07-29 22:49:48] Published: posts/elss-ttaiks-sevig-phdds-ttop-5.html  (570 words)  total=585
[2026-07-29 22:49:48] Sleeping 10 min until next article...
[2026-07-29 22:59:48] Generating article: बेस्ट बजटिंग ऐप्स भारतीयों के लिए
[2026-07-29 22:59:48] Wrote static pages: privacy, disclaimer, about, contact, dashboard.
[2026-07-29 22:59:48] Published: posts/bestt-bjttig-aips-bhaartiiyo-ke-lie.html  (567 words)  total=586
[2026-07-29 22:59:48] Sleeping 10 min until next article...
[2026-07-29 23:02:08] Generating article: रिटायरमेंट प्लानिंग शुरुआती गाइड
[2026-07-29 23:02:08] Wrote static pages: privacy, disclaimer, about, contact, dashboard.
[2026-07-29 23:02:08] Published: posts/rittaayrmett-plaanig-shuruaatii-gaaidd.html  (581 words)  total=587
[2026-07-29 23:02:08] Sleeping 15 min until next article...
[2026-07-29 23:03:06] Generating article: स्टॉक मार्केट शुरुआत कैसे करें
[2026-07-29 23:03:06] Wrote static pages: privacy, disclaimer, about, contact, dashboard.
[2026-07-29 23:03:06] Published: posts/sttok-maarkett-shuruaat-kaise-kre.html  (582 words)  total=588
[2026-07-29 23:03:06] Sleeping 15 min until next article...
[2026-07-29 23:09:48] Generating article: ELSS टैक्स सेविंग फंड्स टॉप 5
[2026-07-29 23:09:48] Wrote static pages: privacy, disclaimer, about, contact, dashboard.
[2026-07-29 23:09:48] Published: posts/elss-ttaiks-sevig-phdds-ttop-5.html  (570 words)  total=589
[2026-07-29 23:09:48] Sleeping 10 min until next article...
[2026-07-29 23:17:08] Generating article: बेस्ट बजटिंग ऐप्स भारतीयों के लिए
[2026-07-29 23:17:08] Wrote static pages: privacy, disclaimer, about, contact, dashboard.
[2026-07-29 23:17:08] Published: posts/bestt-bjttig-aips-bhaartiiyo-ke-lie.html  (568 words)  total=590
[2026-07-29 23:17:08] Sleeping 15 min until next article...
[2026-07-29 23:18:06] Generating article: स्टॉक मार्केट शुरुआत कैसे करें
[2026-07-29 23:18:06] Wrote static pages: privacy, disclaimer, about, contact, dashboard.
[2026-07-29 23:18:06] Published: posts/sttok-maarkett-shuruaat-kaise-kre.html  (582 words)  total=591
[2026-07-29 23:18:06] Sleeping 15 min until next article...
[2026-07-29 23:19:48] Generating article: बेस्ट बजटिंग ऐप्स भारतीयों के लिए
[2026-07-29 23:19:48] Wrote static pages: privacy, disclaimer, about, contact, dashboard.
[2026-07-29 23:19:48] Published: posts/bestt-bjttig-aips-bhaartiiyo-ke-lie.html  (567 words)  total=592
[2026-07-29 23:19:48] Sleeping 10 min until next article...
[2026-07-29 23:25:30] Wrote static pages: privacy, disclaimer, about, contact, dashboard.
[2026-07-29 23:25:30] Rebuilt site with 38 posts (new template).
[2026-07-29 23:29:48] Generating article: ELSS टैक्स सेविंग फंड्स टॉप 5
[2026-07-29 23:29:48] Wrote static pages: privacy, disclaimer, about, contact, dashboard.
[2026-07-29 23:29:48] Published: posts/elss-ttaiks-sevig-phdds-ttop-5.html  (570 words)  total=593
[2026-07-29 23:29:48] Sleeping 10 min until next article...
[2026-07-29 23:32:08] Generating article: PPF बनाम म्यूचुअल फंड — क्या बेहतर है
[2026-07-29 23:32:08] Wrote static pages: privacy, disclaimer, about, contact, dashboard.
[2026-07-29 23:32:08] Published: posts/ppf-bnaam-myuucual-phdd----kyaa-behtr-hai.html  (568 words)  total=594
[2026-07-29 23:32:08] Sleeping 15 min until next article...
[2026-07-29 23:33:06] Generating article: स्टॉक मार्केट शुरुआत कैसे करें
[2026-07-29 23:33:06] Wrote static pages: privacy, disclaimer, about, contact, dashboard.
[2026-07-29 23:33:06] Published: posts/sttok-maarkett-shuruaat-kaise-kre.html  (582 words)  total=595
[2026-07-29 23:33:06] Sleeping 15 min until next article...
[2026-07-29 23:39:48] Generating article: बेस्ट बजटिंग ऐप्स भारतीयों के लिए
[2026-07-29 23:39:48] Wrote static pages: privacy, disclaimer, about, contact, dashboard.
[2026-07-29 23:39:48] Published: posts/bestt-bjttig-aips-bhaartiiyo-ke-lie.html  (567 words)  total=596
[2026-07-29 23:39:48] Sleeping 10 min until next article...
[2026-07-29 23:47:08] Generating article: छोटी सैलरी से निवेश कैसे शुरू करें
[2026-07-29 23:47:08] Wrote static pages: privacy, disclaimer, about, contact, dashboard.
[2026-07-29 23:47:08] Published: posts/chottii-sailrii-se-nivesh-kaise-shuruu-kre.html  (566 words)  total=597
[2026-07-29 23:47:08] Sleeping 15 min until next article...
[2026-07-29 23:48:06] Generating article: स्टॉक मार्केट शुरुआत कैसे करें
[2026-07-29 23:48:06] Wrote static pages: privacy, disclaimer, about, contact, dashboard.
[2026-07-29 23:48:06] Published: posts/sttok-maarkett-shuruaat-kaise-kre.html  (582 words)  total=598
[2026-07-29 23:48:06] Sleeping 15 min until next article...
[2026-07-29 23:49:48] Generating article: ELSS टैक्स सेविंग फंड्स टॉप 5
[2026-07-29 23:49:48] Wrote static pages: privacy, disclaimer, about, contact, dashboard.
[2026-07-29 23:49:48] Published: posts/elss-ttaiks-sevig-phdds-ttop-5.html  (570 words)  total=599
[2026-07-29 23:49:48] Sleeping 10 min until next article...
[2026-07-29 23:59:48] Generating article: बेस्ट बजटिंग ऐप्स भारतीयों के लिए
[2026-07-29 23:59:48] Wrote static pages: privacy, disclaimer, about, contact, dashboard.
[2026-07-29 23:59:48] Published: posts/bestt-bjttig-aips-bhaartiiyo-ke-lie.html  (567 words)  total=600
[2026-07-29 23:59:48] Sleeping 10 min until next article...
[2026-07-30 00:02:08] Generating article: गोल्ड में निवेश करने के तरीके
[2026-07-30 00:02:08] Wrote static pages: privacy, disclaimer, about, contact, dashboard.
[2026-07-30 00:02:08] Published: posts/goldd-me-nivesh-krne-ke-triike.html  (552 words)  total=601
[2026-07-30 00:02:08] Sleeping 15 min until next article...
[2026-07-30 00:03:06] Generating article: स्टॉक मार्केट शुरुआत कैसे करें
[2026-07-30 00:03:06] Wrote static pages: privacy, disclaimer, about, contact, dashboard.
[2026-07-30 00:03:06] Published: posts/sttok-maarkett-shuruaat-kaise-kre.html  (582 words)  total=602
[2026-07-30 00:03:06] Sleeping 15 min until next article...
[2026-07-30 00:09:48] Generating article: ELSS टैक्स सेविंग फंड्स टॉप 5
[2026-07-30 00:09:48] Wrote static pages: privacy, disclaimer, about, contact, dashboard.
[2026-07-30 00:09:48] Published: posts/elss-ttaiks-sevig-phdds-ttop-5.html  (570 words)  total=603
[2026-07-30 00:09:48] Sleeping 10 min until next article...
[2026-07-30 00:17:08] Generating article: रिटायरमेंट प्लानिंग शुरुआती गाइड
[2026-07-30 00:17:08] Wrote static pages: privacy, disclaimer, about, contact, dashboard.
[2026-07-30 00:17:08] Published: posts/rittaayrmett-plaanig-shuruaatii-gaaidd.html  (581 words)  total=604
[2026-07-30 00:17:08] Sleeping 15 min until next article...
[2026-07-30 00:18:06] Generating article: स्टॉक मार्केट शुरुआत कैसे करें
[2026-07-30 00:18:06] Wrote static pages: privacy, disclaimer, about, contact, dashboard.
[2026-07-30 00:18:06] Published: posts/sttok-maarkett-shuruaat-kaise-kre.html  (582 words)  total=605
[2026-07-30 00:18:06] Sleeping 15 min until next article...
[2026-07-30 00:19:48] Generating article: बेस्ट बजटिंग ऐप्स भारतीयों के लिए
[2026-07-30 00:19:48] Wrote static pages: privacy, disclaimer, about, contact, dashboard.
[2026-07-30 00:19:48] Published: posts/bestt-bjttig-aips-bhaartiiyo-ke-lie.html  (567 words)  total=606
[2026-07-30 00:19:48] Sleeping 10 min until next article...
[2026-07-30 00:29:48] Generating article: ELSS टैक्स सेविंग फंड्स टॉप 5
[2026-07-30 00:29:48] Wrote static pages: privacy, disclaimer, about, contact, dashboard.
[2026-07-30 00:29:48] Published: posts/elss-ttaiks-sevig-phdds-ttop-5.html  (570 words)  total=607
[2026-07-30 00:29:48] Sleeping 10 min until next article...
[2026-07-30 00:32:08] Generating article: बेस्ट बजटिंग ऐप्स भारतीयों के लिए
[2026-07-30 00:32:08] Wrote static pages: privacy, disclaimer, about, contact, dashboard.
[2026-07-30 00:32:08] Published: posts/bestt-bjttig-aips-bhaartiiyo-ke-lie.html  (568 words)  total=608
[2026-07-30 00:32:08] Sleeping 15 min until next article...
[2026-07-30 00:33:06] Generating article: स्टॉक मार्केट शुरुआत कैसे करें
[2026-07-30 00:33:06] Wrote static pages: privacy, disclaimer, about, contact, dashboard.
[2026-07-30 00:33:06] Published: posts/sttok-maarkett-shuruaat-kaise-kre.html  (582 words)  total=609
[2026-07-30 00:33:06] Sleeping 15 min until next article...
[2026-07-30 00:39:48] Generating article: बेस्ट बजटिंग ऐप्स भारतीयों के लिए
[2026-07-30 00:39:48] Wrote static pages: privacy, disclaimer, about, contact, dashboard.
[2026-07-30 00:39:48] Published: posts/bestt-bjttig-aips-bhaartiiyo-ke-lie.html  (567 words)  total=610
[2026-07-30 00:39:48] Sleeping 10 min until next article...
[2026-07-30 00:47:08] Generating article: PPF बनाम म्यूचुअल फंड — क्या बेहतर है
[2026-07-30 00:47:08] Wrote static pages: privacy, disclaimer, about, contact, dashboard.
[2026-07-30 00:47:08] Published: posts/ppf-bnaam-myuucual-phdd----kyaa-behtr-hai.html  (568 words)  total=611
[2026-07-30 00:47:08] Sleeping 15 min until next article...
[2026-07-30 00:48:06] Generating article: स्टॉक मार्केट शुरुआत कैसे करें
[2026-07-30 00:48:06] Wrote static pages: privacy, disclaimer, about, contact, dashboard.
[2026-07-30 00:48:06] Published: posts/sttok-maarkett-shuruaat-kaise-kre.html  (582 words)  total=612
[2026-07-30 00:48:06] Sleeping 15 min until next article...
[2026-07-30 00:49:48] Generating article: ELSS टैक्स सेविंग फंड्स टॉप 5
[2026-07-30 00:49:48] Wrote static pages: privacy, disclaimer, about, contact, dashboard.
[2026-07-30 00:49:48] Published: posts/elss-ttaiks-sevig-phdds-ttop-5.html  (570 words)  total=613
[2026-07-30 00:49:48] Sleeping 10 min until next article...
[2026-07-30 00:59:48] Generating article: बेस्ट बजटिंग ऐप्स भारतीयों के लिए
[2026-07-30 00:59:48] Wrote static pages: privacy, disclaimer, about, contact, dashboard.
[2026-07-30 00:59:48] Published: posts/bestt-bjttig-aips-bhaartiiyo-ke-lie.html  (567 words)  total=614
[2026-07-30 00:59:48] Sleeping 10 min until next article...
[2026-07-30 01:02:08] Generating article: छोटी सैलरी से निवेश कैसे शुरू करें
[2026-07-30 01:02:08] Wrote static pages: privacy, disclaimer, about, contact, dashboard.
[2026-07-30 01:02:08] Published: posts/chottii-sailrii-se-nivesh-kaise-shuruu-kre.html  (566 words)  total=615
[2026-07-30 01:02:08] Sleeping 15 min until next article...
[2026-07-30 01:03:06] Generating article: स्टॉक मार्केट शुरुआत कैसे करें
[2026-07-30 01:03:06] Wrote static pages: privacy, disclaimer, about, contact, dashboard.
[2026-07-30 01:03:06] Published: posts/sttok-maarkett-shuruaat-kaise-kre.html  (582 words)  total=616
[2026-07-30 01:03:06] Sleeping 15 min until next article...
[2026-07-30 01:09:48] Generating article: ELSS टैक्स सेविंग फंड्स टॉप 5
[2026-07-30 01:09:48] Wrote static pages: privacy, disclaimer, about, contact, dashboard.
[2026-07-30 01:09:48] Published: posts/elss-ttaiks-sevig-phdds-ttop-5.html  (570 words)  total=617
[2026-07-30 01:09:48] Sleeping 10 min until next article...
[2026-07-30 01:17:08] Generating article: गोल्ड में निवेश करने के तरीके
[2026-07-30 01:17:08] Wrote static pages: privacy, disclaimer, about, contact, dashboard.
[2026-07-30 01:17:08] Published: posts/goldd-me-nivesh-krne-ke-triike.html  (552 words)  total=618
[2026-07-30 01:17:08] Sleeping 15 min until next article...
[2026-07-30 01:18:06] Generating article: स्टॉक मार्केट शुरुआत कैसे करें
[2026-07-30 01:18:07] Wrote static pages: privacy, disclaimer, about, contact, dashboard.
[2026-07-30 01:18:07] Published: posts/sttok-maarkett-shuruaat-kaise-kre.html  (582 words)  total=619
[2026-07-30 01:18:07] Sleeping 15 min until next article...
[2026-07-30 01:19:48] Generating article: बेस्ट बजटिंग ऐप्स भारतीयों के लिए
[2026-07-30 01:19:48] Wrote static pages: privacy, disclaimer, about, contact, dashboard.
[2026-07-30 01:19:48] Published: posts/bestt-bjttig-aips-bhaartiiyo-ke-lie.html  (567 words)  total=620
[2026-07-30 01:19:48] Sleeping 10 min until next article...
[2026-07-30 01:29:48] Generating article: ELSS टैक्स सेविंग फंड्स टॉप 5
[2026-07-30 01:29:48] Wrote static pages: privacy, disclaimer, about, contact, dashboard.
[2026-07-30 01:29:48] Published: posts/elss-ttaiks-sevig-phdds-ttop-5.html  (570 words)  total=621
[2026-07-30 01:29:48] Sleeping 10 min until next article...
[2026-07-30 01:32:08] Generating article: रिटायरमेंट प्लानिंग शुरुआती गाइड
[2026-07-30 01:32:08] Wrote static pages: privacy, disclaimer, about, contact, dashboard.
[2026-07-30 01:32:08] Published: posts/rittaayrmett-plaanig-shuruaatii-gaaidd.html  (581 words)  total=622
[2026-07-30 01:32:08] Sleeping 15 min until next article...
[2026-07-30 01:33:07] Generating article: स्टॉक मार्केट शुरुआत कैसे करें
[2026-07-30 01:33:07] Wrote static pages: privacy, disclaimer, about, contact, dashboard.
[2026-07-30 01:33:07] Published: posts/sttok-maarkett-shuruaat-kaise-kre.html  (582 words)  total=623
[2026-07-30 01:33:07] Sleeping 15 min until next article...
[2026-07-30 01:39:48] Generating article: बेस्ट बजटिंग ऐप्स भारतीयों के लिए
[2026-07-30 01:39:48] Wrote static pages: privacy, disclaimer, about, contact, dashboard.
[2026-07-30 01:39:48] Published: posts/bestt-bjttig-aips-bhaartiiyo-ke-lie.html  (567 words)  total=624
[2026-07-30 01:39:48] Sleeping 10 min until next article...
[2026-07-30 01:47:08] Generating article: बेस्ट बजटिंग ऐप्स भारतीयों के लिए
[2026-07-30 01:47:08] Wrote static pages: privacy, disclaimer, about, contact, dashboard.
[2026-07-30 01:47:08] Published: posts/bestt-bjttig-aips-bhaartiiyo-ke-lie.html  (568 words)  total=625
[2026-07-30 01:47:08] Sleeping 15 min until next article...
[2026-07-30 01:48:07] Generating article: स्टॉक मार्केट शुरुआत कैसे करें
[2026-07-30 01:48:07] Wrote static pages: privacy, disclaimer, about, contact, dashboard.
[2026-07-30 01:48:07] Published: posts/sttok-maarkett-shuruaat-kaise-kre.html  (582 words)  total=626
[2026-07-30 01:48:07] Sleeping 15 min until next article...
[2026-07-30 01:49:48] Generating article: ELSS टैक्स सेविंग फंड्स टॉप 5
[2026-07-30 01:49:48] Wrote static pages: privacy, disclaimer, about, contact, dashboard.
[2026-07-30 01:49:48] Published: posts/elss-ttaiks-sevig-phdds-ttop-5.html  (570 words)  total=627
[2026-07-30 01:49:48] Sleeping 10 min until next article...
[2026-07-30 01:59:48] Generating article: बेस्ट बजटिंग ऐप्स भारतीयों के लिए
[2026-07-30 01:59:48] Wrote static pages: privacy, disclaimer, about, contact, dashboard.
[2026-07-30 01:59:48] Published: posts/bestt-bjttig-aips-bhaartiiyo-ke-lie.html  (567 words)  total=628
[2026-07-30 01:59:48] Sleeping 10 min until next article...
[2026-07-30 02:02:08] Generating article: PPF बनाम म्यूचुअल फंड — क्या बेहतर है
[2026-07-30 02:02:08] Wrote static pages: privacy, disclaimer, about, contact, dashboard.
[2026-07-30 02:02:08] Published: posts/ppf-bnaam-myuucual-phdd----kyaa-behtr-hai.html  (568 words)  total=629
[2026-07-30 02:02:08] Sleeping 15 min until next article...
[2026-07-30 02:03:07] Generating article: स्टॉक मार्केट शुरुआत कैसे करें
[2026-07-30 02:03:07] Wrote static pages: privacy, disclaimer, about, contact, dashboard.
[2026-07-30 02:03:07] Published: posts/sttok-maarkett-shuruaat-kaise-kre.html  (582 words)  total=630
[2026-07-30 02:03:07] Sleeping 15 min until next article...
[2026-07-30 02:09:48] Generating article: ELSS टैक्स सेविंग फंड्स टॉप 5
[2026-07-30 02:09:48] Wrote static pages: privacy, disclaimer, about, contact, dashboard.
[2026-07-30 02:09:48] Published: posts/elss-ttaiks-sevig-phdds-ttop-5.html  (570 words)  total=631
[2026-07-30 02:09:48] Sleeping 10 min until next article...
[2026-07-30 02:17:08] Generating article: छोटी सैलरी से निवेश कैसे शुरू करें
[2026-07-30 02:17:08] Wrote static pages: privacy, disclaimer, about, contact, dashboard.
[2026-07-30 02:17:08] Published: posts/chottii-sailrii-se-nivesh-kaise-shuruu-kre.html  (566 words)  total=632
[2026-07-30 02:17:08] Sleeping 15 min until next article...
[2026-07-30 02:18:07] Generating article: स्टॉक मार्केट शुरुआत कैसे करें
[2026-07-30 02:18:07] Wrote static pages: privacy, disclaimer, about, contact, dashboard.
[2026-07-30 02:18:07] Published: posts/sttok-maarkett-shuruaat-kaise-kre.html  (582 words)  total=633
[2026-07-30 02:18:07] Sleeping 15 min until next article...
[2026-07-30 02:19:48] Generating article: बेस्ट बजटिंग ऐप्स भारतीयों के लिए
[2026-07-30 02:19:48] Wrote static pages: privacy, disclaimer, about, contact, dashboard.
[2026-07-30 02:19:48] Published: posts/bestt-bjttig-aips-bhaartiiyo-ke-lie.html  (567 words)  total=634
[2026-07-30 02:19:48] Sleeping 10 min until next article...
[2026-07-30 02:29:48] Generating article: ELSS टैक्स सेविंग फंड्स टॉप 5
[2026-07-30 02:29:48] Wrote static pages: privacy, disclaimer, about, contact, dashboard.
[2026-07-30 02:29:48] Published: posts/elss-ttaiks-sevig-phdds-ttop-5.html  (570 words)  total=635
[2026-07-30 02:29:48] Sleeping 10 min until next article...
[2026-07-30 02:32:08] Generating article: गोल्ड में निवेश करने के तरीके
[2026-07-30 02:32:08] Wrote static pages: privacy, disclaimer, about, contact, dashboard.
[2026-07-30 02:32:08] Published: posts/goldd-me-nivesh-krne-ke-triike.html  (552 words)  total=636
[2026-07-30 02:32:08] Sleeping 15 min until next article...
[2026-07-30 02:33:07] Generating article: स्टॉक मार्केट शुरुआत कैसे करें
[2026-07-30 02:33:07] Wrote static pages: privacy, disclaimer, about, contact, dashboard.
[2026-07-30 02:33:07] Published: posts/sttok-maarkett-shuruaat-kaise-kre.html  (582 words)  total=637
[2026-07-30 02:33:07] Sleeping 15 min until next article...
[2026-07-30 02:39:48] Generating article: बेस्ट बजटिंग ऐप्स भारतीयों के लिए
[2026-07-30 02:39:48] Wrote static pages: privacy, disclaimer, about, contact, dashboard.
[2026-07-30 02:39:48] Published: posts/bestt-bjttig-aips-bhaartiiyo-ke-lie.html  (567 words)  total=638
[2026-07-30 02:39:48] Sleeping 10 min until next article...
[2026-07-30 02:47:08] Generating article: रिटायरमेंट प्लानिंग शुरुआती गाइड
[2026-07-30 02:47:08] Wrote static pages: privacy, disclaimer, about, contact, dashboard.
[2026-07-30 02:47:08] Published: posts/rittaayrmett-plaanig-shuruaatii-gaaidd.html  (581 words)  total=639
[2026-07-30 02:47:08] Sleeping 15 min until next article...
[2026-07-30 02:48:07] Generating article: स्टॉक मार्केट शुरुआत कैसे करें
[2026-07-30 02:48:07] Wrote static pages: privacy, disclaimer, about, contact, dashboard.
[2026-07-30 02:48:07] Published: posts/sttok-maarkett-shuruaat-kaise-kre.html  (582 words)  total=640
[2026-07-30 02:48:07] Sleeping 15 min until next article...
[2026-07-30 02:49:48] Generating article: ELSS टैक्स सेविंग फंड्स टॉप 5
[2026-07-30 02:49:48] Wrote static pages: privacy, disclaimer, about, contact, dashboard.
[2026-07-30 02:49:48] Published: posts/elss-ttaiks-sevig-phdds-ttop-5.html  (570 words)  total=641
[2026-07-30 02:49:48] Sleeping 10 min until next article...
[2026-07-30 02:59:48] Generating article: बेस्ट बजटिंग ऐप्स भारतीयों के लिए
[2026-07-30 02:59:48] Wrote static pages: privacy, disclaimer, about, contact, dashboard.
[2026-07-30 02:59:48] Published: posts/bestt-bjttig-aips-bhaartiiyo-ke-lie.html  (567 words)  total=642
[2026-07-30 02:59:48] Sleeping 10 min until next article...
[2026-07-30 03:02:08] Generating article: बेस्ट बजटिंग ऐप्स भारतीयों के लिए
[2026-07-30 03:02:08] Wrote static pages: privacy, disclaimer, about, contact, dashboard.
[2026-07-30 03:02:08] Published: posts/bestt-bjttig-aips-bhaartiiyo-ke-lie.html  (568 words)  total=643
[2026-07-30 03:02:08] Sleeping 15 min until next article...
[2026-07-30 03:03:07] Generating article: स्टॉक मार्केट शुरुआत कैसे करें
[2026-07-30 03:03:07] Wrote static pages: privacy, disclaimer, about, contact, dashboard.
[2026-07-30 03:03:07] Published: posts/sttok-maarkett-shuruaat-kaise-kre.html  (582 words)  total=644
[2026-07-30 03:03:07] Sleeping 15 min until next article...
[2026-07-30 03:09:48] Generating article: ELSS टैक्स सेविंग फंड्स टॉप 5
[2026-07-30 03:09:49] Wrote static pages: privacy, disclaimer, about, contact, dashboard.
[2026-07-30 03:09:49] Published: posts/elss-ttaiks-sevig-phdds-ttop-5.html  (570 words)  total=645
[2026-07-30 03:09:49] Sleeping 10 min until next article...
[2026-07-30 03:17:08] Generating article: PPF बनाम म्यूचुअल फंड — क्या बेहतर है
[2026-07-30 03:17:08] Wrote static pages: privacy, disclaimer, about, contact, dashboard.
[2026-07-30 03:17:08] Published: posts/ppf-bnaam-myuucual-phdd----kyaa-behtr-hai.html  (568 words)  total=646
[2026-07-30 03:17:08] Sleeping 15 min until next article...
[2026-07-30 03:18:07] Generating article: स्टॉक मार्केट शुरुआत कैसे करें
[2026-07-30 03:18:07] Wrote static pages: privacy, disclaimer, about, contact, dashboard.
[2026-07-30 03:18:07] Published: posts/sttok-maarkett-shuruaat-kaise-kre.html  (582 words)  total=647
[2026-07-30 03:18:07] Sleeping 15 min until next article...
[2026-07-30 03:19:49] Generating article: बेस्ट बजटिंग ऐप्स भारतीयों के लिए
[2026-07-30 03:19:49] Wrote static pages: privacy, disclaimer, about, contact, dashboard.
[2026-07-30 03:19:49] Published: posts/bestt-bjttig-aips-bhaartiiyo-ke-lie.html  (567 words)  total=648
[2026-07-30 03:19:49] Sleeping 10 min until next article...
[2026-07-30 03:29:49] Generating article: ELSS टैक्स सेविंग फंड्स टॉप 5
[2026-07-30 03:29:49] Wrote static pages: privacy, disclaimer, about, contact, dashboard.
[2026-07-30 03:29:49] Published: posts/elss-ttaiks-sevig-phdds-ttop-5.html  (570 words)  total=649
[2026-07-30 03:29:49] Sleeping 10 min until next article...
[2026-07-30 03:32:08] Generating article: छोटी सैलरी से निवेश कैसे शुरू करें
[2026-07-30 03:32:08] Wrote static pages: privacy, disclaimer, about, contact, dashboard.
[2026-07-30 03:32:08] Published: posts/chottii-sailrii-se-nivesh-kaise-shuruu-kre.html  (566 words)  total=650
[2026-07-30 03:32:08] Sleeping 15 min until next article...
[2026-07-30 03:33:07] Generating article: स्टॉक मार्केट शुरुआत कैसे करें
[2026-07-30 03:33:07] Wrote static pages: privacy, disclaimer, about, contact, dashboard.
[2026-07-30 03:33:07] Published: posts/sttok-maarkett-shuruaat-kaise-kre.html  (582 words)  total=651
[2026-07-30 03:33:07] Sleeping 15 min until next article...
[2026-07-30 03:39:49] Generating article: बेस्ट बजटिंग ऐप्स भारतीयों के लिए
[2026-07-30 03:39:49] Wrote static pages: privacy, disclaimer, about, contact, dashboard.
[2026-07-30 03:39:49] Published: posts/bestt-bjttig-aips-bhaartiiyo-ke-lie.html  (567 words)  total=652
[2026-07-30 03:39:49] Sleeping 10 min until next article...
[2026-07-30 03:47:11] Generating article: गोल्ड में निवेश करने के तरीके
[2026-07-30 03:47:13] Wrote static pages: privacy, disclaimer, about, contact, dashboard.
[2026-07-30 03:47:13] Published: posts/goldd-me-nivesh-krne-ke-triike.html  (552 words)  total=653
[2026-07-30 03:47:13] Sleeping 15 min until next article...
[2026-07-30 03:48:08] Generating article: स्टॉक मार्केट शुरुआत कैसे करें
[2026-07-30 03:48:09] Wrote static pages: privacy, disclaimer, about, contact, dashboard.
[2026-07-30 03:48:09] Published: posts/sttok-maarkett-shuruaat-kaise-kre.html  (582 words)  total=654
[2026-07-30 03:48:09] Sleeping 15 min until next article...
[2026-07-30 03:49:51] Generating article: ELSS टैक्स सेविंग फंड्स टॉप 5
[2026-07-30 03:49:54] Wrote static pages: privacy, disclaimer, about, contact, dashboard.
[2026-07-30 03:49:54] Published: posts/elss-ttaiks-sevig-phdds-ttop-5.html  (570 words)  total=655
[2026-07-30 03:49:54] Sleeping 10 min until next article...
[2026-07-30 03:59:54] Generating article: बेस्ट बजटिंग ऐप्स भारतीयों के लिए
[2026-07-30 03:59:54] Wrote static pages: privacy, disclaimer, about, contact, dashboard.
[2026-07-30 03:59:54] Published: posts/bestt-bjttig-aips-bhaartiiyo-ke-lie.html  (567 words)  total=656
[2026-07-30 03:59:54] Sleeping 10 min until next article...
[2026-07-30 04:02:13] Generating article: रिटायरमेंट प्लानिंग शुरुआती गाइड
[2026-07-30 04:02:13] Wrote static pages: privacy, disclaimer, about, contact, dashboard.
[2026-07-30 04:02:13] Published: posts/rittaayrmett-plaanig-shuruaatii-gaaidd.html  (581 words)  total=657
[2026-07-30 04:02:13] Sleeping 15 min until next article...
[2026-07-30 04:03:09] Generating article: स्टॉक मार्केट शुरुआत कैसे करें
[2026-07-30 04:03:09] Wrote static pages: privacy, disclaimer, about, contact, dashboard.
[2026-07-30 04:03:09] Published: posts/sttok-maarkett-shuruaat-kaise-kre.html  (582 words)  total=658
[2026-07-30 04:03:09] Sleeping 15 min until next article...
[2026-07-30 04:09:54] Generating article: ELSS टैक्स सेविंग फंड्स टॉप 5
[2026-07-30 04:09:54] Wrote static pages: privacy, disclaimer, about, contact, dashboard.
[2026-07-30 04:09:54] Published: posts/elss-ttaiks-sevig-phdds-ttop-5.html  (570 words)  total=659
[2026-07-30 04:09:54] Sleeping 10 min until next article...
[2026-07-30 04:17:13] Generating article: बेस्ट बजटिंग ऐप्स भारतीयों के लिए
[2026-07-30 04:17:13] Wrote static pages: privacy, disclaimer, about, contact, dashboard.
[2026-07-30 04:17:13] Published: posts/bestt-bjttig-aips-bhaartiiyo-ke-lie.html  (568 words)  total=660
[2026-07-30 04:17:13] Sleeping 15 min until next article...
[2026-07-30 04:18:09] Generating article: स्टॉक मार्केट शुरुआत कैसे करें
[2026-07-30 04:18:09] Wrote static pages: privacy, disclaimer, about, contact, dashboard.
[2026-07-30 04:18:09] Published: posts/sttok-maarkett-shuruaat-kaise-kre.html  (582 words)  total=661
[2026-07-30 04:18:09] Sleeping 15 min until next article...
[2026-07-30 04:19:54] Generating article: बेस्ट बजटिंग ऐप्स भारतीयों के लिए
[2026-07-30 04:19:54] Wrote static pages: privacy, disclaimer, about, contact, dashboard.
[2026-07-30 04:19:54] Published: posts/bestt-bjttig-aips-bhaartiiyo-ke-lie.html  (567 words)  total=662
[2026-07-30 04:19:54] Sleeping 10 min until next article...
[2026-07-30 04:29:54] Generating article: ELSS टैक्स सेविंग फंड्स टॉप 5
[2026-07-30 04:29:54] Wrote static pages: privacy, disclaimer, about, contact, dashboard.
[2026-07-30 04:29:54] Published: posts/elss-ttaiks-sevig-phdds-ttop-5.html  (570 words)  total=663
[2026-07-30 04:29:54] Sleeping 10 min until next article...
[2026-07-30 04:32:13] Generating article: PPF बनाम म्यूचुअल फंड — क्या बेहतर है
[2026-07-30 04:32:13] Wrote static pages: privacy, disclaimer, about, contact, dashboard.
[2026-07-30 04:32:13] Published: posts/ppf-bnaam-myuucual-phdd----kyaa-behtr-hai.html  (568 words)  total=664
[2026-07-30 04:32:13] Sleeping 15 min until next article...
[2026-07-30 04:33:09] Generating article: स्टॉक मार्केट शुरुआत कैसे करें
[2026-07-30 04:33:09] Wrote static pages: privacy, disclaimer, about, contact, dashboard.
[2026-07-30 04:33:09] Published: posts/sttok-maarkett-shuruaat-kaise-kre.html  (582 words)  total=665
[2026-07-30 04:33:09] Sleeping 15 min until next article...
[2026-07-30 04:39:54] Generating article: बेस्ट बजटिंग ऐप्स भारतीयों के लिए
[2026-07-30 04:39:54] Wrote static pages: privacy, disclaimer, about, contact, dashboard.
[2026-07-30 04:39:54] Published: posts/bestt-bjttig-aips-bhaartiiyo-ke-lie.html  (567 words)  total=666
[2026-07-30 04:39:54] Sleeping 10 min until next article...
[2026-07-30 04:47:13] Generating article: छोटी सैलरी से निवेश कैसे शुरू करें
[2026-07-30 04:47:13] Wrote static pages: privacy, disclaimer, about, contact, dashboard.
[2026-07-30 04:47:13] Published: posts/chottii-sailrii-se-nivesh-kaise-shuruu-kre.html  (566 words)  total=667
[2026-07-30 04:47:13] Sleeping 15 min until next article...
[2026-07-30 04:48:09] Generating article: स्टॉक मार्केट शुरुआत कैसे करें
[2026-07-30 04:48:09] Wrote static pages: privacy, disclaimer, about, contact, dashboard.
[2026-07-30 04:48:09] Published: posts/sttok-maarkett-shuruaat-kaise-kre.html  (582 words)  total=668
[2026-07-30 04:48:09] Sleeping 15 min until next article...
[2026-07-30 04:49:54] Generating article: ELSS टैक्स सेविंग फंड्स टॉप 5
[2026-07-30 04:49:54] Wrote static pages: privacy, disclaimer, about, contact, dashboard.
[2026-07-30 04:49:54] Published: posts/elss-ttaiks-sevig-phdds-ttop-5.html  (570 words)  total=669
[2026-07-30 04:49:54] Sleeping 10 min until next article...
[2026-07-30 04:59:54] Generating article: बेस्ट बजटिंग ऐप्स भारतीयों के लिए
[2026-07-30 04:59:54] Wrote static pages: privacy, disclaimer, about, contact, dashboard.
[2026-07-30 04:59:54] Published: posts/bestt-bjttig-aips-bhaartiiyo-ke-lie.html  (567 words)  total=670
[2026-07-30 04:59:54] Sleeping 10 min until next article...
[2026-07-30 05:02:13] Generating article: गोल्ड में निवेश करने के तरीके
[2026-07-30 05:02:13] Wrote static pages: privacy, disclaimer, about, contact, dashboard.
[2026-07-30 05:02:13] Published: posts/goldd-me-nivesh-krne-ke-triike.html  (552 words)  total=671
[2026-07-30 05:02:13] Sleeping 15 min until next article...
[2026-07-30 05:03:09] Generating article: स्टॉक मार्केट शुरुआत कैसे करें
[2026-07-30 05:03:09] Wrote static pages: privacy, disclaimer, about, contact, dashboard.
[2026-07-30 05:03:09] Published: posts/sttok-maarkett-shuruaat-kaise-kre.html  (582 words)  total=672
[2026-07-30 05:03:09] Sleeping 15 min until next article...
[2026-07-30 05:09:54] Generating article: ELSS टैक्स सेविंग फंड्स टॉप 5
[2026-07-30 05:09:54] Wrote static pages: privacy, disclaimer, about, contact, dashboard.
[2026-07-30 05:09:54] Published: posts/elss-ttaiks-sevig-phdds-ttop-5.html  (570 words)  total=673
[2026-07-30 05:09:54] Sleeping 10 min until next article...
[2026-07-30 05:17:13] Generating article: रिटायरमेंट प्लानिंग शुरुआती गाइड
[2026-07-30 05:17:13] Wrote static pages: privacy, disclaimer, about, contact, dashboard.
[2026-07-30 05:17:13] Published: posts/rittaayrmett-plaanig-shuruaatii-gaaidd.html  (581 words)  total=674
[2026-07-30 05:17:13] Sleeping 15 min until next article...
[2026-07-30 05:18:09] Generating article: स्टॉक मार्केट शुरुआत कैसे करें
[2026-07-30 05:18:09] Wrote static pages: privacy, disclaimer, about, contact, dashboard.
[2026-07-30 05:18:09] Published: posts/sttok-maarkett-shuruaat-kaise-kre.html  (582 words)  total=675
[2026-07-30 05:18:09] Sleeping 15 min until next article...
[2026-07-30 05:19:54] Generating article: बेस्ट बजटिंग ऐप्स भारतीयों के लिए
[2026-07-30 05:19:54] Wrote static pages: privacy, disclaimer, about, contact, dashboard.
[2026-07-30 05:19:54] Published: posts/bestt-bjttig-aips-bhaartiiyo-ke-lie.html  (567 words)  total=676
[2026-07-30 05:19:54] Sleeping 10 min until next article...
[2026-07-30 05:29:54] Generating article: ELSS टैक्स सेविंग फंड्स टॉप 5
[2026-07-30 05:29:54] Wrote static pages: privacy, disclaimer, about, contact, dashboard.
[2026-07-30 05:29:54] Published: posts/elss-ttaiks-sevig-phdds-ttop-5.html  (570 words)  total=677
[2026-07-30 05:29:54] Sleeping 10 min until next article...
[2026-07-30 05:32:13] Generating article: बेस्ट बजटिंग ऐप्स भारतीयों के लिए
[2026-07-30 05:32:13] Wrote static pages: privacy, disclaimer, about, contact, dashboard.
[2026-07-30 05:32:13] Published: posts/bestt-bjttig-aips-bhaartiiyo-ke-lie.html  (568 words)  total=678
[2026-07-30 05:32:13] Sleeping 15 min until next article...
[2026-07-30 05:33:09] Generating article: स्टॉक मार्केट शुरुआत कैसे करें
[2026-07-30 05:33:09] Wrote static pages: privacy, disclaimer, about, contact, dashboard.
[2026-07-30 05:33:09] Published: posts/sttok-maarkett-shuruaat-kaise-kre.html  (582 words)  total=679
[2026-07-30 05:33:09] Sleeping 15 min until next article...
[2026-07-30 05:39:54] Generating article: बेस्ट बजटिंग ऐप्स भारतीयों के लिए
[2026-07-30 05:39:54] Wrote static pages: privacy, disclaimer, about, contact, dashboard.
[2026-07-30 05:39:54] Published: posts/bestt-bjttig-aips-bhaartiiyo-ke-lie.html  (567 words)  total=680
[2026-07-30 05:39:54] Sleeping 10 min until next article...
[2026-07-30 05:47:13] Generating article: PPF बनाम म्यूचुअल फंड — क्या बेहतर है
[2026-07-30 05:47:14] Wrote static pages: privacy, disclaimer, about, contact, dashboard.
[2026-07-30 05:47:14] Published: posts/ppf-bnaam-myuucual-phdd----kyaa-behtr-hai.html  (568 words)  total=681
[2026-07-30 05:47:14] Sleeping 15 min until next article...
[2026-07-30 05:48:09] Generating article: स्टॉक मार्केट शुरुआत कैसे करें
[2026-07-30 05:48:09] Wrote static pages: privacy, disclaimer, about, contact, dashboard.
[2026-07-30 05:48:09] Published: posts/sttok-maarkett-shuruaat-kaise-kre.html  (582 words)  total=682
[2026-07-30 05:48:09] Sleeping 15 min until next article...
[2026-07-30 05:49:54] Generating article: ELSS टैक्स सेविंग फंड्स टॉप 5
[2026-07-30 05:49:54] Wrote static pages: privacy, disclaimer, about, contact, dashboard.
[2026-07-30 05:49:54] Published: posts/elss-ttaiks-sevig-phdds-ttop-5.html  (570 words)  total=683
[2026-07-30 05:49:54] Sleeping 10 min until next article...
[2026-07-30 05:59:54] Generating article: बेस्ट बजटिंग ऐप्स भारतीयों के लिए
[2026-07-30 05:59:54] Wrote static pages: privacy, disclaimer, about, contact, dashboard.
[2026-07-30 05:59:54] Published: posts/bestt-bjttig-aips-bhaartiiyo-ke-lie.html  (567 words)  total=684
[2026-07-30 05:59:54] Sleeping 10 min until next article...
[2026-07-30 06:02:14] Generating article: छोटी सैलरी से निवेश कैसे शुरू करें
[2026-07-30 06:02:14] Wrote static pages: privacy, disclaimer, about, contact, dashboard.
[2026-07-30 06:02:14] Published: posts/chottii-sailrii-se-nivesh-kaise-shuruu-kre.html  (566 words)  total=685
[2026-07-30 06:02:14] Sleeping 15 min until next article...
[2026-07-30 06:03:09] Generating article: स्टॉक मार्केट शुरुआत कैसे करें
[2026-07-30 06:03:09] Wrote static pages: privacy, disclaimer, about, contact, dashboard.
[2026-07-30 06:03:09] Published: posts/sttok-maarkett-shuruaat-kaise-kre.html  (582 words)  total=686
[2026-07-30 06:03:09] Sleeping 15 min until next article...
[2026-07-30 06:09:54] Generating article: ELSS टैक्स सेविंग फंड्स टॉप 5
[2026-07-30 06:09:54] Wrote static pages: privacy, disclaimer, about, contact, dashboard.
[2026-07-30 06:09:54] Published: posts/elss-ttaiks-sevig-phdds-ttop-5.html  (570 words)  total=687
[2026-07-30 06:09:54] Sleeping 10 min until next article...
[2026-07-30 06:17:14] Generating article: गोल्ड में निवेश करने के तरीके
[2026-07-30 06:17:14] Wrote static pages: privacy, disclaimer, about, contact, dashboard.
[2026-07-30 06:17:14] Published: posts/goldd-me-nivesh-krne-ke-triike.html  (552 words)  total=688
[2026-07-30 06:17:14] Sleeping 15 min until next article...
[2026-07-30 06:18:09] Generating article: स्टॉक मार्केट शुरुआत कैसे करें
[2026-07-30 06:18:09] Wrote static pages: privacy, disclaimer, about, contact, dashboard.
[2026-07-30 06:18:09] Published: posts/sttok-maarkett-shuruaat-kaise-kre.html  (582 words)  total=689
[2026-07-30 06:18:09] Sleeping 15 min until next article...
[2026-07-30 06:19:54] Generating article: बेस्ट बजटिंग ऐप्स भारतीयों के लिए
[2026-07-30 06:19:54] Wrote static pages: privacy, disclaimer, about, contact, dashboard.
[2026-07-30 06:19:54] Published: posts/bestt-bjttig-aips-bhaartiiyo-ke-lie.html  (567 words)  total=690
[2026-07-30 06:19:54] Sleeping 10 min until next article...
[2026-07-30 06:29:54] Generating article: ELSS टैक्स सेविंग फंड्स टॉप 5
[2026-07-30 06:29:54] Wrote static pages: privacy, disclaimer, about, contact, dashboard.
[2026-07-30 06:29:54] Published: posts/elss-ttaiks-sevig-phdds-ttop-5.html  (570 words)  total=691
[2026-07-30 06:29:54] Sleeping 10 min until next article...
[2026-07-30 06:32:14] Generating article: रिटायरमेंट प्लानिंग शुरुआती गाइड
[2026-07-30 06:32:14] Wrote static pages: privacy, disclaimer, about, contact, dashboard.
[2026-07-30 06:32:14] Published: posts/rittaayrmett-plaanig-shuruaatii-gaaidd.html  (581 words)  total=692
[2026-07-30 06:32:14] Sleeping 15 min until next article...
[2026-07-30 06:33:09] Generating article: स्टॉक मार्केट शुरुआत कैसे करें
[2026-07-30 06:33:09] Wrote static pages: privacy, disclaimer, about, contact, dashboard.
[2026-07-30 06:33:09] Published: posts/sttok-maarkett-shuruaat-kaise-kre.html  (582 words)  total=693
[2026-07-30 06:33:09] Sleeping 15 min until next article...
[2026-07-30 06:39:54] Generating article: बेस्ट बजटिंग ऐप्स भारतीयों के लिए
[2026-07-30 06:39:54] Wrote static pages: privacy, disclaimer, about, contact, dashboard.
[2026-07-30 06:39:54] Published: posts/bestt-bjttig-aips-bhaartiiyo-ke-lie.html  (567 words)  total=694
[2026-07-30 06:39:54] Sleeping 10 min until next article...
[2026-07-30 06:47:14] Generating article: बेस्ट बजटिंग ऐप्स भारतीयों के लिए
[2026-07-30 06:47:14] Wrote static pages: privacy, disclaimer, about, contact, dashboard.
[2026-07-30 06:47:14] Published: posts/bestt-bjttig-aips-bhaartiiyo-ke-lie.html  (568 words)  total=695
[2026-07-30 06:47:14] Sleeping 15 min until next article...
[2026-07-30 06:48:09] Generating article: स्टॉक मार्केट शुरुआत कैसे करें
[2026-07-30 06:48:09] Wrote static pages: privacy, disclaimer, about, contact, dashboard.
[2026-07-30 06:48:09] Published: posts/sttok-maarkett-shuruaat-kaise-kre.html  (582 words)  total=696
[2026-07-30 06:48:09] Sleeping 15 min until next article...
[2026-07-30 06:49:54] Generating article: ELSS टैक्स सेविंग फंड्स टॉप 5
[2026-07-30 06:49:54] Wrote static pages: privacy, disclaimer, about, contact, dashboard.
[2026-07-30 06:49:54] Published: posts/elss-ttaiks-sevig-phdds-ttop-5.html  (570 words)  total=697
[2026-07-30 06:49:54] Sleeping 10 min until next article...
[2026-07-30 06:59:54] Generating article: बेस्ट बजटिंग ऐप्स भारतीयों के लिए
[2026-07-30 06:59:54] Wrote static pages: privacy, disclaimer, about, contact, dashboard.
[2026-07-30 06:59:54] Published: posts/bestt-bjttig-aips-bhaartiiyo-ke-lie.html  (567 words)  total=698
[2026-07-30 06:59:54] Sleeping 10 min until next article...
[2026-07-30 07:02:14] Generating article: PPF बनाम म्यूचुअल फंड — क्या बेहतर है
[2026-07-30 07:02:14] Wrote static pages: privacy, disclaimer, about, contact, dashboard.
[2026-07-30 07:02:14] Published: posts/ppf-bnaam-myuucual-phdd----kyaa-behtr-hai.html  (568 words)  total=699
[2026-07-30 07:02:14] Sleeping 15 min until next article...
[2026-07-30 07:03:09] Generating article: स्टॉक मार्केट शुरुआत कैसे करें
[2026-07-30 07:03:09] Wrote static pages: privacy, disclaimer, about, contact, dashboard.
[2026-07-30 07:03:09] Published: posts/sttok-maarkett-shuruaat-kaise-kre.html  (582 words)  total=700
[2026-07-30 07:03:09] Sleeping 15 min until next article...
[2026-07-30 07:09:54] Generating article: ELSS टैक्स सेविंग फंड्स टॉप 5
[2026-07-30 07:09:54] Wrote static pages: privacy, disclaimer, about, contact, dashboard.
[2026-07-30 07:09:54] Published: posts/elss-ttaiks-sevig-phdds-ttop-5.html  (570 words)  total=701
[2026-07-30 07:09:54] Sleeping 10 min until next article...
[2026-07-30 07:17:14] Generating article: छोटी सैलरी से निवेश कैसे शुरू करें
[2026-07-30 07:17:14] Wrote static pages: privacy, disclaimer, about, contact, dashboard.
[2026-07-30 07:17:14] Published: posts/chottii-sailrii-se-nivesh-kaise-shuruu-kre.html  (566 words)  total=702
[2026-07-30 07:17:14] Sleeping 15 min until next article...
[2026-07-30 07:18:09] Generating article: स्टॉक मार्केट शुरुआत कैसे करें
[2026-07-30 07:18:09] Wrote static pages: privacy, disclaimer, about, contact, dashboard.
[2026-07-30 07:18:09] Published: posts/sttok-maarkett-shuruaat-kaise-kre.html  (582 words)  total=703
[2026-07-30 07:18:09] Sleeping 15 min until next article...
[2026-07-30 07:19:54] Generating article: बेस्ट बजटिंग ऐप्स भारतीयों के लिए
[2026-07-30 07:19:54] Wrote static pages: privacy, disclaimer, about, contact, dashboard.
[2026-07-30 07:19:54] Published: posts/bestt-bjttig-aips-bhaartiiyo-ke-lie.html  (567 words)  total=704
[2026-07-30 07:19:54] Sleeping 10 min until next article...
[2026-07-30 07:29:54] Generating article: ELSS टैक्स सेविंग फंड्स टॉप 5
[2026-07-30 07:29:54] Wrote static pages: privacy, disclaimer, about, contact, dashboard.
[2026-07-30 07:29:54] Published: posts/elss-ttaiks-sevig-phdds-ttop-5.html  (570 words)  total=705
[2026-07-30 07:29:54] Sleeping 10 min until next article...
[2026-07-30 07:32:14] Generating article: गोल्ड में निवेश करने के तरीके
[2026-07-30 07:32:14] Wrote static pages: privacy, disclaimer, about, contact, dashboard.
[2026-07-30 07:32:14] Published: posts/goldd-me-nivesh-krne-ke-triike.html  (552 words)  total=706
[2026-07-30 07:32:14] Sleeping 15 min until next article...
[2026-07-30 07:33:09] Generating article: स्टॉक मार्केट शुरुआत कैसे करें
[2026-07-30 07:33:09] Wrote static pages: privacy, disclaimer, about, contact, dashboard.
[2026-07-30 07:33:09] Published: posts/sttok-maarkett-shuruaat-kaise-kre.html  (582 words)  total=707
[2026-07-30 07:33:09] Sleeping 15 min until next article...
[2026-07-30 07:39:54] Generating article: बेस्ट बजटिंग ऐप्स भारतीयों के लिए
[2026-07-30 07:39:54] Wrote static pages: privacy, disclaimer, about, contact, dashboard.
[2026-07-30 07:39:54] Published: posts/bestt-bjttig-aips-bhaartiiyo-ke-lie.html  (567 words)  total=708
[2026-07-30 07:39:54] Sleeping 10 min until next article...
[2026-07-30 07:47:14] Generating article: रिटायरमेंट प्लानिंग शुरुआती गाइड
[2026-07-30 07:47:14] Wrote static pages: privacy, disclaimer, about, contact, dashboard.
[2026-07-30 07:47:14] Published: posts/rittaayrmett-plaanig-shuruaatii-gaaidd.html  (581 words)  total=709
[2026-07-30 07:47:14] Sleeping 15 min until next article...
[2026-07-30 07:48:09] Generating article: स्टॉक मार्केट शुरुआत कैसे करें
[2026-07-30 07:48:09] Wrote static pages: privacy, disclaimer, about, contact, dashboard.
[2026-07-30 07:48:09] Published: posts/sttok-maarkett-shuruaat-kaise-kre.html  (582 words)  total=710
[2026-07-30 07:48:09] Sleeping 15 min until next article...
[2026-07-30 07:49:54] Generating article: ELSS टैक्स सेविंग फंड्स टॉप 5
[2026-07-30 07:49:54] Wrote static pages: privacy, disclaimer, about, contact, dashboard.
[2026-07-30 07:49:54] Published: posts/elss-ttaiks-sevig-phdds-ttop-5.html  (570 words)  total=711
[2026-07-30 07:49:54] Sleeping 10 min until next article...
[2026-07-30 07:59:54] Generating article: बेस्ट बजटिंग ऐप्स भारतीयों के लिए
[2026-07-30 07:59:54] Wrote static pages: privacy, disclaimer, about, contact, dashboard.
[2026-07-30 07:59:54] Published: posts/bestt-bjttig-aips-bhaartiiyo-ke-lie.html  (567 words)  total=712
[2026-07-30 07:59:54] Sleeping 10 min until next article...
[2026-07-30 08:02:14] Generating article: बेस्ट बजटिंग ऐप्स भारतीयों के लिए
[2026-07-30 08:02:14] Wrote static pages: privacy, disclaimer, about, contact, dashboard.
[2026-07-30 08:02:14] Published: posts/bestt-bjttig-aips-bhaartiiyo-ke-lie.html  (568 words)  total=713
[2026-07-30 08:02:14] Sleeping 15 min until next article...
[2026-07-30 08:03:09] Generating article: स्टॉक मार्केट शुरुआत कैसे करें
[2026-07-30 08:03:09] Wrote static pages: privacy, disclaimer, about, contact, dashboard.
[2026-07-30 08:03:09] Published: posts/sttok-maarkett-shuruaat-kaise-kre.html  (582 words)  total=714
[2026-07-30 08:03:09] Sleeping 15 min until next article...
[2026-07-30 08:09:54] Generating article: ELSS टैक्स सेविंग फंड्स टॉप 5
[2026-07-30 08:09:54] Wrote static pages: privacy, disclaimer, about, contact, dashboard.
[2026-07-30 08:09:54] Published: posts/elss-ttaiks-sevig-phdds-ttop-5.html  (570 words)  total=715
[2026-07-30 08:09:54] Sleeping 10 min until next article...
[2026-07-30 08:17:14] Generating article: PPF बनाम म्यूचुअल फंड — क्या बेहतर है
[2026-07-30 08:17:14] Wrote static pages: privacy, disclaimer, about, contact, dashboard.
[2026-07-30 08:17:14] Published: posts/ppf-bnaam-myuucual-phdd----kyaa-behtr-hai.html  (568 words)  total=716
[2026-07-30 08:17:14] Sleeping 15 min until next article...
[2026-07-30 08:18:09] Generating article: स्टॉक मार्केट शुरुआत कैसे करें
[2026-07-30 08:18:09] Wrote static pages: privacy, disclaimer, about, contact, dashboard.
[2026-07-30 08:18:09] Published: posts/sttok-maarkett-shuruaat-kaise-kre.html  (582 words)  total=717
[2026-07-30 08:18:09] Sleeping 15 min until next article...
[2026-07-30 08:19:54] Generating article: बेस्ट बजटिंग ऐप्स भारतीयों के लिए
[2026-07-30 08:19:54] Wrote static pages: privacy, disclaimer, about, contact, dashboard.
[2026-07-30 08:19:54] Published: posts/bestt-bjttig-aips-bhaartiiyo-ke-lie.html  (567 words)  total=718
[2026-07-30 08:19:54] Sleeping 10 min until next article...
[2026-07-30 08:29:54] Generating article: ELSS टैक्स सेविंग फंड्स टॉप 5
[2026-07-30 08:29:54] Wrote static pages: privacy, disclaimer, about, contact, dashboard.
[2026-07-30 08:29:54] Published: posts/elss-ttaiks-sevig-phdds-ttop-5.html  (570 words)  total=719
[2026-07-30 08:29:54] Sleeping 10 min until next article...
[2026-07-30 08:32:14] Generating article: छोटी सैलरी से निवेश कैसे शुरू करें
[2026-07-30 08:32:14] Wrote static pages: privacy, disclaimer, about, contact, dashboard.
[2026-07-30 08:32:14] Published: posts/chottii-sailrii-se-nivesh-kaise-shuruu-kre.html  (566 words)  total=720
[2026-07-30 08:32:14] Sleeping 15 min until next article...
[2026-07-30 08:33:09] Generating article: स्टॉक मार्केट शुरुआत कैसे करें
[2026-07-30 08:33:09] Wrote static pages: privacy, disclaimer, about, contact, dashboard.
[2026-07-30 08:33:09] Published: posts/sttok-maarkett-shuruaat-kaise-kre.html  (582 words)  total=721
[2026-07-30 08:33:09] Sleeping 15 min until next article...
[2026-07-30 08:39:54] Generating article: बेस्ट बजटिंग ऐप्स भारतीयों के लिए
[2026-07-30 08:39:54] Wrote static pages: privacy, disclaimer, about, contact, dashboard.
[2026-07-30 08:39:54] Published: posts/bestt-bjttig-aips-bhaartiiyo-ke-lie.html  (567 words)  total=722
[2026-07-30 08:39:54] Sleeping 10 min until next article...
[2026-07-30 08:47:14] Generating article: गोल्ड में निवेश करने के तरीके
[2026-07-30 08:47:14] Wrote static pages: privacy, disclaimer, about, contact, dashboard.
[2026-07-30 08:47:14] Published: posts/goldd-me-nivesh-krne-ke-triike.html  (552 words)  total=723
[2026-07-30 08:47:14] Sleeping 15 min until next article...
[2026-07-30 08:48:09] Generating article: स्टॉक मार्केट शुरुआत कैसे करें
[2026-07-30 08:48:09] Wrote static pages: privacy, disclaimer, about, contact, dashboard.
[2026-07-30 08:48:09] Published: posts/sttok-maarkett-shuruaat-kaise-kre.html  (582 words)  total=724
[2026-07-30 08:48:09] Sleeping 15 min until next article...
[2026-07-30 08:49:54] Generating article: ELSS टैक्स सेविंग फंड्स टॉप 5
[2026-07-30 08:49:54] Wrote static pages: privacy, disclaimer, about, contact, dashboard.
[2026-07-30 08:49:54] Published: posts/elss-ttaiks-sevig-phdds-ttop-5.html  (570 words)  total=725
[2026-07-30 08:49:54] Sleeping 10 min until next article...
[2026-07-30 08:59:54] Generating article: बेस्ट बजटिंग ऐप्स भारतीयों के लिए
[2026-07-30 08:59:54] Wrote static pages: privacy, disclaimer, about, contact, dashboard.
[2026-07-30 08:59:54] Published: posts/bestt-bjttig-aips-bhaartiiyo-ke-lie.html  (567 words)  total=726
[2026-07-30 08:59:54] Sleeping 10 min until next article...
[2026-07-30 09:02:14] Generating article: रिटायरमेंट प्लानिंग शुरुआती गाइड
[2026-07-30 09:02:14] Wrote static pages: privacy, disclaimer, about, contact, dashboard.
[2026-07-30 09:02:14] Published: posts/rittaayrmett-plaanig-shuruaatii-gaaidd.html  (581 words)  total=727
[2026-07-30 09:02:14] Sleeping 15 min until next article...
[2026-07-30 09:03:09] Generating article: स्टॉक मार्केट शुरुआत कैसे करें
[2026-07-30 09:03:09] Wrote static pages: privacy, disclaimer, about, contact, dashboard.
[2026-07-30 09:03:09] Published: posts/sttok-maarkett-shuruaat-kaise-kre.html  (582 words)  total=728
[2026-07-30 09:03:09] Sleeping 15 min until next article...
[2026-07-30 09:09:54] Generating article: ELSS टैक्स सेविंग फंड्स टॉप 5
[2026-07-30 09:09:54] Wrote static pages: privacy, disclaimer, about, contact, dashboard.
[2026-07-30 09:09:54] Published: posts/elss-ttaiks-sevig-phdds-ttop-5.html  (570 words)  total=729
[2026-07-30 09:09:54] Sleeping 10 min until next article...
[2026-07-30 09:17:14] Generating article: बेस्ट बजटिंग ऐप्स भारतीयों के लिए
[2026-07-30 09:17:14] Wrote static pages: privacy, disclaimer, about, contact, dashboard.
[2026-07-30 09:17:14] Published: posts/bestt-bjttig-aips-bhaartiiyo-ke-lie.html  (568 words)  total=730
[2026-07-30 09:17:14] Sleeping 15 min until next article...
[2026-07-30 09:18:09] Generating article: स्टॉक मार्केट शुरुआत कैसे करें
[2026-07-30 09:18:09] Wrote static pages: privacy, disclaimer, about, contact, dashboard.
[2026-07-30 09:18:09] Published: posts/sttok-maarkett-shuruaat-kaise-kre.html  (582 words)  total=731
[2026-07-30 09:18:09] Sleeping 15 min until next article...
[2026-07-30 09:19:54] Generating article: बेस्ट बजटिंग ऐप्स भारतीयों के लिए
[2026-07-30 09:19:54] Wrote static pages: privacy, disclaimer, about, contact, dashboard.
[2026-07-30 09:19:54] Published: posts/bestt-bjttig-aips-bhaartiiyo-ke-lie.html  (567 words)  total=732
[2026-07-30 09:19:54] Sleeping 10 min until next article...
[2026-07-30 09:29:54] Generating article: ELSS टैक्स सेविंग फंड्स टॉप 5
[2026-07-30 09:29:54] Wrote static pages: privacy, disclaimer, about, contact, dashboard.
[2026-07-30 09:29:54] Published: posts/elss-ttaiks-sevig-phdds-ttop-5.html  (570 words)  total=733
[2026-07-30 09:29:54] Sleeping 10 min until next article...
[2026-07-30 09:32:14] Generating article: PPF बनाम म्यूचुअल फंड — क्या बेहतर है
[2026-07-30 09:32:14] Wrote static pages: privacy, disclaimer, about, contact, dashboard.
[2026-07-30 09:32:14] Published: posts/ppf-bnaam-myuucual-phdd----kyaa-behtr-hai.html  (568 words)  total=734
[2026-07-30 09:32:14] Sleeping 15 min until next article...
[2026-07-30 09:33:09] Generating article: स्टॉक मार्केट शुरुआत कैसे करें
[2026-07-30 09:33:09] Wrote static pages: privacy, disclaimer, about, contact, dashboard.
[2026-07-30 09:33:09] Published: posts/sttok-maarkett-shuruaat-kaise-kre.html  (582 words)  total=735
[2026-07-30 09:33:09] Sleeping 15 min until next article...
[2026-07-30 09:39:54] Generating article: बेस्ट बजटिंग ऐप्स भारतीयों के लिए
[2026-07-30 09:39:54] Wrote static pages: privacy, disclaimer, about, contact, dashboard.
[2026-07-30 09:39:54] Published: posts/bestt-bjttig-aips-bhaartiiyo-ke-lie.html  (567 words)  total=736
[2026-07-30 09:39:54] Sleeping 10 min until next article...
[2026-07-30 09:47:14] Generating article: छोटी सैलरी से निवेश कैसे शुरू करें
[2026-07-30 09:47:14] Wrote static pages: privacy, disclaimer, about, contact, dashboard.
[2026-07-30 09:47:14] Published: posts/chottii-sailrii-se-nivesh-kaise-shuruu-kre.html  (566 words)  total=737
[2026-07-30 09:47:14] Sleeping 15 min until next article...
[2026-07-30 09:48:09] Generating article: स्टॉक मार्केट शुरुआत कैसे करें
[2026-07-30 09:48:09] Wrote static pages: privacy, disclaimer, about, contact, dashboard.
[2026-07-30 09:48:09] Published: posts/sttok-maarkett-shuruaat-kaise-kre.html  (582 words)  total=738
[2026-07-30 09:48:09] Sleeping 15 min until next article...
[2026-07-30 09:49:54] Generating article: ELSS टैक्स सेविंग फंड्स टॉप 5
[2026-07-30 09:49:54] Wrote static pages: privacy, disclaimer, about, contact, dashboard.
[2026-07-30 09:49:54] Published: posts/elss-ttaiks-sevig-phdds-ttop-5.html  (570 words)  total=739
[2026-07-30 09:49:54] Sleeping 10 min until next article...
[2026-07-30 09:59:54] Generating article: बेस्ट बजटिंग ऐप्स भारतीयों के लिए
[2026-07-30 09:59:54] Wrote static pages: privacy, disclaimer, about, contact, dashboard.
[2026-07-30 09:59:54] Published: posts/bestt-bjttig-aips-bhaartiiyo-ke-lie.html  (567 words)  total=740
[2026-07-30 09:59:54] Sleeping 10 min until next article...
[2026-07-30 10:02:14] Generating article: गोल्ड में निवेश करने के तरीके
[2026-07-30 10:02:14] Wrote static pages: privacy, disclaimer, about, contact, dashboard.
[2026-07-30 10:02:14] Published: posts/goldd-me-nivesh-krne-ke-triike.html  (552 words)  total=741
[2026-07-30 10:02:14] Sleeping 15 min until next article...
[2026-07-30 10:03:09] Generating article: स्टॉक मार्केट शुरुआत कैसे करें
[2026-07-30 10:03:09] Wrote static pages: privacy, disclaimer, about, contact, dashboard.
[2026-07-30 10:03:09] Published: posts/sttok-maarkett-shuruaat-kaise-kre.html  (582 words)  total=742
[2026-07-30 10:03:09] Sleeping 15 min until next article...
[2026-07-30 10:09:54] Generating article: ELSS टैक्स सेविंग फंड्स टॉप 5
[2026-07-30 10:09:54] Wrote static pages: privacy, disclaimer, about, contact, dashboard.
[2026-07-30 10:09:54] Published: posts/elss-ttaiks-sevig-phdds-ttop-5.html  (570 words)  total=743
[2026-07-30 10:09:54] Sleeping 10 min until next article...
[2026-07-30 10:17:14] Generating article: रिटायरमेंट प्लानिंग शुरुआती गाइड
[2026-07-30 10:17:14] Wrote static pages: privacy, disclaimer, about, contact, dashboard.
[2026-07-30 10:17:14] Published: posts/rittaayrmett-plaanig-shuruaatii-gaaidd.html  (581 words)  total=744
[2026-07-30 10:17:14] Sleeping 15 min until next article...
[2026-07-30 10:18:09] Generating article: स्टॉक मार्केट शुरुआत कैसे करें
[2026-07-30 10:18:09] Wrote static pages: privacy, disclaimer, about, contact, dashboard.
[2026-07-30 10:18:09] Published: posts/sttok-maarkett-shuruaat-kaise-kre.html  (582 words)  total=745
[2026-07-30 10:18:09] Sleeping 15 min until next article...
[2026-07-30 10:19:54] Generating article: बेस्ट बजटिंग ऐप्स भारतीयों के लिए
[2026-07-30 10:19:54] Wrote static pages: privacy, disclaimer, about, contact, dashboard.
[2026-07-30 10:19:54] Published: posts/bestt-bjttig-aips-bhaartiiyo-ke-lie.html  (567 words)  total=746
[2026-07-30 10:19:54] Sleeping 10 min until next article...
[2026-07-30 10:29:54] Generating article: ELSS टैक्स सेविंग फंड्स टॉप 5
[2026-07-30 10:29:54] Wrote static pages: privacy, disclaimer, about, contact, dashboard.
[2026-07-30 10:29:54] Published: posts/elss-ttaiks-sevig-phdds-ttop-5.html  (570 words)  total=747
[2026-07-30 10:29:54] Sleeping 10 min until next article...
[2026-07-30 10:32:14] Generating article: बेस्ट बजटिंग ऐप्स भारतीयों के लिए
[2026-07-30 10:32:14] Wrote static pages: privacy, disclaimer, about, contact, dashboard.
[2026-07-30 10:32:14] Published: posts/bestt-bjttig-aips-bhaartiiyo-ke-lie.html  (568 words)  total=748
[2026-07-30 10:32:14] Sleeping 15 min until next article...
[2026-07-30 10:33:09] Generating article: स्टॉक मार्केट शुरुआत कैसे करें
[2026-07-30 10:33:09] Wrote static pages: privacy, disclaimer, about, contact, dashboard.
[2026-07-30 10:33:09] Published: posts/sttok-maarkett-shuruaat-kaise-kre.html  (582 words)  total=749
[2026-07-30 10:33:09] Sleeping 15 min until next article...
[2026-07-30 10:39:54] Generating article: बेस्ट बजटिंग ऐप्स भारतीयों के लिए
[2026-07-30 10:39:54] Wrote static pages: privacy, disclaimer, about, contact, dashboard.
[2026-07-30 10:39:54] Published: posts/bestt-bjttig-aips-bhaartiiyo-ke-lie.html  (567 words)  total=750
[2026-07-30 10:39:54] Sleeping 10 min until next article...
[2026-07-30 10:47:14] Generating article: PPF बनाम म्यूचुअल फंड — क्या बेहतर है
[2026-07-30 10:47:14] Wrote static pages: privacy, disclaimer, about, contact, dashboard.
[2026-07-30 10:47:14] Published: posts/ppf-bnaam-myuucual-phdd----kyaa-behtr-hai.html  (568 words)  total=751
[2026-07-30 10:47:14] Sleeping 15 min until next article...
[2026-07-30 10:48:09] Generating article: स्टॉक मार्केट शुरुआत कैसे करें
[2026-07-30 10:48:09] Wrote static pages: privacy, disclaimer, about, contact, dashboard.
[2026-07-30 10:48:09] Published: posts/sttok-maarkett-shuruaat-kaise-kre.html  (582 words)  total=752
[2026-07-30 10:48:09] Sleeping 15 min until next article...
[2026-07-30 10:49:54] Generating article: ELSS टैक्स सेविंग फंड्स टॉप 5
[2026-07-30 10:49:54] Wrote static pages: privacy, disclaimer, about, contact, dashboard.
[2026-07-30 10:49:54] Published: posts/elss-ttaiks-sevig-phdds-ttop-5.html  (570 words)  total=753
[2026-07-30 10:49:54] Sleeping 10 min until next article...
[2026-07-30 10:59:54] Generating article: बेस्ट बजटिंग ऐप्स भारतीयों के लिए
[2026-07-30 10:59:54] Wrote static pages: privacy, disclaimer, about, contact, dashboard.
[2026-07-30 10:59:54] Published: posts/bestt-bjttig-aips-bhaartiiyo-ke-lie.html  (567 words)  total=754
[2026-07-30 10:59:54] Sleeping 10 min until next article...
[2026-07-30 11:02:14] Generating article: छोटी सैलरी से निवेश कैसे शुरू करें
[2026-07-30 11:02:14] Wrote static pages: privacy, disclaimer, about, contact, dashboard.
[2026-07-30 11:02:14] Published: posts/chottii-sailrii-se-nivesh-kaise-shuruu-kre.html  (566 words)  total=755
[2026-07-30 11:02:14] Sleeping 15 min until next article...
[2026-07-30 11:03:09] Generating article: स्टॉक मार्केट शुरुआत कैसे करें
[2026-07-30 11:03:09] Wrote static pages: privacy, disclaimer, about, contact, dashboard.
[2026-07-30 11:03:09] Published: posts/sttok-maarkett-shuruaat-kaise-kre.html  (582 words)  total=756
[2026-07-30 11:03:09] Sleeping 15 min until next article...
[2026-07-30 11:09:54] Generating article: ELSS टैक्स सेविंग फंड्स टॉप 5
[2026-07-30 11:09:54] Wrote static pages: privacy, disclaimer, about, contact, dashboard.
[2026-07-30 11:09:54] Published: posts/elss-ttaiks-sevig-phdds-ttop-5.html  (570 words)  total=757
[2026-07-30 11:09:54] Sleeping 10 min until next article...
[2026-07-30 11:17:14] Generating article: गोल्ड में निवेश करने के तरीके
[2026-07-30 11:17:14] Wrote static pages: privacy, disclaimer, about, contact, dashboard.
[2026-07-30 11:17:14] Published: posts/goldd-me-nivesh-krne-ke-triike.html  (552 words)  total=758
[2026-07-30 11:17:14] Sleeping 15 min until next article...
[2026-07-30 11:18:09] Generating article: स्टॉक मार्केट शुरुआत कैसे करें
[2026-07-30 11:18:09] Wrote static pages: privacy, disclaimer, about, contact, dashboard.
[2026-07-30 11:18:09] Published: posts/sttok-maarkett-shuruaat-kaise-kre.html  (582 words)  total=759
[2026-07-30 11:18:09] Sleeping 15 min until next article...
[2026-07-30 11:19:54] Generating article: बेस्ट बजटिंग ऐप्स भारतीयों के लिए
[2026-07-30 11:19:54] Wrote static pages: privacy, disclaimer, about, contact, dashboard.
[2026-07-30 11:19:54] Published: posts/bestt-bjttig-aips-bhaartiiyo-ke-lie.html  (567 words)  total=760
[2026-07-30 11:19:54] Sleeping 10 min until next article...
[2026-07-30 11:29:54] Generating article: ELSS टैक्स सेविंग फंड्स टॉप 5
[2026-07-30 11:29:54] Wrote static pages: privacy, disclaimer, about, contact, dashboard.
[2026-07-30 11:29:54] Published: posts/elss-ttaiks-sevig-phdds-ttop-5.html  (570 words)  total=761
[2026-07-30 11:29:54] Sleeping 10 min until next article...
[2026-07-30 11:32:14] Generating article: रिटायरमेंट प्लानिंग शुरुआती गाइड
[2026-07-30 11:32:14] Wrote static pages: privacy, disclaimer, about, contact, dashboard.
[2026-07-30 11:32:14] Published: posts/rittaayrmett-plaanig-shuruaatii-gaaidd.html  (581 words)  total=762
[2026-07-30 11:32:14] Sleeping 15 min until next article...
[2026-07-30 11:33:09] Generating article: स्टॉक मार्केट शुरुआत कैसे करें
[2026-07-30 11:33:09] Wrote static pages: privacy, disclaimer, about, contact, dashboard.
[2026-07-30 11:33:09] Published: posts/sttok-maarkett-shuruaat-kaise-kre.html  (582 words)  total=763
[2026-07-30 11:33:09] Sleeping 15 min until next article...
[2026-07-30 11:39:54] Generating article: बेस्ट बजटिंग ऐप्स भारतीयों के लिए
[2026-07-30 11:39:54] Wrote static pages: privacy, disclaimer, about, contact, dashboard.
[2026-07-30 11:39:54] Published: posts/bestt-bjttig-aips-bhaartiiyo-ke-lie.html  (567 words)  total=764
[2026-07-30 11:39:54] Sleeping 10 min until next article...
[2026-07-30 11:47:14] Generating article: बेस्ट बजटिंग ऐप्स भारतीयों के लिए
[2026-07-30 11:47:14] Wrote static pages: privacy, disclaimer, about, contact, dashboard.
[2026-07-30 11:47:14] Published: posts/bestt-bjttig-aips-bhaartiiyo-ke-lie.html  (568 words)  total=765
[2026-07-30 11:47:14] Sleeping 15 min until next article...
[2026-07-30 11:48:09] Generating article: स्टॉक मार्केट शुरुआत कैसे करें
[2026-07-30 11:48:09] Wrote static pages: privacy, disclaimer, about, contact, dashboard.
[2026-07-30 11:48:09] Published: posts/sttok-maarkett-shuruaat-kaise-kre.html  (582 words)  total=766
[2026-07-30 11:48:09] Sleeping 15 min until next article...
[2026-07-30 11:49:54] Generating article: ELSS टैक्स सेविंग फंड्स टॉप 5
[2026-07-30 11:49:54] Wrote static pages: privacy, disclaimer, about, contact, dashboard.
[2026-07-30 11:49:54] Published: posts/elss-ttaiks-sevig-phdds-ttop-5.html  (570 words)  total=767
[2026-07-30 11:49:54] Sleeping 10 min until next article...
[2026-07-30 11:59:54] Generating article: बेस्ट बजटिंग ऐप्स भारतीयों के लिए
[2026-07-30 11:59:54] Wrote static pages: privacy, disclaimer, about, contact, dashboard.
[2026-07-30 11:59:54] Published: posts/bestt-bjttig-aips-bhaartiiyo-ke-lie.html  (567 words)  total=768
[2026-07-30 11:59:54] Sleeping 10 min until next article...
[2026-07-30 12:02:14] Generating article: PPF बनाम म्यूचुअल फंड — क्या बेहतर है
[2026-07-30 12:02:14] Wrote static pages: privacy, disclaimer, about, contact, dashboard.
[2026-07-30 12:02:14] Published: posts/ppf-bnaam-myuucual-phdd----kyaa-behtr-hai.html  (568 words)  total=769
[2026-07-30 12:02:14] Sleeping 15 min until next article...
[2026-07-30 12:03:09] Generating article: स्टॉक मार्केट शुरुआत कैसे करें
[2026-07-30 12:03:09] Wrote static pages: privacy, disclaimer, about, contact, dashboard.
[2026-07-30 12:03:09] Published: posts/sttok-maarkett-shuruaat-kaise-kre.html  (582 words)  total=770
[2026-07-30 12:03:09] Sleeping 15 min until next article...
[2026-07-30 12:09:54] Generating article: ELSS टैक्स सेविंग फंड्स टॉप 5
[2026-07-30 12:09:54] Wrote static pages: privacy, disclaimer, about, contact, dashboard.
[2026-07-30 12:09:54] Published: posts/elss-ttaiks-sevig-phdds-ttop-5.html  (570 words)  total=771
[2026-07-30 12:09:54] Sleeping 10 min until next article...
[2026-07-30 12:17:14] Generating article: छोटी सैलरी से निवेश कैसे शुरू करें
[2026-07-30 12:17:14] Wrote static pages: privacy, disclaimer, about, contact, dashboard.
[2026-07-30 12:17:14] Published: posts/chottii-sailrii-se-nivesh-kaise-shuruu-kre.html  (566 words)  total=772
[2026-07-30 12:17:14] Sleeping 15 min until next article...
[2026-07-30 12:18:09] Generating article: स्टॉक मार्केट शुरुआत कैसे करें
[2026-07-30 12:18:09] Wrote static pages: privacy, disclaimer, about, contact, dashboard.
[2026-07-30 12:18:09] Published: posts/sttok-maarkett-shuruaat-kaise-kre.html  (582 words)  total=773
[2026-07-30 12:18:09] Sleeping 15 min until next article...
[2026-07-30 12:19:54] Generating article: बेस्ट बजटिंग ऐप्स भारतीयों के लिए
[2026-07-30 12:19:54] Wrote static pages: privacy, disclaimer, about, contact, dashboard.
[2026-07-30 12:19:54] Published: posts/bestt-bjttig-aips-bhaartiiyo-ke-lie.html  (567 words)  total=774
[2026-07-30 12:19:54] Sleeping 10 min until next article...
[2026-07-30 12:29:54] Generating article: ELSS टैक्स सेविंग फंड्स टॉप 5
[2026-07-30 12:29:54] Wrote static pages: privacy, disclaimer, about, contact, dashboard.
[2026-07-30 12:29:54] Published: posts/elss-ttaiks-sevig-phdds-ttop-5.html  (570 words)  total=775
[2026-07-30 12:29:54] Sleeping 10 min until next article...
[2026-07-30 12:32:14] Generating article: गोल्ड में निवेश करने के तरीके
[2026-07-30 12:32:14] Wrote static pages: privacy, disclaimer, about, contact, dashboard.
[2026-07-30 12:32:14] Published: posts/goldd-me-nivesh-krne-ke-triike.html  (552 words)  total=776
[2026-07-30 12:32:14] Sleeping 15 min until next article...
[2026-07-30 12:33:09] Generating article: स्टॉक मार्केट शुरुआत कैसे करें
[2026-07-30 12:33:09] Wrote static pages: privacy, disclaimer, about, contact, dashboard.
[2026-07-30 12:33:09] Published: posts/sttok-maarkett-shuruaat-kaise-kre.html  (582 words)  total=777
[2026-07-30 12:33:09] Sleeping 15 min until next article...
[2026-07-30 12:39:54] Generating article: बेस्ट बजटिंग ऐप्स भारतीयों के लिए
[2026-07-30 12:39:54] Wrote static pages: privacy, disclaimer, about, contact, dashboard.
[2026-07-30 12:39:54] Published: posts/bestt-bjttig-aips-bhaartiiyo-ke-lie.html  (567 words)  total=778
[2026-07-30 12:39:54] Sleeping 10 min until next article...
[2026-07-30 12:47:14] Generating article: रिटायरमेंट प्लानिंग शुरुआती गाइड
[2026-07-30 12:47:14] Wrote static pages: privacy, disclaimer, about, contact, dashboard.
[2026-07-30 12:47:14] Published: posts/rittaayrmett-plaanig-shuruaatii-gaaidd.html  (581 words)  total=779
[2026-07-30 12:47:14] Sleeping 15 min until next article...
[2026-07-30 12:48:09] Generating article: स्टॉक मार्केट शुरुआत कैसे करें
[2026-07-30 12:48:09] Wrote static pages: privacy, disclaimer, about, contact, dashboard.
[2026-07-30 12:48:09] Published: posts/sttok-maarkett-shuruaat-kaise-kre.html  (582 words)  total=780
[2026-07-30 12:48:09] Sleeping 15 min until next article...
[2026-07-30 12:49:54] Generating article: ELSS टैक्स सेविंग फंड्स टॉप 5
[2026-07-30 12:49:54] Wrote static pages: privacy, disclaimer, about, contact, dashboard.
[2026-07-30 12:49:54] Published: posts/elss-ttaiks-sevig-phdds-ttop-5.html  (570 words)  total=781
[2026-07-30 12:49:54] Sleeping 10 min until next article...
[2026-07-30 12:59:54] Generating article: बेस्ट बजटिंग ऐप्स भारतीयों के लिए
[2026-07-30 12:59:54] Wrote static pages: privacy, disclaimer, about, contact, dashboard.
[2026-07-30 12:59:54] Published: posts/bestt-bjttig-aips-bhaartiiyo-ke-lie.html  (567 words)  total=782
[2026-07-30 12:59:54] Sleeping 10 min until next article...
[2026-07-30 13:02:14] Generating article: बेस्ट बजटिंग ऐप्स भारतीयों के लिए
[2026-07-30 13:02:14] Wrote static pages: privacy, disclaimer, about, contact, dashboard.
[2026-07-30 13:02:14] Published: posts/bestt-bjttig-aips-bhaartiiyo-ke-lie.html  (568 words)  total=783
[2026-07-30 13:02:14] Sleeping 15 min until next article...
[2026-07-30 13:03:09] Generating article: स्टॉक मार्केट शुरुआत कैसे करें
[2026-07-30 13:03:09] Wrote static pages: privacy, disclaimer, about, contact, dashboard.
[2026-07-30 13:03:09] Published: posts/sttok-maarkett-shuruaat-kaise-kre.html  (582 words)  total=784
[2026-07-30 13:03:09] Sleeping 15 min until next article...
[2026-07-30 13:09:54] Generating article: ELSS टैक्स सेविंग फंड्स टॉप 5
[2026-07-30 13:09:54] Wrote static pages: privacy, disclaimer, about, contact, dashboard.
[2026-07-30 13:09:54] Published: posts/elss-ttaiks-sevig-phdds-ttop-5.html  (570 words)  total=785
[2026-07-30 13:09:54] Sleeping 10 min until next article...
[2026-07-30 13:17:14] Generating article: PPF बनाम म्यूचुअल फंड — क्या बेहतर है
[2026-07-30 13:17:14] Wrote static pages: privacy, disclaimer, about, contact, dashboard.
[2026-07-30 13:17:14] Published: posts/ppf-bnaam-myuucual-phdd----kyaa-behtr-hai.html  (568 words)  total=786
[2026-07-30 13:17:14] Sleeping 15 min until next article...
[2026-07-30 13:18:09] Generating article: स्टॉक मार्केट शुरुआत कैसे करें
[2026-07-30 13:18:09] Wrote static pages: privacy, disclaimer, about, contact, dashboard.
[2026-07-30 13:18:09] Published: posts/sttok-maarkett-shuruaat-kaise-kre.html  (582 words)  total=787
[2026-07-30 13:18:09] Sleeping 15 min until next article...
[2026-07-30 13:19:54] Generating article: बेस्ट बजटिंग ऐप्स भारतीयों के लिए
[2026-07-30 13:19:54] Wrote static pages: privacy, disclaimer, about, contact, dashboard.
[2026-07-30 13:19:54] Published: posts/bestt-bjttig-aips-bhaartiiyo-ke-lie.html  (567 words)  total=788
[2026-07-30 13:19:54] Sleeping 10 min until next article...
[2026-07-30 13:29:54] Generating article: ELSS टैक्स सेविंग फंड्स टॉप 5
[2026-07-30 13:29:54] Wrote static pages: privacy, disclaimer, about, contact, dashboard.
[2026-07-30 13:29:54] Published: posts/elss-ttaiks-sevig-phdds-ttop-5.html  (570 words)  total=789
[2026-07-30 13:29:54] Sleeping 10 min until next article...
[2026-07-30 13:32:14] Generating article: छोटी सैलरी से निवेश कैसे शुरू करें
[2026-07-30 13:32:14] Wrote static pages: privacy, disclaimer, about, contact, dashboard.
[2026-07-30 13:32:14] Published: posts/chottii-sailrii-se-nivesh-kaise-shuruu-kre.html  (566 words)  total=790
[2026-07-30 13:32:14] Sleeping 15 min until next article...
[2026-07-30 13:33:09] Generating article: स्टॉक मार्केट शुरुआत कैसे करें
[2026-07-30 13:33:09] Wrote static pages: privacy, disclaimer, about, contact, dashboard.
[2026-07-30 13:33:09] Published: posts/sttok-maarkett-shuruaat-kaise-kre.html  (582 words)  total=791
[2026-07-30 13:33:09] Sleeping 15 min until next article...
[2026-07-30 13:39:54] Generating article: बेस्ट बजटिंग ऐप्स भारतीयों के लिए
[2026-07-30 13:39:54] Wrote static pages: privacy, disclaimer, about, contact, dashboard.
[2026-07-30 13:39:54] Published: posts/bestt-bjttig-aips-bhaartiiyo-ke-lie.html  (567 words)  total=792
[2026-07-30 13:39:54] Sleeping 10 min until next article...
[2026-07-30 13:47:14] Generating article: गोल्ड में निवेश करने के तरीके
[2026-07-30 13:47:14] Wrote static pages: privacy, disclaimer, about, contact, dashboard.
[2026-07-30 13:47:14] Published: posts/goldd-me-nivesh-krne-ke-triike.html  (552 words)  total=793
[2026-07-30 13:47:14] Sleeping 15 min until next article...
[2026-07-30 13:48:09] Generating article: स्टॉक मार्केट शुरुआत कैसे करें
[2026-07-30 13:48:09] Wrote static pages: privacy, disclaimer, about, contact, dashboard.
[2026-07-30 13:48:09] Published: posts/sttok-maarkett-shuruaat-kaise-kre.html  (582 words)  total=794
[2026-07-30 13:48:09] Sleeping 15 min until next article...
[2026-07-30 13:49:54] Generating article: ELSS टैक्स सेविंग फंड्स टॉप 5
[2026-07-30 13:49:54] Wrote static pages: privacy, disclaimer, about, contact, dashboard.
[2026-07-30 13:49:54] Published: posts/elss-ttaiks-sevig-phdds-ttop-5.html  (570 words)  total=795
[2026-07-30 13:49:54] Sleeping 10 min until next article...
[2026-07-30 13:59:54] Generating article: बेस्ट बजटिंग ऐप्स भारतीयों के लिए
[2026-07-30 13:59:54] Wrote static pages: privacy, disclaimer, about, contact, dashboard.
[2026-07-30 13:59:54] Published: posts/bestt-bjttig-aips-bhaartiiyo-ke-lie.html  (567 words)  total=796
[2026-07-30 13:59:54] Sleeping 10 min until next article...
[2026-07-30 14:02:14] Generating article: रिटायरमेंट प्लानिंग शुरुआती गाइड
[2026-07-30 14:02:14] Wrote static pages: privacy, disclaimer, about, contact, dashboard.
[2026-07-30 14:02:14] Published: posts/rittaayrmett-plaanig-shuruaatii-gaaidd.html  (581 words)  total=797
[2026-07-30 14:02:14] Sleeping 15 min until next article...
[2026-07-30 14:03:09] Generating article: स्टॉक मार्केट शुरुआत कैसे करें
[2026-07-30 14:03:09] Wrote static pages: privacy, disclaimer, about, contact, dashboard.
[2026-07-30 14:03:09] Published: posts/sttok-maarkett-shuruaat-kaise-kre.html  (582 words)  total=798
[2026-07-30 14:03:09] Sleeping 15 min until next article...
[2026-07-30 14:09:54] Generating article: ELSS टैक्स सेविंग फंड्स टॉप 5
[2026-07-30 14:09:54] Wrote static pages: privacy, disclaimer, about, contact, dashboard.
[2026-07-30 14:09:54] Published: posts/elss-ttaiks-sevig-phdds-ttop-5.html  (570 words)  total=799
[2026-07-30 14:09:54] Sleeping 10 min until next article...
[2026-07-30 14:17:14] Generating article: बेस्ट बजटिंग ऐप्स भारतीयों के लिए
[2026-07-30 14:17:14] Wrote static pages: privacy, disclaimer, about, contact, dashboard.
[2026-07-30 14:17:14] Published: posts/bestt-bjttig-aips-bhaartiiyo-ke-lie.html  (568 words)  total=800
[2026-07-30 14:17:14] Sleeping 15 min until next article...
[2026-07-30 14:18:09] Generating article: स्टॉक मार्केट शुरुआत कैसे करें
[2026-07-30 14:18:09] Wrote static pages: privacy, disclaimer, about, contact, dashboard.
[2026-07-30 14:18:09] Published: posts/sttok-maarkett-shuruaat-kaise-kre.html  (582 words)  total=801
[2026-07-30 14:18:09] Sleeping 15 min until next article...
[2026-07-30 14:19:54] Generating article: बेस्ट बजटिंग ऐप्स भारतीयों के लिए
[2026-07-30 14:19:54] Wrote static pages: privacy, disclaimer, about, contact, dashboard.
[2026-07-30 14:19:54] Published: posts/bestt-bjttig-aips-bhaartiiyo-ke-lie.html  (567 words)  total=802
[2026-07-30 14:19:54] Sleeping 10 min until next article...
[2026-07-30 14:29:54] Generating article: ELSS टैक्स सेविंग फंड्स टॉप 5
[2026-07-30 14:29:54] Wrote static pages: privacy, disclaimer, about, contact, dashboard.
[2026-07-30 14:29:54] Published: posts/elss-ttaiks-sevig-phdds-ttop-5.html  (570 words)  total=803
[2026-07-30 14:29:54] Sleeping 10 min until next article...
[2026-07-30 14:32:14] Generating article: PPF बनाम म्यूचुअल फंड — क्या बेहतर है
[2026-07-30 14:32:14] Wrote static pages: privacy, disclaimer, about, contact, dashboard.
[2026-07-30 14:32:14] Published: posts/ppf-bnaam-myuucual-phdd----kyaa-behtr-hai.html  (568 words)  total=804
[2026-07-30 14:32:14] Sleeping 15 min until next article...
[2026-07-30 14:33:09] Generating article: स्टॉक मार्केट शुरुआत कैसे करें
[2026-07-30 14:33:09] Wrote static pages: privacy, disclaimer, about, contact, dashboard.
[2026-07-30 14:33:09] Published: posts/sttok-maarkett-shuruaat-kaise-kre.html  (582 words)  total=805
[2026-07-30 14:33:09] Sleeping 15 min until next article...
[2026-07-30 14:39:54] Generating article: बेस्ट बजटिंग ऐप्स भारतीयों के लिए
[2026-07-30 14:39:54] Wrote static pages: privacy, disclaimer, about, contact, dashboard.
[2026-07-30 14:39:54] Published: posts/bestt-bjttig-aips-bhaartiiyo-ke-lie.html  (567 words)  total=806
[2026-07-30 14:39:54] Sleeping 10 min until next article...
[2026-07-30 14:47:14] Generating article: छोटी सैलरी से निवेश कैसे शुरू करें
[2026-07-30 14:47:14] Wrote static pages: privacy, disclaimer, about, contact, dashboard.
[2026-07-30 14:47:14] Published: posts/chottii-sailrii-se-nivesh-kaise-shuruu-kre.html  (566 words)  total=807
[2026-07-30 14:47:14] Sleeping 15 min until next article...
[2026-07-30 14:48:09] Generating article: स्टॉक मार्केट शुरुआत कैसे करें
[2026-07-30 14:48:09] Wrote static pages: privacy, disclaimer, about, contact, dashboard.
[2026-07-30 14:48:09] Published: posts/sttok-maarkett-shuruaat-kaise-kre.html  (582 words)  total=808
[2026-07-30 14:48:09] Sleeping 15 min until next article...
[2026-07-30 14:49:54] Generating article: ELSS टैक्स सेविंग फंड्स टॉप 5
[2026-07-30 14:49:54] Wrote static pages: privacy, disclaimer, about, contact, dashboard.
[2026-07-30 14:49:54] Published: posts/elss-ttaiks-sevig-phdds-ttop-5.html  (570 words)  total=809
[2026-07-30 14:49:54] Sleeping 10 min until next article...
[2026-07-30 14:59:54] Generating article: बेस्ट बजटिंग ऐप्स भारतीयों के लिए
[2026-07-30 14:59:54] Wrote static pages: privacy, disclaimer, about, contact, dashboard.
[2026-07-30 14:59:54] Published: posts/bestt-bjttig-aips-bhaartiiyo-ke-lie.html  (567 words)  total=810
[2026-07-30 14:59:54] Sleeping 10 min until next article...
[2026-07-30 15:02:14] Generating article: गोल्ड में निवेश करने के तरीके
[2026-07-30 15:02:14] Wrote static pages: privacy, disclaimer, about, contact, dashboard.
[2026-07-30 15:02:14] Published: posts/goldd-me-nivesh-krne-ke-triike.html  (552 words)  total=811
[2026-07-30 15:02:14] Sleeping 15 min until next article...
[2026-07-30 15:03:09] Generating article: स्टॉक मार्केट शुरुआत कैसे करें
[2026-07-30 15:03:09] Wrote static pages: privacy, disclaimer, about, contact, dashboard.
[2026-07-30 15:03:09] Published: posts/sttok-maarkett-shuruaat-kaise-kre.html  (582 words)  total=812
[2026-07-30 15:03:09] Sleeping 15 min until next article...
[2026-07-30 15:09:54] Generating article: ELSS टैक्स सेविंग फंड्स टॉप 5
[2026-07-30 15:09:54] Wrote static pages: privacy, disclaimer, about, contact, dashboard.
[2026-07-30 15:09:54] Published: posts/elss-ttaiks-sevig-phdds-ttop-5.html  (570 words)  total=813
[2026-07-30 15:09:54] Sleeping 10 min until next article...
[2026-07-30 15:17:14] Generating article: रिटायरमेंट प्लानिंग शुरुआती गाइड
[2026-07-30 15:17:14] Wrote static pages: privacy, disclaimer, about, contact, dashboard.
[2026-07-30 15:17:14] Published: posts/rittaayrmett-plaanig-shuruaatii-gaaidd.html  (581 words)  total=814
[2026-07-30 15:17:14] Sleeping 15 min until next article...
[2026-07-30 15:18:09] Generating article: स्टॉक मार्केट शुरुआत कैसे करें
[2026-07-30 15:18:09] Wrote static pages: privacy, disclaimer, about, contact, dashboard.
[2026-07-30 15:18:09] Published: posts/sttok-maarkett-shuruaat-kaise-kre.html  (582 words)  total=815
[2026-07-30 15:18:09] Sleeping 15 min until next article...
[2026-07-30 15:19:54] Generating article: बेस्ट बजटिंग ऐप्स भारतीयों के लिए
[2026-07-30 15:19:54] Wrote static pages: privacy, disclaimer, about, contact, dashboard.
[2026-07-30 15:19:54] Published: posts/bestt-bjttig-aips-bhaartiiyo-ke-lie.html  (567 words)  total=816
[2026-07-30 15:19:54] Sleeping 10 min until next article...
[2026-07-30 15:29:54] Generating article: ELSS टैक्स सेविंग फंड्स टॉप 5
[2026-07-30 15:29:54] Wrote static pages: privacy, disclaimer, about, contact, dashboard.
[2026-07-30 15:29:54] Published: posts/elss-ttaiks-sevig-phdds-ttop-5.html  (570 words)  total=817
[2026-07-30 15:29:54] Sleeping 10 min until next article...
[2026-07-30 15:32:14] Generating article: बेस्ट बजटिंग ऐप्स भारतीयों के लिए
[2026-07-30 15:32:14] Wrote static pages: privacy, disclaimer, about, contact, dashboard.
[2026-07-30 15:32:14] Published: posts/bestt-bjttig-aips-bhaartiiyo-ke-lie.html  (568 words)  total=818
[2026-07-30 15:32:14] Sleeping 15 min until next article...
[2026-07-30 15:33:09] Generating article: स्टॉक मार्केट शुरुआत कैसे करें
[2026-07-30 15:33:09] Wrote static pages: privacy, disclaimer, about, contact, dashboard.
[2026-07-30 15:33:09] Published: posts/sttok-maarkett-shuruaat-kaise-kre.html  (582 words)  total=819
[2026-07-30 15:33:09] Sleeping 15 min until next article...
[2026-07-30 15:39:54] Generating article: बेस्ट बजटिंग ऐप्स भारतीयों के लिए
[2026-07-30 15:39:54] Wrote static pages: privacy, disclaimer, about, contact, dashboard.
[2026-07-30 15:39:54] Published: posts/bestt-bjttig-aips-bhaartiiyo-ke-lie.html  (567 words)  total=820
[2026-07-30 15:39:54] Sleeping 10 min until next article...
[2026-07-30 15:47:14] Generating article: PPF बनाम म्यूचुअल फंड — क्या बेहतर है
[2026-07-30 15:47:14] Wrote static pages: privacy, disclaimer, about, contact, dashboard.
[2026-07-30 15:47:14] Published: posts/ppf-bnaam-myuucual-phdd----kyaa-behtr-hai.html  (568 words)  total=821
[2026-07-30 15:47:14] Sleeping 15 min until next article...
[2026-07-30 15:48:09] Generating article: स्टॉक मार्केट शुरुआत कैसे करें
[2026-07-30 15:48:09] Wrote static pages: privacy, disclaimer, about, contact, dashboard.
[2026-07-30 15:48:09] Published: posts/sttok-maarkett-shuruaat-kaise-kre.html  (582 words)  total=822
[2026-07-30 15:48:09] Sleeping 15 min until next article...
[2026-07-30 15:49:54] Generating article: ELSS टैक्स सेविंग फंड्स टॉप 5
[2026-07-30 15:49:54] Wrote static pages: privacy, disclaimer, about, contact, dashboard.
[2026-07-30 15:49:54] Published: posts/elss-ttaiks-sevig-phdds-ttop-5.html  (570 words)  total=823
[2026-07-30 15:49:54] Sleeping 10 min until next article...
[2026-07-30 15:59:54] Generating article: बेस्ट बजटिंग ऐप्स भारतीयों के लिए
[2026-07-30 15:59:54] Wrote static pages: privacy, disclaimer, about, contact, dashboard.
[2026-07-30 15:59:54] Published: posts/bestt-bjttig-aips-bhaartiiyo-ke-lie.html  (567 words)  total=824
[2026-07-30 15:59:54] Sleeping 10 min until next article...
[2026-07-30 16:02:14] Generating article: छोटी सैलरी से निवेश कैसे शुरू करें
[2026-07-30 16:02:14] Wrote static pages: privacy, disclaimer, about, contact, dashboard.
[2026-07-30 16:02:14] Published: posts/chottii-sailrii-se-nivesh-kaise-shuruu-kre.html  (566 words)  total=825
[2026-07-30 16:02:14] Sleeping 15 min until next article...
[2026-07-30 16:03:09] Generating article: स्टॉक मार्केट शुरुआत कैसे करें
[2026-07-30 16:03:09] Wrote static pages: privacy, disclaimer, about, contact, dashboard.
[2026-07-30 16:03:09] Published: posts/sttok-maarkett-shuruaat-kaise-kre.html  (582 words)  total=826
[2026-07-30 16:03:09] Sleeping 15 min until next article...
[2026-07-30 16:09:54] Generating article: ELSS टैक्स सेविंग फंड्स टॉप 5
[2026-07-30 16:09:54] Wrote static pages: privacy, disclaimer, about, contact, dashboard.
[2026-07-30 16:09:54] Published: posts/elss-ttaiks-sevig-phdds-ttop-5.html  (570 words)  total=827
[2026-07-30 16:09:54] Sleeping 10 min until next article...
[2026-07-30 16:17:14] Generating article: गोल्ड में निवेश करने के तरीके
[2026-07-30 16:17:14] Wrote static pages: privacy, disclaimer, about, contact, dashboard.
[2026-07-30 16:17:14] Published: posts/goldd-me-nivesh-krne-ke-triike.html  (552 words)  total=828
[2026-07-30 16:17:14] Sleeping 15 min until next article...
[2026-07-30 16:18:09] Generating article: स्टॉक मार्केट शुरुआत कैसे करें
[2026-07-30 16:18:09] Wrote static pages: privacy, disclaimer, about, contact, dashboard.
[2026-07-30 16:18:09] Published: posts/sttok-maarkett-shuruaat-kaise-kre.html  (582 words)  total=829
[2026-07-30 16:18:09] Sleeping 15 min until next article...
[2026-07-30 16:19:54] Generating article: बेस्ट बजटिंग ऐप्स भारतीयों के लिए
[2026-07-30 16:19:54] Wrote static pages: privacy, disclaimer, about, contact, dashboard.
[2026-07-30 16:19:54] Published: posts/bestt-bjttig-aips-bhaartiiyo-ke-lie.html  (567 words)  total=830
[2026-07-30 16:19:54] Sleeping 10 min until next article...
[2026-07-30 16:29:54] Generating article: ELSS टैक्स सेविंग फंड्स टॉप 5
[2026-07-30 16:29:54] Wrote static pages: privacy, disclaimer, about, contact, dashboard.
[2026-07-30 16:29:54] Published: posts/elss-ttaiks-sevig-phdds-ttop-5.html  (570 words)  total=831
[2026-07-30 16:29:54] Sleeping 10 min until next article...
[2026-07-30 16:32:14] Generating article: रिटायरमेंट प्लानिंग शुरुआती गाइड
[2026-07-30 16:32:14] Wrote static pages: privacy, disclaimer, about, contact, dashboard.
[2026-07-30 16:32:14] Published: posts/rittaayrmett-plaanig-shuruaatii-gaaidd.html  (581 words)  total=832
[2026-07-30 16:32:14] Sleeping 15 min until next article...
[2026-07-30 16:33:09] Generating article: स्टॉक मार्केट शुरुआत कैसे करें
[2026-07-30 16:33:09] Wrote static pages: privacy, disclaimer, about, contact, dashboard.
[2026-07-30 16:33:09] Published: posts/sttok-maarkett-shuruaat-kaise-kre.html  (582 words)  total=833
[2026-07-30 16:33:09] Sleeping 15 min until next article...
[2026-07-30 16:39:54] Generating article: बेस्ट बजटिंग ऐप्स भारतीयों के लिए
[2026-07-30 16:39:54] Wrote static pages: privacy, disclaimer, about, contact, dashboard.
[2026-07-30 16:39:54] Published: posts/bestt-bjttig-aips-bhaartiiyo-ke-lie.html  (567 words)  total=834
[2026-07-30 16:39:54] Sleeping 10 min until next article...
[2026-07-30 16:47:14] Generating article: बेस्ट बजटिंग ऐप्स भारतीयों के लिए
[2026-07-30 16:47:14] Wrote static pages: privacy, disclaimer, about, contact, dashboard.
[2026-07-30 16:47:14] Published: posts/bestt-bjttig-aips-bhaartiiyo-ke-lie.html  (568 words)  total=835
[2026-07-30 16:47:14] Sleeping 15 min until next article...
[2026-07-30 16:48:09] Generating article: स्टॉक मार्केट शुरुआत कैसे करें
[2026-07-30 16:48:09] Wrote static pages: privacy, disclaimer, about, contact, dashboard.
[2026-07-30 16:48:09] Published: posts/sttok-maarkett-shuruaat-kaise-kre.html  (582 words)  total=836
[2026-07-30 16:48:09] Sleeping 15 min until next article...
[2026-07-30 16:49:54] Generating article: ELSS टैक्स सेविंग फंड्स टॉप 5
[2026-07-30 16:49:54] Wrote static pages: privacy, disclaimer, about, contact, dashboard.
[2026-07-30 16:49:54] Published: posts/elss-ttaiks-sevig-phdds-ttop-5.html  (570 words)  total=837
[2026-07-30 16:49:54] Sleeping 10 min until next article...
[2026-07-30 16:59:54] Generating article: बेस्ट बजटिंग ऐप्स भारतीयों के लिए
[2026-07-30 16:59:54] Wrote static pages: privacy, disclaimer, about, contact, dashboard.
[2026-07-30 16:59:54] Published: posts/bestt-bjttig-aips-bhaartiiyo-ke-lie.html  (567 words)  total=838
[2026-07-30 16:59:54] Sleeping 10 min until next article...
[2026-07-30 17:02:14] Generating article: PPF बनाम म्यूचुअल फंड — क्या बेहतर है
[2026-07-30 17:02:14] Wrote static pages: privacy, disclaimer, about, contact, dashboard.
[2026-07-30 17:02:14] Published: posts/ppf-bnaam-myuucual-phdd----kyaa-behtr-hai.html  (568 words)  total=839
[2026-07-30 17:02:14] Sleeping 15 min until next article...
[2026-07-30 17:03:09] Generating article: स्टॉक मार्केट शुरुआत कैसे करें
[2026-07-30 17:03:09] Wrote static pages: privacy, disclaimer, about, contact, dashboard.
[2026-07-30 17:03:09] Published: posts/sttok-maarkett-shuruaat-kaise-kre.html  (582 words)  total=840
[2026-07-30 17:03:09] Sleeping 15 min until next article...
[2026-07-30 17:09:54] Generating article: ELSS टैक्स सेविंग फंड्स टॉप 5
[2026-07-30 17:09:54] Wrote static pages: privacy, disclaimer, about, contact, dashboard.
[2026-07-30 17:09:54] Published: posts/elss-ttaiks-sevig-phdds-ttop-5.html  (570 words)  total=841
[2026-07-30 17:09:54] Sleeping 10 min until next article...
[2026-07-30 17:17:14] Generating article: छोटी सैलरी से निवेश कैसे शुरू करें
[2026-07-30 17:17:14] Wrote static pages: privacy, disclaimer, about, contact, dashboard.
[2026-07-30 17:17:14] Published: posts/chottii-sailrii-se-nivesh-kaise-shuruu-kre.html  (566 words)  total=842
[2026-07-30 17:17:14] Sleeping 15 min until next article...
[2026-07-30 17:18:09] Generating article: स्टॉक मार्केट शुरुआत कैसे करें
[2026-07-30 17:18:09] Wrote static pages: privacy, disclaimer, about, contact, dashboard.
[2026-07-30 17:18:09] Published: posts/sttok-maarkett-shuruaat-kaise-kre.html  (582 words)  total=843
[2026-07-30 17:18:09] Sleeping 15 min until next article...
[2026-07-30 17:19:54] Generating article: बेस्ट बजटिंग ऐप्स भारतीयों के लिए
[2026-07-30 17:19:55] Wrote static pages: privacy, disclaimer, about, contact, dashboard.
[2026-07-30 17:19:55] Published: posts/bestt-bjttig-aips-bhaartiiyo-ke-lie.html  (567 words)  total=844
[2026-07-30 17:19:55] Sleeping 10 min until next article...
[2026-07-30 17:29:55] Generating article: ELSS टैक्स सेविंग फंड्स टॉप 5
[2026-07-30 17:29:55] Wrote static pages: privacy, disclaimer, about, contact, dashboard.
[2026-07-30 17:29:55] Published: posts/elss-ttaiks-sevig-phdds-ttop-5.html  (570 words)  total=845
[2026-07-30 17:29:55] Sleeping 10 min until next article...
[2026-07-30 17:32:14] Generating article: गोल्ड में निवेश करने के तरीके
[2026-07-30 17:32:14] Wrote static pages: privacy, disclaimer, about, contact, dashboard.
[2026-07-30 17:32:14] Published: posts/goldd-me-nivesh-krne-ke-triike.html  (552 words)  total=846
[2026-07-30 17:32:14] Sleeping 15 min until next article...
[2026-07-30 17:33:09] Generating article: स्टॉक मार्केट शुरुआत कैसे करें
[2026-07-30 17:33:09] Wrote static pages: privacy, disclaimer, about, contact, dashboard.
[2026-07-30 17:33:09] Published: posts/sttok-maarkett-shuruaat-kaise-kre.html  (582 words)  total=847
[2026-07-30 17:33:09] Sleeping 15 min until next article...
[2026-07-30 17:39:55] Generating article: बेस्ट बजटिंग ऐप्स भारतीयों के लिए
[2026-07-30 17:39:55] Wrote static pages: privacy, disclaimer, about, contact, dashboard.
[2026-07-30 17:39:55] Published: posts/bestt-bjttig-aips-bhaartiiyo-ke-lie.html  (567 words)  total=848
[2026-07-30 17:39:55] Sleeping 10 min until next article...
[2026-07-30 17:47:14] Generating article: रिटायरमेंट प्लानिंग शुरुआती गाइड
[2026-07-30 17:47:14] Wrote static pages: privacy, disclaimer, about, contact, dashboard.
[2026-07-30 17:47:14] Published: posts/rittaayrmett-plaanig-shuruaatii-gaaidd.html  (581 words)  total=849
[2026-07-30 17:47:14] Sleeping 15 min until next article...
[2026-07-30 17:48:09] Generating article: स्टॉक मार्केट शुरुआत कैसे करें
[2026-07-30 17:48:09] Wrote static pages: privacy, disclaimer, about, contact, dashboard.
[2026-07-30 17:48:09] Published: posts/sttok-maarkett-shuruaat-kaise-kre.html  (582 words)  total=850
[2026-07-30 17:48:09] Sleeping 15 min until next article...
[2026-07-30 17:49:55] Generating article: ELSS टैक्स सेविंग फंड्स टॉप 5
[2026-07-30 17:49:55] Wrote static pages: privacy, disclaimer, about, contact, dashboard.
[2026-07-30 17:49:55] Published: posts/elss-ttaiks-sevig-phdds-ttop-5.html  (570 words)  total=851
[2026-07-30 17:49:55] Sleeping 10 min until next article...
[2026-07-30 17:59:55] Generating article: बेस्ट बजटिंग ऐप्स भारतीयों के लिए
[2026-07-30 17:59:55] Wrote static pages: privacy, disclaimer, about, contact, dashboard.
[2026-07-30 17:59:55] Published: posts/bestt-bjttig-aips-bhaartiiyo-ke-lie.html  (567 words)  total=852
[2026-07-30 17:59:55] Sleeping 10 min until next article...
[2026-07-30 18:02:14] Generating article: बेस्ट बजटिंग ऐप्स भारतीयों के लिए
[2026-07-30 18:02:14] Wrote static pages: privacy, disclaimer, about, contact, dashboard.
[2026-07-30 18:02:14] Published: posts/bestt-bjttig-aips-bhaartiiyo-ke-lie.html  (568 words)  total=853
[2026-07-30 18:02:14] Sleeping 15 min until next article...
[2026-07-30 18:03:09] Generating article: स्टॉक मार्केट शुरुआत कैसे करें
[2026-07-30 18:03:09] Wrote static pages: privacy, disclaimer, about, contact, dashboard.
[2026-07-30 18:03:09] Published: posts/sttok-maarkett-shuruaat-kaise-kre.html  (582 words)  total=854
[2026-07-30 18:03:09] Sleeping 15 min until next article...
[2026-07-30 18:09:55] Generating article: ELSS टैक्स सेविंग फंड्स टॉप 5
[2026-07-30 18:09:55] Wrote static pages: privacy, disclaimer, about, contact, dashboard.
[2026-07-30 18:09:55] Published: posts/elss-ttaiks-sevig-phdds-ttop-5.html  (570 words)  total=855
[2026-07-30 18:09:55] Sleeping 10 min until next article...
[2026-07-30 18:17:14] Generating article: PPF बनाम म्यूचुअल फंड — क्या बेहतर है
[2026-07-30 18:17:14] Wrote static pages: privacy, disclaimer, about, contact, dashboard.
[2026-07-30 18:17:14] Published: posts/ppf-bnaam-myuucual-phdd----kyaa-behtr-hai.html  (568 words)  total=856
[2026-07-30 18:17:14] Sleeping 15 min until next article...
[2026-07-30 18:18:09] Generating article: स्टॉक मार्केट शुरुआत कैसे करें
[2026-07-30 18:18:09] Wrote static pages: privacy, disclaimer, about, contact, dashboard.
[2026-07-30 18:18:09] Published: posts/sttok-maarkett-shuruaat-kaise-kre.html  (582 words)  total=857
[2026-07-30 18:18:09] Sleeping 15 min until next article...
[2026-07-30 18:19:55] Generating article: बेस्ट बजटिंग ऐप्स भारतीयों के लिए
[2026-07-30 18:19:55] Wrote static pages: privacy, disclaimer, about, contact, dashboard.
[2026-07-30 18:19:55] Published: posts/bestt-bjttig-aips-bhaartiiyo-ke-lie.html  (567 words)  total=858
[2026-07-30 18:19:55] Sleeping 10 min until next article...
[2026-07-30 18:29:55] Generating article: ELSS टैक्स सेविंग फंड्स टॉप 5
[2026-07-30 18:29:55] Wrote static pages: privacy, disclaimer, about, contact, dashboard.
[2026-07-30 18:29:55] Published: posts/elss-ttaiks-sevig-phdds-ttop-5.html  (570 words)  total=859
[2026-07-30 18:29:55] Sleeping 10 min until next article...
[2026-07-30 18:32:14] Generating article: छोटी सैलरी से निवेश कैसे शुरू करें
[2026-07-30 18:32:14] Wrote static pages: privacy, disclaimer, about, contact, dashboard.
[2026-07-30 18:32:14] Published: posts/chottii-sailrii-se-nivesh-kaise-shuruu-kre.html  (566 words)  total=860
[2026-07-30 18:32:14] Sleeping 15 min until next article...
[2026-07-30 18:33:09] Generating article: स्टॉक मार्केट शुरुआत कैसे करें
[2026-07-30 18:33:09] Wrote static pages: privacy, disclaimer, about, contact, dashboard.
[2026-07-30 18:33:09] Published: posts/sttok-maarkett-shuruaat-kaise-kre.html  (582 words)  total=861
[2026-07-30 18:33:09] Sleeping 15 min until next article...
[2026-07-30 18:39:55] Generating article: बेस्ट बजटिंग ऐप्स भारतीयों के लिए
[2026-07-30 18:39:55] Wrote static pages: privacy, disclaimer, about, contact, dashboard.
[2026-07-30 18:39:55] Published: posts/bestt-bjttig-aips-bhaartiiyo-ke-lie.html  (567 words)  total=862
[2026-07-30 18:39:55] Sleeping 10 min until next article...
[2026-07-30 18:47:14] Generating article: गोल्ड में निवेश करने के तरीके
[2026-07-30 18:47:14] Wrote static pages: privacy, disclaimer, about, contact, dashboard.
[2026-07-30 18:47:14] Published: posts/goldd-me-nivesh-krne-ke-triike.html  (552 words)  total=863
[2026-07-30 18:47:14] Sleeping 15 min until next article...
[2026-07-30 18:48:09] Generating article: स्टॉक मार्केट शुरुआत कैसे करें
[2026-07-30 18:48:09] Wrote static pages: privacy, disclaimer, about, contact, dashboard.
[2026-07-30 18:48:09] Published: posts/sttok-maarkett-shuruaat-kaise-kre.html  (582 words)  total=864
[2026-07-30 18:48:09] Sleeping 15 min until next article...
[2026-07-30 18:49:10] Wrote static pages: privacy, disclaimer, about, contact, dashboard.
[2026-07-30 18:49:10] Rebuilt site with 38 posts (new template).
[2026-07-30 18:49:31] Wrote static pages: privacy, disclaimer, about, contact, dashboard.
[2026-07-30 18:49:31] Rebuilt site with 38 posts (new template).
[2026-07-30 18:49:55] Generating article: ELSS टैक्स सेविंग फंड्स टॉप 5
[2026-07-30 18:49:55] Wrote static pages: privacy, disclaimer, about, contact, dashboard.
[2026-07-30 18:49:55] Published: posts/elss-ttaiks-sevig-phdds-ttop-5.html  (570 words)  total=865
[2026-07-30 18:49:55] Sleeping 10 min until next article...
[2026-07-30 18:49:58] Wrote static pages: privacy, disclaimer, about, contact, dashboard.
[2026-07-30 18:49:58] Rebuilt site with 38 posts (new template).
[2026-07-30 18:59:55] Generating article: बेस्ट बजटिंग ऐप्स भारतीयों के लिए
[2026-07-30 18:59:55] Wrote static pages: privacy, disclaimer, about, contact, dashboard.
[2026-07-30 18:59:55] Published: posts/bestt-bjttig-aips-bhaartiiyo-ke-lie.html  (567 words)  total=866
[2026-07-30 18:59:55] Sleeping 10 min until next article...
[2026-07-30 19:02:14] Generating article: रिटायरमेंट प्लानिंग शुरुआती गाइड
[2026-07-30 19:02:14] Wrote static pages: privacy, disclaimer, about, contact, dashboard.
[2026-07-30 19:02:14] Published: posts/rittaayrmett-plaanig-shuruaatii-gaaidd.html  (581 words)  total=867
[2026-07-30 19:02:14] Sleeping 15 min until next article...
[2026-07-30 19:03:09] Generating article: स्टॉक मार्केट शुरुआत कैसे करें
[2026-07-30 19:03:09] Wrote static pages: privacy, disclaimer, about, contact, dashboard.
[2026-07-30 19:03:09] Published: posts/sttok-maarkett-shuruaat-kaise-kre.html  (582 words)  total=868
[2026-07-30 19:03:09] Sleeping 15 min until next article...
[2026-07-30 19:09:55] Generating article: ELSS टैक्स सेविंग फंड्स टॉप 5
[2026-07-30 19:09:55] Wrote static pages: privacy, disclaimer, about, contact, dashboard.
[2026-07-30 19:09:55] Published: posts/elss-ttaiks-sevig-phdds-ttop-5.html  (570 words)  total=869
[2026-07-30 19:09:55] Sleeping 10 min until next article...
[2026-07-30 19:17:14] Generating article: बेस्ट बजटिंग ऐप्स भारतीयों के लिए
[2026-07-30 19:17:14] Wrote static pages: privacy, disclaimer, about, contact, dashboard.
[2026-07-30 19:17:14] Published: posts/bestt-bjttig-aips-bhaartiiyo-ke-lie.html  (568 words)  total=870
[2026-07-30 19:17:14] Sleeping 15 min until next article...
[2026-07-30 19:18:09] Generating article: स्टॉक मार्केट शुरुआत कैसे करें
[2026-07-30 19:18:09] Wrote static pages: privacy, disclaimer, about, contact, dashboard.
[2026-07-30 19:18:09] Published: posts/sttok-maarkett-shuruaat-kaise-kre.html  (582 words)  total=871
[2026-07-30 19:18:09] Sleeping 15 min until next article...
[2026-07-30 19:19:55] Generating article: बेस्ट बजटिंग ऐप्स भारतीयों के लिए
[2026-07-30 19:19:55] Wrote static pages: privacy, disclaimer, about, contact, dashboard.
[2026-07-30 19:19:55] Published: posts/bestt-bjttig-aips-bhaartiiyo-ke-lie.html  (567 words)  total=872
[2026-07-30 19:19:55] Sleeping 10 min until next article...
[2026-07-30 19:29:55] Generating article: ELSS टैक्स सेविंग फंड्स टॉप 5
[2026-07-30 19:29:55] Wrote static pages: privacy, disclaimer, about, contact, dashboard.
[2026-07-30 19:29:55] Published: posts/elss-ttaiks-sevig-phdds-ttop-5.html  (570 words)  total=873
[2026-07-30 19:29:55] Sleeping 10 min until next article...
[2026-07-30 19:32:14] Generating article: PPF बनाम म्यूचुअल फंड — क्या बेहतर है
[2026-07-30 19:32:14] Wrote static pages: privacy, disclaimer, about, contact, dashboard.
[2026-07-30 19:32:14] Published: posts/ppf-bnaam-myuucual-phdd----kyaa-behtr-hai.html  (568 words)  total=874
[2026-07-30 19:32:14] Sleeping 15 min until next article...
[2026-07-30 19:33:09] Generating article: स्टॉक मार्केट शुरुआत कैसे करें
[2026-07-30 19:33:09] Wrote static pages: privacy, disclaimer, about, contact, dashboard.
[2026-07-30 19:33:09] Published: posts/sttok-maarkett-shuruaat-kaise-kre.html  (582 words)  total=875
[2026-07-30 19:33:09] Sleeping 15 min until next article...
[2026-07-30 19:39:55] Generating article: बेस्ट बजटिंग ऐप्स भारतीयों के लिए
[2026-07-30 19:39:55] Wrote static pages: privacy, disclaimer, about, contact, dashboard.
[2026-07-30 19:39:55] Published: posts/bestt-bjttig-aips-bhaartiiyo-ke-lie.html  (567 words)  total=876
[2026-07-30 19:39:55] Sleeping 10 min until next article...
[2026-07-30 19:47:14] Generating article: छोटी सैलरी से निवेश कैसे शुरू करें
[2026-07-30 19:47:14] Wrote static pages: privacy, disclaimer, about, contact, dashboard.
[2026-07-30 19:47:14] Published: posts/chottii-sailrii-se-nivesh-kaise-shuruu-kre.html  (566 words)  total=877
[2026-07-30 19:47:14] Sleeping 15 min until next article...
[2026-07-30 19:48:09] Generating article: स्टॉक मार्केट शुरुआत कैसे करें
[2026-07-30 19:48:09] Wrote static pages: privacy, disclaimer, about, contact, dashboard.
[2026-07-30 19:48:09] Published: posts/sttok-maarkett-shuruaat-kaise-kre.html  (582 words)  total=878
[2026-07-30 19:48:09] Sleeping 15 min until next article...
[2026-07-30 19:49:55] Generating article: ELSS टैक्स सेविंग फंड्स टॉप 5
[2026-07-30 19:49:55] Wrote static pages: privacy, disclaimer, about, contact, dashboard.
[2026-07-30 19:49:55] Published: posts/elss-ttaiks-sevig-phdds-ttop-5.html  (570 words)  total=879
[2026-07-30 19:49:55] Sleeping 10 min until next article...
[2026-07-30 19:59:55] Generating article: बेस्ट बजटिंग ऐप्स भारतीयों के लिए
[2026-07-30 19:59:55] Wrote static pages: privacy, disclaimer, about, contact, dashboard.
[2026-07-30 19:59:55] Published: posts/bestt-bjttig-aips-bhaartiiyo-ke-lie.html  (567 words)  total=880
[2026-07-30 19:59:55] Sleeping 10 min until next article...
[2026-07-30 20:02:14] Generating article: गोल्ड में निवेश करने के तरीके
[2026-07-30 20:02:14] Wrote static pages: privacy, disclaimer, about, contact, dashboard.
[2026-07-30 20:02:14] Published: posts/goldd-me-nivesh-krne-ke-triike.html  (552 words)  total=881
[2026-07-30 20:02:14] Sleeping 15 min until next article...
[2026-07-30 20:03:09] Generating article: स्टॉक मार्केट शुरुआत कैसे करें
[2026-07-30 20:03:09] Wrote static pages: privacy, disclaimer, about, contact, dashboard.
[2026-07-30 20:03:09] Published: posts/sttok-maarkett-shuruaat-kaise-kre.html  (582 words)  total=882
[2026-07-30 20:03:09] Sleeping 15 min until next article...
[2026-07-30 20:09:55] Generating article: ELSS टैक्स सेविंग फंड्स टॉप 5
[2026-07-30 20:09:55] Wrote static pages: privacy, disclaimer, about, contact, dashboard.
[2026-07-30 20:09:55] Published: posts/elss-ttaiks-sevig-phdds-ttop-5.html  (570 words)  total=883
[2026-07-30 20:09:55] Sleeping 10 min until next article...
[2026-07-30 20:17:14] Generating article: रिटायरमेंट प्लानिंग शुरुआती गाइड
[2026-07-30 20:17:14] Wrote static pages: privacy, disclaimer, about, contact, dashboard.
[2026-07-30 20:17:14] Published: posts/rittaayrmett-plaanig-shuruaatii-gaaidd.html  (581 words)  total=884
[2026-07-30 20:17:14] Sleeping 15 min until next article...
[2026-07-30 20:18:09] Generating article: स्टॉक मार्केट शुरुआत कैसे करें
[2026-07-30 20:18:09] Wrote static pages: privacy, disclaimer, about, contact, dashboard.
[2026-07-30 20:18:09] Published: posts/sttok-maarkett-shuruaat-kaise-kre.html  (582 words)  total=885
[2026-07-30 20:18:09] Sleeping 15 min until next article...
[2026-07-30 20:19:55] Generating article: बेस्ट बजटिंग ऐप्स भारतीयों के लिए
[2026-07-30 20:19:55] Wrote static pages: privacy, disclaimer, about, contact, dashboard.
[2026-07-30 20:19:55] Published: posts/bestt-bjttig-aips-bhaartiiyo-ke-lie.html  (567 words)  total=886
[2026-07-30 20:19:55] Sleeping 10 min until next article...
[2026-07-30 20:29:55] Generating article: ELSS टैक्स सेविंग फंड्स टॉप 5
[2026-07-30 20:29:55] Wrote static pages: privacy, disclaimer, about, contact, dashboard.
[2026-07-30 20:29:55] Published: posts/elss-ttaiks-sevig-phdds-ttop-5.html  (570 words)  total=887
[2026-07-30 20:29:55] Sleeping 10 min until next article...
[2026-07-30 20:32:14] Generating article: बेस्ट बजटिंग ऐप्स भारतीयों के लिए
[2026-07-30 20:32:14] Wrote static pages: privacy, disclaimer, about, contact, dashboard.
[2026-07-30 20:32:14] Published: posts/bestt-bjttig-aips-bhaartiiyo-ke-lie.html  (568 words)  total=888
[2026-07-30 20:32:14] Sleeping 15 min until next article...
[2026-07-30 20:33:09] Generating article: स्टॉक मार्केट शुरुआत कैसे करें
[2026-07-30 20:33:09] Wrote static pages: privacy, disclaimer, about, contact, dashboard.
[2026-07-30 20:33:09] Published: posts/sttok-maarkett-shuruaat-kaise-kre.html  (582 words)  total=889
[2026-07-30 20:33:09] Sleeping 15 min until next article...
[2026-07-30 20:39:55] Generating article: बेस्ट बजटिंग ऐप्स भारतीयों के लिए
[2026-07-30 20:39:55] Wrote static pages: privacy, disclaimer, about, contact, dashboard.
[2026-07-30 20:39:55] Published: posts/bestt-bjttig-aips-bhaartiiyo-ke-lie.html  (567 words)  total=890
[2026-07-30 20:39:55] Sleeping 10 min until next article...
[2026-07-30 20:47:14] Generating article: PPF बनाम म्यूचुअल फंड — क्या बेहतर है
[2026-07-30 20:47:14] Wrote static pages: privacy, disclaimer, about, contact, dashboard.
[2026-07-30 20:47:14] Published: posts/ppf-bnaam-myuucual-phdd----kyaa-behtr-hai.html  (568 words)  total=891
[2026-07-30 20:47:14] Sleeping 15 min until next article...
[2026-07-30 20:48:09] Generating article: स्टॉक मार्केट शुरुआत कैसे करें
[2026-07-30 20:48:09] Wrote static pages: privacy, disclaimer, about, contact, dashboard.
[2026-07-30 20:48:09] Published: posts/sttok-maarkett-shuruaat-kaise-kre.html  (582 words)  total=892
[2026-07-30 20:48:09] Sleeping 15 min until next article...
[2026-07-30 20:49:55] Generating article: ELSS टैक्स सेविंग फंड्स टॉप 5
[2026-07-30 20:49:55] Wrote static pages: privacy, disclaimer, about, contact, dashboard.
[2026-07-30 20:49:55] Published: posts/elss-ttaiks-sevig-phdds-ttop-5.html  (570 words)  total=893
[2026-07-30 20:49:55] Sleeping 10 min until next article...
[2026-07-30 20:59:55] Generating article: बेस्ट बजटिंग ऐप्स भारतीयों के लिए
[2026-07-30 20:59:55] Wrote static pages: privacy, disclaimer, about, contact, dashboard.
[2026-07-30 20:59:55] Published: posts/bestt-bjttig-aips-bhaartiiyo-ke-lie.html  (567 words)  total=894
[2026-07-30 20:59:55] Sleeping 10 min until next article...
[2026-07-30 21:02:14] Generating article: छोटी सैलरी से निवेश कैसे शुरू करें
[2026-07-30 21:02:14] Wrote static pages: privacy, disclaimer, about, contact, dashboard.
[2026-07-30 21:02:14] Published: posts/chottii-sailrii-se-nivesh-kaise-shuruu-kre.html  (566 words)  total=895
[2026-07-30 21:02:14] Sleeping 15 min until next article...
[2026-07-30 21:03:09] Generating article: स्टॉक मार्केट शुरुआत कैसे करें
[2026-07-30 21:03:09] Wrote static pages: privacy, disclaimer, about, contact, dashboard.
[2026-07-30 21:03:09] Published: posts/sttok-maarkett-shuruaat-kaise-kre.html  (582 words)  total=896
[2026-07-30 21:03:09] Sleeping 15 min until next article...
[2026-07-30 21:09:55] Generating article: ELSS टैक्स सेविंग फंड्स टॉप 5
[2026-07-30 21:09:55] Wrote static pages: privacy, disclaimer, about, contact, dashboard.
[2026-07-30 21:09:55] Published: posts/elss-ttaiks-sevig-phdds-ttop-5.html  (570 words)  total=897
[2026-07-30 21:09:55] Sleeping 10 min until next article...
[2026-07-30 21:17:14] Generating article: गोल्ड में निवेश करने के तरीके
[2026-07-30 21:17:14] Wrote static pages: privacy, disclaimer, about, contact, dashboard.
[2026-07-30 21:17:14] Published: posts/goldd-me-nivesh-krne-ke-triike.html  (552 words)  total=898
[2026-07-30 21:17:14] Sleeping 15 min until next article...
[2026-07-30 21:18:09] Generating article: स्टॉक मार्केट शुरुआत कैसे करें
[2026-07-30 21:18:09] Wrote static pages: privacy, disclaimer, about, contact, dashboard.
[2026-07-30 21:18:09] Published: posts/sttok-maarkett-shuruaat-kaise-kre.html  (582 words)  total=899
[2026-07-30 21:18:09] Sleeping 15 min until next article...
[2026-07-30 21:19:55] Generating article: बेस्ट बजटिंग ऐप्स भारतीयों के लिए
[2026-07-30 21:19:55] Wrote static pages: privacy, disclaimer, about, contact, dashboard.
[2026-07-30 21:19:55] Published: posts/bestt-bjttig-aips-bhaartiiyo-ke-lie.html  (567 words)  total=900
[2026-07-30 21:19:55] Sleeping 10 min until next article...
[2026-07-30 23:50:12] Generating article: छोटी सैलरी से निवेश कैसे शुरू करें
[2026-07-30 23:51:56] Generating article: UPI और डिजिटल भुगतान बचत टिप्स
[2026-07-30 23:52:56] Tracker server running at http://0.0.0.0:8800
[2026-07-30 23:53:00] Wrote static pages: privacy, disclaimer, about, contact, dashboard.
[2026-07-30 23:53:00] Rebuilt site with 38 posts (new template).
[2026-07-30 23:54:43] Wrote static pages: privacy, disclaimer, about, contact, dashboard.
[2026-07-30 23:54:43] Rebuilt site with 38 posts (new template).
[2026-07-30 23:55:01] Money-Maker Engine started (loop mode).
[2026-07-30 23:55:01] Generating article: रिटायरमेंट प्लानिंग शुरुआती गाइड
[2026-07-30 23:55:02] Wrote static pages: privacy, disclaimer, about, contact, dashboard.
[2026-07-30 23:55:02] Rebuilt site with 38 posts (new template).
[2026-07-30 23:56:06] Tracker server running at http://0.0.0.0:8800
[2026-07-30 23:57:23] Wrote static pages: privacy, disclaimer, about, contact, dashboard.
[2026-07-30 23:57:23] Rebuilt site with 38 posts (new template).
[2026-07-30 23:57:58] Wrote static pages: privacy, disclaimer, about, contact, dashboard.
[2026-07-30 23:57:58] Rebuilt site with 38 posts (new template).
[2026-07-30 23:58:33] Wrote static pages: privacy, disclaimer, about, contact, dashboard.
[2026-07-30 23:58:33] Rebuilt site with 38 posts (new template).
[2026-07-30 23:58:50] Wrote static pages: privacy, disclaimer, about, contact, dashboard.
[2026-07-30 23:58:50] Rebuilt site with 38 posts (new template).
[2026-07-31 00:02:01] Ollama unexpected error with qwen2.5:7b: timed out
[2026-07-31 00:05:27] Wrote static pages: privacy, disclaimer, about, contact, dashboard.
[2026-07-31 00:05:27] Rebuilt site with 38 posts (new template).
[2026-07-31 00:06:04] Wrote static pages: privacy, disclaimer, about, contact, dashboard.
[2026-07-31 00:06:04] Rebuilt site with 38 posts (new template).
[2026-07-31 00:06:47] Wrote static pages: privacy, disclaimer, about, contact, dashboard.
[2026-07-31 00:06:47] Rebuilt site with 38 posts (new template).
[2026-07-31 00:07:34] Wrote static pages: privacy, disclaimer, about, contact, dashboard.
[2026-07-31 00:07:34] Rebuilt site with 38 posts (new template).
[2026-07-31 00:07:59] Wrote static pages: privacy, disclaimer, about, contact, dashboard.
[2026-07-31 00:07:59] Rebuilt site with 38 posts (new template).
[2026-07-31 00:08:35] Wrote static pages: privacy, disclaimer, about, contact, dashboard.
[2026-07-31 00:08:35] Rebuilt site with 38 posts (new template).
[2026-07-31 00:09:01] Ollama unexpected error with deepseek-hermes:7b: timed out
[2026-08-11 00:42:59] Ollama unexpected error with deepseek-hermes:7b: timed out
