[index Tue Jul 28 12:32:34 AM IST 2026] done
[index Tue Jul 28 12:36:02 AM IST 2026] done
[index Tue Jul 28 09:00:02 AM IST 2026] done
[index Tue Jul 28 11:09:57 AM IST 2026] done url=https://suggestion-signs-skating-deputy.trycloudflare.com count=24
[index Tue Jul 28 11:50:58 AM IST 2026] done url=https://bhaveshkumawat632.github.io count=24
[index Tue Jul 28 02:00:01 PM IST 2026] live URL: https://bhaveshkumawat632.github.io
indexnow (24 urls): HTTP 200 (200/202 = accepted)
google ping: 404 (deprecated by Google — use Search Console)
bing ping:   410 (deprecated — IndexNow above is what counts)
[index Tue Jul 28 02:00:02 PM IST 2026] done url=https://bhaveshkumawat632.github.io count=24
[index Tue Jul 28 03:00:01 PM IST 2026] live URL: https://bhaveshkumawat632.github.io
indexnow (24 urls): HTTP 200 (200/202 = accepted)
google ping: 404 (deprecated by Google — use Search Console)
bing ping:   410 (deprecated — IndexNow above is what counts)
[index Tue Jul 28 03:00:02 PM IST 2026] done url=https://bhaveshkumawat632.github.io count=24
[index Tue Jul 28 04:00:01 PM IST 2026] live URL: https://bhaveshkumawat632.github.io
indexnow (31 urls): HTTP 200 (200/202 = accepted)
google ping: 404 (deprecated by Google — use Search Console)
bing ping:   410 (deprecated — IndexNow above is what counts)
[index Tue Jul 28 04:00:03 PM IST 2026] done url=https://bhaveshkumawat632.github.io count=31
[index Tue Jul 28 05:00:01 PM IST 2026] live URL: https://bhaveshkumawat632.github.io
indexnow (31 urls): HTTP 200 (200/202 = accepted)
google ping: 404 (deprecated by Google — use Search Console)
bing ping:   410 (deprecated — IndexNow above is what counts)
[index Tue Jul 28 05:00:03 PM IST 2026] done url=https://bhaveshkumawat632.github.io count=31
[index Tue Jul 28 06:00:01 PM IST 2026] live URL: https://bhaveshkumawat632.github.io
indexnow (31 urls): HTTP 200 (200/202 = accepted)
google ping: 404 (deprecated by Google — use Search Console)
bing ping:   410 (deprecated — IndexNow above is what counts)
[index Tue Jul 28 06:00:03 PM IST 2026] done url=https://bhaveshkumawat632.github.io count=31
[index Tue Jul 28 07:00:01 PM IST 2026] live URL: https://bhaveshkumawat632.github.io
indexnow (31 urls): HTTP 200 (200/202 = accepted)
google ping: 404 (deprecated by Google — use Search Console)
bing ping:   410 (deprecated — IndexNow above is what counts)
[index Tue Jul 28 07:00:03 PM IST 2026] done url=https://bhaveshkumawat632.github.io count=31
[index Tue Jul 28 08:00:02 PM IST 2026] live URL: https://bhaveshkumawat632.github.io
indexnow (31 urls): HTTP 200 (200/202 = accepted)
google ping: 404 (deprecated by Google — use Search Console)
bing ping:   410 (deprecated — IndexNow above is what counts)
[index Tue Jul 28 08:00:03 PM IST 2026] done url=https://bhaveshkumawat632.github.io count=31
[index Tue Jul 28 09:00:01 PM IST 2026] live URL: https://bhaveshkumawat632.github.io
indexnow (31 urls): HTTP 200 (200/202 = accepted)
google ping: 404 (deprecated by Google — use Search Console)
bing ping:   410 (deprecated — IndexNow above is what counts)
[index Tue Jul 28 09:00:03 PM IST 2026] done url=https://bhaveshkumawat632.github.io count=31
[index Tue Jul 28 10:00:02 PM IST 2026] live URL: https://bhaveshkumawat632.github.io
indexnow (31 urls): HTTP 200 (200/202 = accepted)
google ping: 404 (deprecated by Google — use Search Console)
bing ping:   410 (deprecated — IndexNow above is what counts)
[index Tue Jul 28 10:00:03 PM IST 2026] done url=https://bhaveshkumawat632.github.io count=31
[index Tue Jul 28 11:00:01 PM IST 2026] live URL: https://bhaveshkumawat632.github.io
indexnow (31 urls): HTTP 200 (200/202 = accepted)
google ping: 404 (deprecated by Google — use Search Console)
bing ping:   410 (deprecated — IndexNow above is what counts)
[index Tue Jul 28 11:00:02 PM IST 2026] done url=https://bhaveshkumawat632.github.io count=31
[index Wed Jul 29 12:00:02 AM IST 2026] live URL: https://bhaveshkumawat632.github.io
indexnow (31 urls): HTTP 200 (200/202 = accepted)
google ping: 404 (deprecated by Google — use Search Console)
bing ping:   410 (deprecated — IndexNow above is what counts)
[index Wed Jul 29 12:00:04 AM IST 2026] done url=https://bhaveshkumawat632.github.io count=31
[index Wed Jul 29 01:00:01 AM IST 2026] live URL: https://bhaveshkumawat632.github.io
indexnow (31 urls): HTTP 200 (200/202 = accepted)
google ping: 404 (deprecated by Google — use Search Console)
bing ping:   410 (deprecated — IndexNow above is what counts)
[index Wed Jul 29 01:00:03 AM IST 2026] done url=https://bhaveshkumawat632.github.io count=31
[index Wed Jul 29 02:00:01 AM IST 2026] live URL: https://bhaveshkumawat632.github.io
indexnow (31 urls): HTTP 200 (200/202 = accepted)
google ping: 404 (deprecated by Google — use Search Console)
bing ping:   410 (deprecated — IndexNow above is what counts)
[index Wed Jul 29 02:00:02 AM IST 2026] done url=https://bhaveshkumawat632.github.io count=31
[index Wed Jul 29 03:00:01 AM IST 2026] live URL: https://bhaveshkumawat632.github.io
indexnow (31 urls): HTTP 200 (200/202 = accepted)
google ping: 404 (deprecated by Google — use Search Console)
bing ping:   410 (deprecated — IndexNow above is what counts)
[index Wed Jul 29 03:00:03 AM IST 2026] done url=https://bhaveshkumawat632.github.io count=31
[index Wed Jul 29 04:00:01 AM IST 2026] live URL: https://bhaveshkumawat632.github.io
indexnow (31 urls): HTTP 200 (200/202 = accepted)
google ping: 404 (deprecated by Google — use Search Console)
bing ping:   410 (deprecated — IndexNow above is what counts)
[index Wed Jul 29 04:00:03 AM IST 2026] done url=https://bhaveshkumawat632.github.io count=31
[index Wed Jul 29 05:00:01 AM IST 2026] live URL: https://bhaveshkumawat632.github.io
indexnow (31 urls): HTTP 200 (200/202 = accepted)
google ping: 404 (deprecated by Google — use Search Console)
bing ping:   410 (deprecated — IndexNow above is what counts)
[index Wed Jul 29 05:00:03 AM IST 2026] done url=https://bhaveshkumawat632.github.io count=31
[index Wed Jul 29 06:00:01 AM IST 2026] live URL: https://bhaveshkumawat632.github.io
indexnow (31 urls): HTTP 200 (200/202 = accepted)
google ping: 404 (deprecated by Google — use Search Console)
bing ping:   410 (deprecated — IndexNow above is what counts)
[index Wed Jul 29 06:00:03 AM IST 2026] done url=https://bhaveshkumawat632.github.io count=31
[index Wed Jul 29 07:00:01 AM IST 2026] live URL: https://bhaveshkumawat632.github.io
indexnow (31 urls): HTTP 200 (200/202 = accepted)
google ping: 404 (deprecated by Google — use Search Console)
bing ping:   410 (deprecated — IndexNow above is what counts)
[index Wed Jul 29 07:00:03 AM IST 2026] done url=https://bhaveshkumawat632.github.io count=31
[index Wed Jul 29 08:00:01 AM IST 2026] live URL: https://bhaveshkumawat632.github.io
indexnow (31 urls): HTTP 200 (200/202 = accepted)
google ping: 404 (deprecated by Google — use Search Console)
bing ping:   410 (deprecated — IndexNow above is what counts)
[index Wed Jul 29 08:00:03 AM IST 2026] done url=https://bhaveshkumawat632.github.io count=31
[index Wed Jul 29 09:00:01 AM IST 2026] live URL: https://bhaveshkumawat632.github.io
indexnow (31 urls): HTTP 200 (200/202 = accepted)
google ping: 404 (deprecated by Google — use Search Console)
bing ping:   410 (deprecated — IndexNow above is what counts)
[index Wed Jul 29 09:00:03 AM IST 2026] done url=https://bhaveshkumawat632.github.io count=31
[index Wed Jul 29 10:00:02 AM IST 2026] live URL: https://bhaveshkumawat632.github.io
indexnow (31 urls): HTTP 200 (200/202 = accepted)
google ping: 404 (deprecated by Google — use Search Console)
bing ping:   410 (deprecated — IndexNow above is what counts)
[index Wed Jul 29 10:00:03 AM IST 2026] done url=https://bhaveshkumawat632.github.io count=31
[index Wed Jul 29 11:00:01 AM IST 2026] live URL: https://bhaveshkumawat632.github.io
indexnow (31 urls): HTTP 200 (200/202 = accepted)
google ping: 404 (deprecated by Google — use Search Console)
bing ping:   410 (deprecated — IndexNow above is what counts)
[index Wed Jul 29 11:00:02 AM IST 2026] done url=https://bhaveshkumawat632.github.io count=31
[index Wed Jul 29 12:00:01 PM IST 2026] live URL: https://bhaveshkumawat632.github.io
indexnow (31 urls): HTTP 200 (200/202 = accepted)
google ping: 404 (deprecated by Google — use Search Console)
bing ping:   410 (deprecated — IndexNow above is what counts)
[index Wed Jul 29 12:00:02 PM IST 2026] done url=https://bhaveshkumawat632.github.io count=31
[index Wed Jul 29 01:00:01 PM IST 2026] live URL: https://bhaveshkumawat632.github.io
indexnow (31 urls): HTTP 200 (200/202 = accepted)
google ping: 404 (deprecated by Google — use Search Console)
bing ping:   410 (deprecated — IndexNow above is what counts)
[index Wed Jul 29 01:00:03 PM IST 2026] done url=https://bhaveshkumawat632.github.io count=31
[index Wed Jul 29 02:00:01 PM IST 2026] live URL: https://bhaveshkumawat632.github.io
indexnow (31 urls): HTTP 200 (200/202 = accepted)
google ping: 404 (deprecated by Google — use Search Console)
bing ping:   410 (deprecated — IndexNow above is what counts)
[index Wed Jul 29 02:00:03 PM IST 2026] done url=https://bhaveshkumawat632.github.io count=31
[index Wed Jul 29 03:00:01 PM IST 2026] live URL: https://bhaveshkumawat632.github.io
indexnow (31 urls): HTTP 200 (200/202 = accepted)
google ping: 404 (deprecated by Google — use Search Console)
bing ping:   410 (deprecated — IndexNow above is what counts)
[index Wed Jul 29 03:00:03 PM IST 2026] done url=https://bhaveshkumawat632.github.io count=31
[index Wed Jul 29 04:00:02 PM IST 2026] live URL: https://bhaveshkumawat632.github.io
indexnow (31 urls): HTTP 200 (200/202 = accepted)
google ping: 404 (deprecated by Google — use Search Console)
bing ping:   410 (deprecated — IndexNow above is what counts)
[index Wed Jul 29 04:00:03 PM IST 2026] done url=https://bhaveshkumawat632.github.io count=31
[index Wed Jul 29 05:00:01 PM IST 2026] live URL: https://bhaveshkumawat632.github.io
indexnow (31 urls): HTTP 200 (200/202 = accepted)
google ping: 404 (deprecated by Google — use Search Console)
bing ping:   410 (deprecated — IndexNow above is what counts)
[index Wed Jul 29 05:00:02 PM IST 2026] done url=https://bhaveshkumawat632.github.io count=31
[index Wed Jul 29 06:00:01 PM IST 2026] live URL: https://bhaveshkumawat632.github.io
indexnow (31 urls): HTTP 200 (200/202 = accepted)
google ping: 404 (deprecated by Google — use Search Console)
bing ping:   410 (deprecated — IndexNow above is what counts)
[index Wed Jul 29 06:00:03 PM IST 2026] done url=https://bhaveshkumawat632.github.io count=31
[index Wed Jul 29 07:00:01 PM IST 2026] live URL: https://bhaveshkumawat632.github.io
indexnow (31 urls): HTTP 200 (200/202 = accepted)
google ping: 404 (deprecated by Google — use Search Console)
bing ping:   410 (deprecated — IndexNow above is what counts)
[index Wed Jul 29 07:00:03 PM IST 2026] done url=https://bhaveshkumawat632.github.io count=31
[index Wed Jul 29 08:00:01 PM IST 2026] live URL: https://bhaveshkumawat632.github.io
indexnow (31 urls): HTTP 200 (200/202 = accepted)
google ping: 404 (deprecated by Google — use Search Console)
bing ping:   410 (deprecated — IndexNow above is what counts)
[index Wed Jul 29 08:00:03 PM IST 2026] done url=https://bhaveshkumawat632.github.io count=31
[index Wed Jul 29 09:00:02 PM IST 2026] live URL: https://bhaveshkumawat632.github.io
indexnow (31 urls): HTTP 200 (200/202 = accepted)
google ping: 404 (deprecated by Google — use Search Console)
bing ping:   410 (deprecated — IndexNow above is what counts)
[index Wed Jul 29 09:00:03 PM IST 2026] done url=https://bhaveshkumawat632.github.io count=31
[index Wed Jul 29 10:00:01 PM IST 2026] live URL: https://bhaveshkumawat632.github.io
indexnow (31 urls): HTTP 200 (200/202 = accepted)
google ping: 404 (deprecated by Google — use Search Console)
bing ping:   410 (deprecated — IndexNow above is what counts)
[index Wed Jul 29 10:00:03 PM IST 2026] done url=https://bhaveshkumawat632.github.io count=31
[index Wed Jul 29 11:00:01 PM IST 2026] live URL: https://bhaveshkumawat632.github.io
indexnow (31 urls): HTTP 200 (200/202 = accepted)
google ping: 404 (deprecated by Google — use Search Console)
bing ping:   410 (deprecated — IndexNow above is what counts)
[index Wed Jul 29 11:00:03 PM IST 2026] done url=https://bhaveshkumawat632.github.io count=31
[index Thu Jul 30 12:00:01 AM IST 2026] live URL: https://bhaveshkumawat632.github.io
indexnow (31 urls): HTTP 200 (200/202 = accepted)
google ping: 404 (deprecated by Google — use Search Console)
bing ping:   410 (deprecated — IndexNow above is what counts)
[index Thu Jul 30 12:00:02 AM IST 2026] done url=https://bhaveshkumawat632.github.io count=31
[index Thu Jul 30 01:00:01 AM IST 2026] live URL: https://bhaveshkumawat632.github.io
indexnow (31 urls): HTTP 200 (200/202 = accepted)
google ping: 404 (deprecated by Google — use Search Console)
bing ping:   410 (deprecated — IndexNow above is what counts)
[index Thu Jul 30 01:00:03 AM IST 2026] done url=https://bhaveshkumawat632.github.io count=31
[index Thu Jul 30 02:00:01 AM IST 2026] live URL: https://bhaveshkumawat632.github.io
indexnow (31 urls): HTTP 200 (200/202 = accepted)
google ping: 404 (deprecated by Google — use Search Console)
bing ping:   410 (deprecated — IndexNow above is what counts)
[index Thu Jul 30 02:00:02 AM IST 2026] done url=https://bhaveshkumawat632.github.io count=31
[index Thu Jul 30 03:00:01 AM IST 2026] live URL: https://bhaveshkumawat632.github.io
indexnow (31 urls): HTTP 200 (200/202 = accepted)
google ping: 404 (deprecated by Google — use Search Console)
bing ping:   410 (deprecated — IndexNow above is what counts)
[index Thu Jul 30 03:00:03 AM IST 2026] done url=https://bhaveshkumawat632.github.io count=31
[index Thu Jul 30 04:00:01 AM IST 2026] live URL: https://bhaveshkumawat632.github.io
indexnow (31 urls): HTTP 200 (200/202 = accepted)
google ping: 404 (deprecated by Google — use Search Console)
bing ping:   410 (deprecated — IndexNow above is what counts)
[index Thu Jul 30 04:00:03 AM IST 2026] done url=https://bhaveshkumawat632.github.io count=31
[index Thu Jul 30 05:00:01 AM IST 2026] live URL: https://bhaveshkumawat632.github.io
indexnow (31 urls): HTTP 200 (200/202 = accepted)
google ping: 404 (deprecated by Google — use Search Console)
bing ping:   410 (deprecated — IndexNow above is what counts)
[index Thu Jul 30 05:00:03 AM IST 2026] done url=https://bhaveshkumawat632.github.io count=31
[index Thu Jul 30 06:00:01 AM IST 2026] live URL: https://bhaveshkumawat632.github.io
indexnow (31 urls): HTTP 200 (200/202 = accepted)
google ping: 404 (deprecated by Google — use Search Console)
bing ping:   410 (deprecated — IndexNow above is what counts)
[index Thu Jul 30 06:00:03 AM IST 2026] done url=https://bhaveshkumawat632.github.io count=31
[index Thu Jul 30 07:00:01 AM IST 2026] live URL: https://bhaveshkumawat632.github.io
indexnow (31 urls): HTTP 200 (200/202 = accepted)
google ping: 404 (deprecated by Google — use Search Console)
bing ping:   410 (deprecated — IndexNow above is what counts)
[index Thu Jul 30 07:00:02 AM IST 2026] done url=https://bhaveshkumawat632.github.io count=31
[index Thu Jul 30 08:00:01 AM IST 2026] live URL: https://bhaveshkumawat632.github.io
indexnow (31 urls): HTTP 200 (200/202 = accepted)
google ping: 404 (deprecated by Google — use Search Console)
bing ping:   410 (deprecated — IndexNow above is what counts)
[index Thu Jul 30 08:00:03 AM IST 2026] done url=https://bhaveshkumawat632.github.io count=31
[index Thu Jul 30 09:00:01 AM IST 2026] live URL: https://bhaveshkumawat632.github.io
indexnow (31 urls): HTTP 200 (200/202 = accepted)
google ping: 404 (deprecated by Google — use Search Console)
bing ping:   410 (deprecated — IndexNow above is what counts)
[index Thu Jul 30 09:00:03 AM IST 2026] done url=https://bhaveshkumawat632.github.io count=31
[index Thu Jul 30 10:00:01 AM IST 2026] live URL: https://bhaveshkumawat632.github.io
indexnow (31 urls): HTTP 200 (200/202 = accepted)
google ping: 404 (deprecated by Google — use Search Console)
bing ping:   410 (deprecated — IndexNow above is what counts)
[index Thu Jul 30 10:00:03 AM IST 2026] done url=https://bhaveshkumawat632.github.io count=31
[index Thu Jul 30 11:00:01 AM IST 2026] live URL: https://bhaveshkumawat632.github.io
indexnow (31 urls): HTTP 200 (200/202 = accepted)
google ping: 404 (deprecated by Google — use Search Console)
bing ping:   410 (deprecated — IndexNow above is what counts)
[index Thu Jul 30 11:00:02 AM IST 2026] done url=https://bhaveshkumawat632.github.io count=31
[index Thu Jul 30 12:00:01 PM IST 2026] live URL: https://bhaveshkumawat632.github.io
indexnow (31 urls): HTTP 200 (200/202 = accepted)
google ping: 404 (deprecated by Google — use Search Console)
bing ping:   410 (deprecated — IndexNow above is what counts)
[index Thu Jul 30 12:00:03 PM IST 2026] done url=https://bhaveshkumawat632.github.io count=31
[index Thu Jul 30 01:00:01 PM IST 2026] live URL: https://bhaveshkumawat632.github.io
indexnow (31 urls): HTTP 200 (200/202 = accepted)
google ping: 404 (deprecated by Google — use Search Console)
bing ping:   410 (deprecated — IndexNow above is what counts)
[index Thu Jul 30 01:00:03 PM IST 2026] done url=https://bhaveshkumawat632.github.io count=31
[index Thu Jul 30 02:00:02 PM IST 2026] live URL: https://bhaveshkumawat632.github.io
indexnow (31 urls): HTTP 200 (200/202 = accepted)
google ping: 404 (deprecated by Google — use Search Console)
bing ping:   410 (deprecated — IndexNow above is what counts)
[index Thu Jul 30 02:00:04 PM IST 2026] done url=https://bhaveshkumawat632.github.io count=31
[index Thu Jul 30 03:00:01 PM IST 2026] live URL: https://bhaveshkumawat632.github.io
indexnow (31 urls): HTTP 200 (200/202 = accepted)
google ping: 404 (deprecated by Google — use Search Console)
bing ping:   410 (deprecated — IndexNow above is what counts)
[index Thu Jul 30 03:00:03 PM IST 2026] done url=https://bhaveshkumawat632.github.io count=31
[index Thu Jul 30 04:00:01 PM IST 2026] live URL: https://bhaveshkumawat632.github.io
indexnow (31 urls): HTTP 200 (200/202 = accepted)
google ping: 404 (deprecated by Google — use Search Console)
bing ping:   410 (deprecated — IndexNow above is what counts)
[index Thu Jul 30 04:00:03 PM IST 2026] done url=https://bhaveshkumawat632.github.io count=31
[index Thu Jul 30 05:00:01 PM IST 2026] live URL: https://bhaveshkumawat632.github.io
indexnow (31 urls): HTTP 200 (200/202 = accepted)
google ping: 404 (deprecated by Google — use Search Console)
bing ping:   410 (deprecated — IndexNow above is what counts)
[index Thu Jul 30 05:00:03 PM IST 2026] done url=https://bhaveshkumawat632.github.io count=31
[index Thu Jul 30 06:00:01 PM IST 2026] live URL: https://bhaveshkumawat632.github.io
indexnow (31 urls): HTTP 200 (200/202 = accepted)
google ping: 404 (deprecated by Google — use Search Console)
bing ping:   410 (deprecated — IndexNow above is what counts)
[index Thu Jul 30 06:00:03 PM IST 2026] done url=https://bhaveshkumawat632.github.io count=31
[index Thu Jul 30 07:00:01 PM IST 2026] live URL: https://bhaveshkumawat632.github.io
indexnow (41 urls): HTTP 200 (200/202 = accepted)
google ping: 404 (deprecated by Google — use Search Console)
bing ping:   410 (deprecated — IndexNow above is what counts)
[index Thu Jul 30 07:00:02 PM IST 2026] done url=https://bhaveshkumawat632.github.io count=41
[index Thu Jul 30 08:00:01 PM IST 2026] live URL: https://bhaveshkumawat632.github.io
indexnow (41 urls): HTTP 200 (200/202 = accepted)
google ping: 404 (deprecated by Google — use Search Console)
bing ping:   410 (deprecated — IndexNow above is what counts)
[index Thu Jul 30 08:00:04 PM IST 2026] done url=https://bhaveshkumawat632.github.io count=41
[index Thu Jul 30 09:00:01 PM IST 2026] live URL: https://bhaveshkumawat632.github.io
indexnow (41 urls): HTTP 200 (200/202 = accepted)
google ping: 404 (deprecated by Google — use Search Console)
bing ping:   410 (deprecated — IndexNow above is what counts)
[index Thu Jul 30 09:00:03 PM IST 2026] done url=https://bhaveshkumawat632.github.io count=41
[index Thu Jul 30 10:00:01 PM IST 2026] live URL: https://bhaveshkumawat632.github.io
indexnow (41 urls): HTTP 200 (200/202 = accepted)
google ping: 404 (deprecated by Google — use Search Console)
bing ping:   410 (deprecated — IndexNow above is what counts)
[index Thu Jul 30 10:00:05 PM IST 2026] done url=https://bhaveshkumawat632.github.io count=41
[index Thu Jul 30 11:00:01 PM IST 2026] live URL: https://bhaveshkumawat632.github.io
indexnow (41 urls): HTTP 200 (200/202 = accepted)
google ping: 404 (deprecated by Google — use Search Console)
bing ping:   410 (deprecated — IndexNow above is what counts)
[index Thu Jul 30 11:00:03 PM IST 2026] done url=https://bhaveshkumawat632.github.io count=41
[index Fri Jul 31 12:00:01 AM IST 2026] live URL: https://bhaveshkumawat632.github.io
indexnow (41 urls): HTTP 200 (200/202 = accepted)
google ping: 404 (deprecated by Google — use Search Console)
bing ping:   410 (deprecated — IndexNow above is what counts)
[index Fri Jul 31 12:00:03 AM IST 2026] done url=https://bhaveshkumawat632.github.io count=41
[index Tue Aug 11 01:00:01 AM IST 2026] live URL: https://bhaveshkumawat632.github.io
indexnow (46 urls): HTTP 200 (200/202 = accepted)
google ping: 404 (deprecated by Google — use Search Console)
bing ping:   410 (deprecated — IndexNow above is what counts)
[index Tue Aug 11 01:00:03 AM IST 2026] done url=https://bhaveshkumawat632.github.io count=46
[index Tue Aug 11 02:00:01 AM IST 2026] live URL: https://bhaveshkumawat632.github.io
indexnow (46 urls): HTTP 200 (200/202 = accepted)
google ping: 404 (deprecated by Google — use Search Console)
bing ping:   410 (deprecated — IndexNow above is what counts)
[index Tue Aug 11 02:00:02 AM IST 2026] done url=https://bhaveshkumawat632.github.io count=46
[index Tue Aug 11 03:00:01 AM IST 2026] live URL: https://bhaveshkumawat632.github.io
indexnow (46 urls): HTTP 200 (200/202 = accepted)
google ping: 404 (deprecated by Google — use Search Console)
bing ping:   410 (deprecated — IndexNow above is what counts)
[index Tue Aug 11 03:00:03 AM IST 2026] done url=https://bhaveshkumawat632.github.io count=46
[index Tue Aug 11 04:00:02 AM IST 2026] live URL: https://bhaveshkumawat632.github.io
indexnow (46 urls): HTTP 200 (200/202 = accepted)
google ping: 404 (deprecated by Google — use Search Console)
bing ping:   410 (deprecated — IndexNow above is what counts)
[index Tue Aug 11 04:00:03 AM IST 2026] done url=https://bhaveshkumawat632.github.io count=46
[index Tue Aug 11 05:00:02 AM IST 2026] live URL: https://bhaveshkumawat632.github.io
indexnow (46 urls): HTTP 200 (200/202 = accepted)
google ping: 404 (deprecated by Google — use Search Console)
bing ping:   410 (deprecated — IndexNow above is what counts)
[index Tue Aug 11 05:00:03 AM IST 2026] done url=https://bhaveshkumawat632.github.io count=46
[index Tue Aug 11 06:00:02 AM IST 2026] live URL: https://bhaveshkumawat632.github.io
indexnow (46 urls): HTTP 200 (200/202 = accepted)
google ping: 404 (deprecated by Google — use Search Console)
bing ping:   410 (deprecated — IndexNow above is what counts)
[index Tue Aug 11 06:00:04 AM IST 2026] done url=https://bhaveshkumawat632.github.io count=46
[index Tue Aug 11 07:00:01 AM IST 2026] live URL: https://bhaveshkumawat632.github.io
indexnow (46 urls): HTTP 200 (200/202 = accepted)
google ping: 404 (deprecated by Google — use Search Console)
bing ping:   410 (deprecated — IndexNow above is what counts)
[index Tue Aug 11 07:00:03 AM IST 2026] done url=https://bhaveshkumawat632.github.io count=46
[index Tue Aug 11 08:00:01 AM IST 2026] live URL: https://bhaveshkumawat632.github.io
indexnow (46 urls): HTTP 200 (200/202 = accepted)
google ping: 404 (deprecated by Google — use Search Console)
bing ping:   410 (deprecated — IndexNow above is what counts)
[index Tue Aug 11 08:00:02 AM IST 2026] done url=https://bhaveshkumawat632.github.io count=46
[index Tue Aug 11 09:00:02 AM IST 2026] live URL: https://bhaveshkumawat632.github.io
indexnow (46 urls): HTTP 200 (200/202 = accepted)
google ping: 404 (deprecated by Google — use Search Console)
bing ping:   410 (deprecated — IndexNow above is what counts)
[index Tue Aug 11 09:00:03 AM IST 2026] done url=https://bhaveshkumawat632.github.io count=46
[index Tue Aug 11 10:00:01 AM IST 2026] live URL: https://bhaveshkumawat632.github.io
indexnow (46 urls): HTTP 200 (200/202 = accepted)
google ping: 404 (deprecated by Google — use Search Console)
bing ping:   410 (deprecated — IndexNow above is what counts)
[index Tue Aug 11 10:00:02 AM IST 2026] done url=https://bhaveshkumawat632.github.io count=46
[index Tue Aug 11 11:00:01 AM IST 2026] live URL: https://bhaveshkumawat632.github.io
indexnow (46 urls): HTTP 200 (200/202 = accepted)
google ping: 404 (deprecated by Google — use Search Console)
bing ping:   410 (deprecated — IndexNow above is what counts)
[index Tue Aug 11 11:00:04 AM IST 2026] done url=https://bhaveshkumawat632.github.io count=46
[index Tue Aug 11 12:00:01 PM IST 2026] live URL: https://bhaveshkumawat632.github.io
indexnow (46 urls): HTTP 200 (200/202 = accepted)
google ping: 404 (deprecated by Google — use Search Console)
bing ping:   410 (deprecated — IndexNow above is what counts)
[index Tue Aug 11 12:00:03 PM IST 2026] done url=https://bhaveshkumawat632.github.io count=46
[index Tue Aug 11 01:00:02 PM IST 2026] live URL: https://bhaveshkumawat632.github.io
indexnow (46 urls): HTTP 200 (200/202 = accepted)
google ping: 404 (deprecated by Google — use Search Console)
bing ping:   410 (deprecated — IndexNow above is what counts)
[index Tue Aug 11 01:00:03 PM IST 2026] done url=https://bhaveshkumawat632.github.io count=46
[index Tue Aug 11 02:00:01 PM IST 2026] live URL: https://bhaveshkumawat632.github.io
indexnow (46 urls): HTTP 200 (200/202 = accepted)
google ping: 404 (deprecated by Google — use Search Console)
bing ping:   410 (deprecated — IndexNow above is what counts)
[index Tue Aug 11 02:00:02 PM IST 2026] done url=https://bhaveshkumawat632.github.io count=46
[index Tue Aug 11 03:00:01 PM IST 2026] live URL: https://bhaveshkumawat632.github.io
indexnow (46 urls): HTTP 200 (200/202 = accepted)
google ping: 404 (deprecated by Google — use Search Console)
bing ping:   410 (deprecated — IndexNow above is what counts)
[index Tue Aug 11 03:00:02 PM IST 2026] done url=https://bhaveshkumawat632.github.io count=46
[index Tue Aug 11 04:00:01 PM IST 2026] live URL: https://bhaveshkumawat632.github.io
indexnow (46 urls): HTTP 200 (200/202 = accepted)
google ping: 404 (deprecated by Google — use Search Console)
bing ping:   410 (deprecated — IndexNow above is what counts)
[index Tue Aug 11 04:00:03 PM IST 2026] done url=https://bhaveshkumawat632.github.io count=46
[index Tue Aug 11 05:00:02 PM IST 2026] live URL: https://bhaveshkumawat632.github.io
indexnow (46 urls): HTTP 200 (200/202 = accepted)
google ping: 404 (deprecated by Google — use Search Console)
bing ping:   410 (deprecated — IndexNow above is what counts)
[index Tue Aug 11 05:00:04 PM IST 2026] done url=https://bhaveshkumawat632.github.io count=46
[index Tue Aug 11 06:00:01 PM IST 2026] live URL: https://bhaveshkumawat632.github.io
indexnow (46 urls): HTTP 200 (200/202 = accepted)
google ping: 404 (deprecated by Google — use Search Console)
bing ping:   410 (deprecated — IndexNow above is what counts)
[index Tue Aug 11 06:00:03 PM IST 2026] done url=https://bhaveshkumawat632.github.io count=46
[index Tue Aug 11 07:00:01 PM IST 2026] live URL: https://bhaveshkumawat632.github.io
indexnow (46 urls): HTTP 200 (200/202 = accepted)
google ping: 404 (deprecated by Google — use Search Console)
bing ping:   410 (deprecated — IndexNow above is what counts)
[index Tue Aug 11 07:00:04 PM IST 2026] done url=https://bhaveshkumawat632.github.io count=46
[index Tue Aug 11 08:00:01 PM IST 2026] live URL: https://bhaveshkumawat632.github.io
indexnow (46 urls): HTTP 200 (200/202 = accepted)
google ping: 404 (deprecated by Google — use Search Console)
bing ping:   410 (deprecated — IndexNow above is what counts)
[index Tue Aug 11 08:00:03 PM IST 2026] done url=https://bhaveshkumawat632.github.io count=46
[index Tue Aug 11 09:00:01 PM IST 2026] live URL: https://bhaveshkumawat632.github.io
indexnow (46 urls): HTTP 200 (200/202 = accepted)
google ping: 404 (deprecated by Google — use Search Console)
bing ping:   410 (deprecated — IndexNow above is what counts)
[index Tue Aug 11 09:00:03 PM IST 2026] done url=https://bhaveshkumawat632.github.io count=46
[index Tue Aug 11 10:00:01 PM IST 2026] live URL: https://bhaveshkumawat632.github.io
indexnow (46 urls): HTTP 200 (200/202 = accepted)
google ping: 404 (deprecated by Google — use Search Console)
bing ping:   410 (deprecated — IndexNow above is what counts)
[index Tue Aug 11 10:00:03 PM IST 2026] done url=https://bhaveshkumawat632.github.io count=46
[index Tue Aug 11 11:00:01 PM IST 2026] live URL: https://bhaveshkumawat632.github.io
indexnow (46 urls): HTTP 200 (200/202 = accepted)
google ping: 404 (deprecated by Google — use Search Console)
bing ping:   410 (deprecated — IndexNow above is what counts)
[index Tue Aug 11 11:00:03 PM IST 2026] done url=https://bhaveshkumawat632.github.io count=46
[index Wed Aug 12 12:00:02 AM IST 2026] live URL: https://bhaveshkumawat632.github.io
indexnow (46 urls): HTTP 200 (200/202 = accepted)
google ping: 404 (deprecated by Google — use Search Console)
bing ping:   410 (deprecated — IndexNow above is what counts)
[index Wed Aug 12 12:00:05 AM IST 2026] done url=https://bhaveshkumawat632.github.io count=46
[index Wed Aug 12 01:00:01 AM IST 2026] live URL: https://bhaveshkumawat632.github.io
indexnow (46 urls): HTTP 200 (200/202 = accepted)
google ping: 404 (deprecated by Google — use Search Console)
bing ping:   410 (deprecated — IndexNow above is what counts)
[index Wed Aug 12 01:00:03 AM IST 2026] done url=https://bhaveshkumawat632.github.io count=46
[index Wed Aug 12 02:00:02 AM IST 2026] live URL: https://bhaveshkumawat632.github.io
indexnow (46 urls): HTTP 200 (200/202 = accepted)
google ping: 404 (deprecated by Google — use Search Console)
bing ping:   410 (deprecated — IndexNow above is what counts)
[index Wed Aug 12 02:00:04 AM IST 2026] done url=https://bhaveshkumawat632.github.io count=46
[index Wed Aug 12 03:00:01 AM IST 2026] live URL: https://bhaveshkumawat632.github.io
indexnow (46 urls): HTTP 200 (200/202 = accepted)
google ping: 404 (deprecated by Google — use Search Console)
bing ping:   410 (deprecated — IndexNow above is what counts)
[index Wed Aug 12 03:00:03 AM IST 2026] done url=https://bhaveshkumawat632.github.io count=46
[index Wed Aug 12 04:00:02 AM IST 2026] live URL: https://bhaveshkumawat632.github.io
indexnow (46 urls): HTTP 200 (200/202 = accepted)
google ping: 404 (deprecated by Google — use Search Console)
bing ping:   410 (deprecated — IndexNow above is what counts)
[index Wed Aug 12 04:00:04 AM IST 2026] done url=https://bhaveshkumawat632.github.io count=46
[index Wed Aug 12 05:00:02 AM IST 2026] live URL: https://bhaveshkumawat632.github.io
indexnow (46 urls): HTTP 200 (200/202 = accepted)
google ping: 404 (deprecated by Google — use Search Console)
bing ping:   410 (deprecated — IndexNow above is what counts)
[index Wed Aug 12 05:00:04 AM IST 2026] done url=https://bhaveshkumawat632.github.io count=46
[index Wed Aug 12 06:00:01 AM IST 2026] live URL: https://bhaveshkumawat632.github.io
indexnow (46 urls): HTTP 200 (200/202 = accepted)
google ping: 404 (deprecated by Google — use Search Console)
bing ping:   410 (deprecated — IndexNow above is what counts)
[index Wed Aug 12 06:00:04 AM IST 2026] done url=https://bhaveshkumawat632.github.io count=46
[index Wed Aug 12 07:00:01 AM IST 2026] live URL: https://bhaveshkumawat632.github.io
indexnow (46 urls): HTTP 200 (200/202 = accepted)
google ping: 404 (deprecated by Google — use Search Console)
bing ping:   410 (deprecated — IndexNow above is what counts)
[index Wed Aug 12 07:00:02 AM IST 2026] done url=https://bhaveshkumawat632.github.io count=46
[index Wed Aug 12 08:00:01 AM IST 2026] live URL: https://bhaveshkumawat632.github.io
indexnow (46 urls): HTTP 200 (200/202 = accepted)
google ping: 404 (deprecated by Google — use Search Console)
bing ping:   410 (deprecated — IndexNow above is what counts)
[index Wed Aug 12 08:00:03 AM IST 2026] done url=https://bhaveshkumawat632.github.io count=46
[index Wed Aug 12 09:00:01 AM IST 2026] live URL: https://bhaveshkumawat632.github.io
indexnow (46 urls): HTTP 200 (200/202 = accepted)
google ping: 404 (deprecated by Google — use Search Console)
bing ping:   410 (deprecated — IndexNow above is what counts)
[index Wed Aug 12 09:00:03 AM IST 2026] done url=https://bhaveshkumawat632.github.io count=46
[index Wed Aug 12 10:00:01 AM IST 2026] live URL: https://bhaveshkumawat632.github.io
indexnow (46 urls): HTTP 200 (200/202 = accepted)
google ping: 404 (deprecated by Google — use Search Console)
bing ping:   410 (deprecated — IndexNow above is what counts)
[index Wed Aug 12 10:00:03 AM IST 2026] done url=https://bhaveshkumawat632.github.io count=46
[index Wed Aug 12 11:00:01 AM IST 2026] live URL: https://bhaveshkumawat632.github.io
indexnow (46 urls): HTTP 200 (200/202 = accepted)
google ping: 404 (deprecated by Google — use Search Console)
bing ping:   410 (deprecated — IndexNow above is what counts)
[index Wed Aug 12 11:00:04 AM IST 2026] done url=https://bhaveshkumawat632.github.io count=46
[index Wed Aug 12 12:00:01 PM IST 2026] live URL: https://bhaveshkumawat632.github.io
indexnow (46 urls): HTTP 200 (200/202 = accepted)
google ping: 404 (deprecated by Google — use Search Console)
bing ping:   410 (deprecated — IndexNow above is what counts)
[index Wed Aug 12 12:00:03 PM IST 2026] done url=https://bhaveshkumawat632.github.io count=46
[index Wed Aug 12 06:00:01 PM IST 2026] live URL: https://bhaveshkumawat632.github.io
indexnow (46 urls): HTTP 200 (200/202 = accepted)
google ping: 404 (deprecated by Google — use Search Console)
bing ping:   410 (deprecated — IndexNow above is what counts)
[index Wed Aug 12 06:00:03 PM IST 2026] done url=https://bhaveshkumawat632.github.io count=46
[index Wed Aug 12 07:00:01 PM IST 2026] live URL: https://bhaveshkumawat632.github.io
indexnow (46 urls): HTTP 200 (200/202 = accepted)
google ping: 404 (deprecated by Google — use Search Console)
bing ping:   410 (deprecated — IndexNow above is what counts)
[index Wed Aug 12 07:00:04 PM IST 2026] done url=https://bhaveshkumawat632.github.io count=46
[index Wed Aug 12 08:00:01 PM IST 2026] live URL: https://bhaveshkumawat632.github.io
indexnow (46 urls): HTTP 200 (200/202 = accepted)
google ping: 404 (deprecated by Google — use Search Console)
bing ping:   410 (deprecated — IndexNow above is what counts)
[index Wed Aug 12 08:00:02 PM IST 2026] done url=https://bhaveshkumawat632.github.io count=46
[index Wed Aug 12 09:00:01 PM IST 2026] live URL: https://bhaveshkumawat632.github.io
indexnow (46 urls): HTTP 200 (200/202 = accepted)
google ping: 404 (deprecated by Google — use Search Console)
bing ping:   410 (deprecated — IndexNow above is what counts)
[index Wed Aug 12 09:00:06 PM IST 2026] done url=https://bhaveshkumawat632.github.io count=46
[index Wed Aug 12 10:00:01 PM IST 2026] live URL: https://bhaveshkumawat632.github.io
indexnow (46 urls): HTTP 200 (200/202 = accepted)
google ping: 404 (deprecated by Google — use Search Console)
bing ping:   410 (deprecated — IndexNow above is what counts)
[index Wed Aug 12 10:00:02 PM IST 2026] done url=https://bhaveshkumawat632.github.io count=46
[index Wed Aug 12 11:00:01 PM IST 2026] live URL: https://bhaveshkumawat632.github.io
indexnow (46 urls): HTTP 200 (200/202 = accepted)
google ping: 404 (deprecated by Google — use Search Console)
bing ping:   410 (deprecated — IndexNow above is what counts)
[index Wed Aug 12 11:00:03 PM IST 2026] done url=https://bhaveshkumawat632.github.io count=46
[index Thu Aug 13 12:00:01 AM IST 2026] live URL: https://bhaveshkumawat632.github.io
indexnow (46 urls): HTTP 200 (200/202 = accepted)
google ping: 404 (deprecated by Google — use Search Console)
bing ping:   410 (deprecated — IndexNow above is what counts)
[index Thu Aug 13 12:00:04 AM IST 2026] done url=https://bhaveshkumawat632.github.io count=46
[index Thu Aug 13 01:00:01 AM IST 2026] live URL: https://bhaveshkumawat632.github.io
indexnow (46 urls): HTTP 200 (200/202 = accepted)
google ping: 404 (deprecated by Google — use Search Console)
bing ping:   410 (deprecated — IndexNow above is what counts)
[index Thu Aug 13 01:00:03 AM IST 2026] done url=https://bhaveshkumawat632.github.io count=46
[index Thu Aug 13 12:00:01 PM IST 2026] live URL: https://bhaveshkumawat632.github.io
indexnow (46 urls): HTTP 200 (200/202 = accepted)
google ping: 404 (deprecated by Google — use Search Console)
bing ping:   410 (deprecated — IndexNow above is what counts)
[index Thu Aug 13 12:00:04 PM IST 2026] done url=https://bhaveshkumawat632.github.io count=46
[index Thu Aug 13 01:00:01 PM IST 2026] live URL: https://bhaveshkumawat632.github.io
indexnow (46 urls): HTTP 200 (200/202 = accepted)
google ping: 404 (deprecated by Google — use Search Console)
bing ping:   410 (deprecated — IndexNow above is what counts)
[index Thu Aug 13 01:00:03 PM IST 2026] done url=https://bhaveshkumawat632.github.io count=46
[index Thu Aug 13 02:00:02 PM IST 2026] live URL: https://bhaveshkumawat632.github.io
indexnow (46 urls): HTTP 200 (200/202 = accepted)
google ping: 404 (deprecated by Google — use Search Console)
bing ping:   410 (deprecated — IndexNow above is what counts)
[index Thu Aug 13 02:00:04 PM IST 2026] done url=https://bhaveshkumawat632.github.io count=46
[index Thu Aug 13 03:00:01 PM IST 2026] live URL: https://bhaveshkumawat632.github.io
indexnow (46 urls): HTTP 200 (200/202 = accepted)
google ping: 404 (deprecated by Google — use Search Console)
bing ping:   410 (deprecated — IndexNow above is what counts)
[index Thu Aug 13 03:00:03 PM IST 2026] done url=https://bhaveshkumawat632.github.io count=46
[index Thu Aug 13 04:00:01 PM IST 2026] live URL: https://bhaveshkumawat632.github.io
indexnow (46 urls): HTTP 200 (200/202 = accepted)
google ping: 404 (deprecated by Google — use Search Console)
bing ping:   410 (deprecated — IndexNow above is what counts)
[index Thu Aug 13 04:00:03 PM IST 2026] done url=https://bhaveshkumawat632.github.io count=46
[index Thu Aug 13 05:00:01 PM IST 2026] live URL: https://bhaveshkumawat632.github.io
indexnow (46 urls): HTTP 200 (200/202 = accepted)
google ping: 404 (deprecated by Google — use Search Console)
bing ping:   410 (deprecated — IndexNow above is what counts)
[index Thu Aug 13 05:00:03 PM IST 2026] done url=https://bhaveshkumawat632.github.io count=46
[index Thu Aug 13 10:00:01 PM IST 2026] live URL: https://bhaveshkumawat632.github.io
indexnow (46 urls): HTTP 200 (200/202 = accepted)
google ping: 404 (deprecated by Google — use Search Console)
bing ping:   410 (deprecated — IndexNow above is what counts)
[index Thu Aug 13 10:00:02 PM IST 2026] done url=https://bhaveshkumawat632.github.io count=46
[index Thu Aug 13 11:00:01 PM IST 2026] live URL: https://bhaveshkumawat632.github.io
indexnow (46 urls): HTTP 200 (200/202 = accepted)
google ping: 404 (deprecated by Google — use Search Console)
bing ping:   410 (deprecated — IndexNow above is what counts)
[index Thu Aug 13 11:00:03 PM IST 2026] done url=https://bhaveshkumawat632.github.io count=46
[index Fri Aug 14 12:00:01 AM IST 2026] live URL: https://bhaveshkumawat632.github.io
indexnow (46 urls): HTTP 200 (200/202 = accepted)
google ping: 404 (deprecated by Google — use Search Console)
bing ping:   410 (deprecated — IndexNow above is what counts)
[index Fri Aug 14 12:00:03 AM IST 2026] done url=https://bhaveshkumawat632.github.io count=46
[index Fri Aug 14 01:00:01 AM IST 2026] live URL: https://bhaveshkumawat632.github.io
indexnow (46 urls): HTTP 200 (200/202 = accepted)
google ping: 404 (deprecated by Google — use Search Console)
bing ping:   410 (deprecated — IndexNow above is what counts)
[index Fri Aug 14 01:00:03 AM IST 2026] done url=https://bhaveshkumawat632.github.io count=46
[index Fri Aug 14 02:00:01 AM IST 2026] live URL: https://bhaveshkumawat632.github.io
indexnow (46 urls): HTTP 200 (200/202 = accepted)
google ping: 404 (deprecated by Google — use Search Console)
bing ping:   410 (deprecated — IndexNow above is what counts)
[index Fri Aug 14 02:00:02 AM IST 2026] done url=https://bhaveshkumawat632.github.io count=46
[index Fri Aug 14 03:00:01 AM IST 2026] live URL: https://bhaveshkumawat632.github.io
indexnow (46 urls): HTTP 200 (200/202 = accepted)
google ping: 404 (deprecated by Google — use Search Console)
bing ping:   410 (deprecated — IndexNow above is what counts)
[index Fri Aug 14 03:00:03 AM IST 2026] done url=https://bhaveshkumawat632.github.io count=46
[index Fri Aug 14 04:00:01 AM IST 2026] live URL: https://bhaveshkumawat632.github.io
indexnow (46 urls): HTTP 200 (200/202 = accepted)
google ping: 404 (deprecated by Google — use Search Console)
bing ping:   410 (deprecated — IndexNow above is what counts)
[index Fri Aug 14 04:00:02 AM IST 2026] done url=https://bhaveshkumawat632.github.io count=46
[index Fri Aug 14 05:00:01 AM IST 2026] live URL: https://bhaveshkumawat632.github.io
indexnow (46 urls): HTTP 200 (200/202 = accepted)
google ping: 404 (deprecated by Google — use Search Console)
bing ping:   410 (deprecated — IndexNow above is what counts)
[index Fri Aug 14 05:00:02 AM IST 2026] done url=https://bhaveshkumawat632.github.io count=46
[index Fri Aug 14 06:00:01 AM IST 2026] live URL: https://bhaveshkumawat632.github.io
indexnow (46 urls): HTTP 200 (200/202 = accepted)
google ping: 404 (deprecated by Google — use Search Console)
bing ping:   410 (deprecated — IndexNow above is what counts)
[index Fri Aug 14 06:00:03 AM IST 2026] done url=https://bhaveshkumawat632.github.io count=46
[index Fri Aug 14 07:00:02 AM IST 2026] live URL: https://bhaveshkumawat632.github.io
indexnow (46 urls): HTTP 200 (200/202 = accepted)
google ping: 404 (deprecated by Google — use Search Console)
bing ping:   410 (deprecated — IndexNow above is what counts)
[index Fri Aug 14 07:00:03 AM IST 2026] done url=https://bhaveshkumawat632.github.io count=46
[index Fri Aug 14 08:00:02 AM IST 2026] live URL: https://bhaveshkumawat632.github.io
indexnow (46 urls): HTTP 200 (200/202 = accepted)
google ping: 404 (deprecated by Google — use Search Console)
bing ping:   410 (deprecated — IndexNow above is what counts)
[index Fri Aug 14 08:00:04 AM IST 2026] done url=https://bhaveshkumawat632.github.io count=46
[index Fri Aug 14 09:00:01 AM IST 2026] live URL: https://bhaveshkumawat632.github.io
indexnow (46 urls): HTTP 200 (200/202 = accepted)
google ping: 404 (deprecated by Google — use Search Console)
bing ping:   410 (deprecated — IndexNow above is what counts)
[index Fri Aug 14 09:00:03 AM IST 2026] done url=https://bhaveshkumawat632.github.io count=46
[index Fri Aug 14 10:00:01 AM IST 2026] live URL: https://bhaveshkumawat632.github.io
indexnow (46 urls): HTTP 200 (200/202 = accepted)
google ping: 404 (deprecated by Google — use Search Console)
bing ping:   410 (deprecated — IndexNow above is what counts)
[index Fri Aug 14 10:00:02 AM IST 2026] done url=https://bhaveshkumawat632.github.io count=46
[index Fri Aug 14 11:00:01 AM IST 2026] live URL: https://bhaveshkumawat632.github.io
indexnow (46 urls): HTTP 200 (200/202 = accepted)
google ping: 404 (deprecated by Google — use Search Console)
bing ping:   410 (deprecated — IndexNow above is what counts)
[index Fri Aug 14 11:00:03 AM IST 2026] done url=https://bhaveshkumawat632.github.io count=46
[index Fri Aug 14 12:00:01 PM IST 2026] live URL: https://bhaveshkumawat632.github.io
indexnow (46 urls): HTTP 200 (200/202 = accepted)
google ping: 404 (deprecated by Google — use Search Console)
bing ping:   410 (deprecated — IndexNow above is what counts)
[index Fri Aug 14 12:00:03 PM IST 2026] done url=https://bhaveshkumawat632.github.io count=46
[index Fri Aug 14 01:00:01 PM IST 2026] live URL: https://bhaveshkumawat632.github.io
indexnow (46 urls): HTTP 200 (200/202 = accepted)
google ping: 404 (deprecated by Google — use Search Console)
bing ping:   410 (deprecated — IndexNow above is what counts)
[index Fri Aug 14 01:00:03 PM IST 2026] done url=https://bhaveshkumawat632.github.io count=46
[index Fri Aug 14 02:00:01 PM IST 2026] live URL: https://bhaveshkumawat632.github.io
indexnow (46 urls): HTTP 200 (200/202 = accepted)
google ping: 404 (deprecated by Google — use Search Console)
bing ping:   410 (deprecated — IndexNow above is what counts)
[index Fri Aug 14 02:00:03 PM IST 2026] done url=https://bhaveshkumawat632.github.io count=46
[index Fri Aug 14 03:00:01 PM IST 2026] live URL: https://bhaveshkumawat632.github.io
indexnow (46 urls): HTTP 200 (200/202 = accepted)
google ping: 404 (deprecated by Google — use Search Console)
bing ping:   410 (deprecated — IndexNow above is what counts)
[index Fri Aug 14 03:00:02 PM IST 2026] done url=https://bhaveshkumawat632.github.io count=46
[index Fri Aug 14 04:00:01 PM IST 2026] live URL: https://bhaveshkumawat632.github.io
indexnow (46 urls): HTTP 200 (200/202 = accepted)
google ping: 404 (deprecated by Google — use Search Console)
bing ping:   410 (deprecated — IndexNow above is what counts)
[index Fri Aug 14 04:00:03 PM IST 2026] done url=https://bhaveshkumawat632.github.io count=46
[index Fri Aug 14 05:00:01 PM IST 2026] live URL: https://bhaveshkumawat632.github.io
indexnow (46 urls): HTTP 200 (200/202 = accepted)
google ping: 404 (deprecated by Google — use Search Console)
bing ping:   410 (deprecated — IndexNow above is what counts)
[index Fri Aug 14 05:00:03 PM IST 2026] done url=https://bhaveshkumawat632.github.io count=46
[index Fri Aug 14 06:00:01 PM IST 2026] live URL: https://bhaveshkumawat632.github.io
indexnow (46 urls): HTTP 200 (200/202 = accepted)
google ping: 404 (deprecated by Google — use Search Console)
bing ping:   410 (deprecated — IndexNow above is what counts)
[index Fri Aug 14 06:00:04 PM IST 2026] done url=https://bhaveshkumawat632.github.io count=46
[index Fri Aug 14 07:00:01 PM IST 2026] live URL: https://bhaveshkumawat632.github.io
indexnow (46 urls): HTTP 200 (200/202 = accepted)
google ping: 404 (deprecated by Google — use Search Console)
bing ping:   410 (deprecated — IndexNow above is what counts)
[index Fri Aug 14 07:00:04 PM IST 2026] done url=https://bhaveshkumawat632.github.io count=46
[index Fri Aug 14 08:00:02 PM IST 2026] live URL: https://bhaveshkumawat632.github.io
indexnow (46 urls): HTTP 200 (200/202 = accepted)
google ping: 404 (deprecated by Google — use Search Console)
bing ping:   410 (deprecated — IndexNow above is what counts)
[index Fri Aug 14 08:00:03 PM IST 2026] done url=https://bhaveshkumawat632.github.io count=46
[index Fri Aug 14 09:00:01 PM IST 2026] live URL: https://bhaveshkumawat632.github.io
indexnow (46 urls): HTTP 200 (200/202 = accepted)
google ping: 404 (deprecated by Google — use Search Console)
bing ping:   410 (deprecated — IndexNow above is what counts)
[index Fri Aug 14 09:00:03 PM IST 2026] done url=https://bhaveshkumawat632.github.io count=46
[index Fri Aug 14 10:00:01 PM IST 2026] live URL: https://bhaveshkumawat632.github.io
indexnow (46 urls): HTTP 200 (200/202 = accepted)
google ping: 404 (deprecated by Google — use Search Console)
bing ping:   410 (deprecated — IndexNow above is what counts)
[index Fri Aug 14 10:00:05 PM IST 2026] done url=https://bhaveshkumawat632.github.io count=46
[index Fri Aug 14 11:00:01 PM IST 2026] live URL: https://bhaveshkumawat632.github.io
indexnow (46 urls): HTTP 200 (200/202 = accepted)
google ping: 404 (deprecated by Google — use Search Console)
bing ping:   410 (deprecated — IndexNow above is what counts)
[index Fri Aug 14 11:00:03 PM IST 2026] done url=https://bhaveshkumawat632.github.io count=46
[index Sat Aug 15 12:00:02 AM IST 2026] live URL: https://bhaveshkumawat632.github.io
indexnow (46 urls): HTTP 200 (200/202 = accepted)
google ping: 404 (deprecated by Google — use Search Console)
bing ping:   410 (deprecated — IndexNow above is what counts)
[index Sat Aug 15 12:00:03 AM IST 2026] done url=https://bhaveshkumawat632.github.io count=46
[index Sat Aug 15 01:00:01 AM IST 2026] live URL: https://bhaveshkumawat632.github.io
indexnow (46 urls): HTTP 200 (200/202 = accepted)
google ping: 404 (deprecated by Google — use Search Console)
bing ping:   410 (deprecated — IndexNow above is what counts)
[index Sat Aug 15 01:00:04 AM IST 2026] done url=https://bhaveshkumawat632.github.io count=46
[index Sat Aug 15 02:00:01 AM IST 2026] live URL: https://bhaveshkumawat632.github.io
indexnow (46 urls): HTTP 200 (200/202 = accepted)
google ping: 404 (deprecated by Google — use Search Console)
bing ping:   410 (deprecated — IndexNow above is what counts)
[index Sat Aug 15 02:00:03 AM IST 2026] done url=https://bhaveshkumawat632.github.io count=46
[index Sat Aug 15 03:00:01 AM IST 2026] live URL: https://bhaveshkumawat632.github.io
indexnow (46 urls): HTTP 200 (200/202 = accepted)
google ping: 404 (deprecated by Google — use Search Console)
bing ping:   410 (deprecated — IndexNow above is what counts)
[index Sat Aug 15 03:00:03 AM IST 2026] done url=https://bhaveshkumawat632.github.io count=46
[index Sat Aug 15 04:00:02 AM IST 2026] live URL: https://bhaveshkumawat632.github.io
indexnow (46 urls): HTTP 200 (200/202 = accepted)
google ping: 404 (deprecated by Google — use Search Console)
bing ping:   410 (deprecated — IndexNow above is what counts)
[index Sat Aug 15 04:00:04 AM IST 2026] done url=https://bhaveshkumawat632.github.io count=46
[index Sat Aug 15 05:00:02 AM IST 2026] live URL: https://bhaveshkumawat632.github.io
indexnow (46 urls): HTTP 200 (200/202 = accepted)
google ping: 404 (deprecated by Google — use Search Console)
bing ping:   410 (deprecated — IndexNow above is what counts)
[index Sat Aug 15 05:00:04 AM IST 2026] done url=https://bhaveshkumawat632.github.io count=46
[index Sat Aug 15 06:00:01 AM IST 2026] live URL: https://bhaveshkumawat632.github.io
indexnow (46 urls): HTTP 200 (200/202 = accepted)
google ping: 404 (deprecated by Google — use Search Console)
bing ping:   410 (deprecated — IndexNow above is what counts)
[index Sat Aug 15 06:00:03 AM IST 2026] done url=https://bhaveshkumawat632.github.io count=46
[index Sat Aug 15 07:00:01 AM IST 2026] live URL: https://bhaveshkumawat632.github.io
indexnow (46 urls): HTTP 200 (200/202 = accepted)
google ping: 404 (deprecated by Google — use Search Console)
bing ping:   410 (deprecated — IndexNow above is what counts)
[index Sat Aug 15 07:00:03 AM IST 2026] done url=https://bhaveshkumawat632.github.io count=46
[index Sat Aug 15 08:00:01 AM IST 2026] live URL: https://bhaveshkumawat632.github.io
indexnow (46 urls): HTTP 200 (200/202 = accepted)
google ping: 404 (deprecated by Google — use Search Console)
bing ping:   410 (deprecated — IndexNow above is what counts)
[index Sat Aug 15 08:00:03 AM IST 2026] done url=https://bhaveshkumawat632.github.io count=46
[index Sat Aug 15 09:00:01 AM IST 2026] live URL: https://bhaveshkumawat632.github.io
indexnow (46 urls): HTTP 200 (200/202 = accepted)
google ping: 404 (deprecated by Google — use Search Console)
bing ping:   410 (deprecated — IndexNow above is what counts)
[index Sat Aug 15 09:00:03 AM IST 2026] done url=https://bhaveshkumawat632.github.io count=46
[index Sat Aug 15 10:00:01 AM IST 2026] live URL: https://bhaveshkumawat632.github.io
indexnow (46 urls): HTTP 200 (200/202 = accepted)
google ping: 404 (deprecated by Google — use Search Console)
bing ping:   410 (deprecated — IndexNow above is what counts)
[index Sat Aug 15 10:00:04 AM IST 2026] done url=https://bhaveshkumawat632.github.io count=46
[index Sat Aug 15 11:00:02 AM IST 2026] live URL: https://bhaveshkumawat632.github.io
indexnow (46 urls): HTTP 200 (200/202 = accepted)
google ping: 404 (deprecated by Google — use Search Console)
bing ping:   410 (deprecated — IndexNow above is what counts)
[index Sat Aug 15 11:00:03 AM IST 2026] done url=https://bhaveshkumawat632.github.io count=46
[index Sat Aug 15 12:00:01 PM IST 2026] live URL: https://bhaveshkumawat632.github.io
indexnow (46 urls): HTTP 200 (200/202 = accepted)
google ping: 404 (deprecated by Google — use Search Console)
bing ping:   410 (deprecated — IndexNow above is what counts)
[index Sat Aug 15 12:00:03 PM IST 2026] done url=https://bhaveshkumawat632.github.io count=46
[index Sat Aug 15 01:00:02 PM IST 2026] live URL: https://bhaveshkumawat632.github.io
indexnow (46 urls): HTTP 200 (200/202 = accepted)
google ping: 404 (deprecated by Google — use Search Console)
bing ping:   410 (deprecated — IndexNow above is what counts)
[index Sat Aug 15 01:00:04 PM IST 2026] done url=https://bhaveshkumawat632.github.io count=46
[index Sat Aug 15 02:00:01 PM IST 2026] live URL: https://bhaveshkumawat632.github.io
indexnow (46 urls): HTTP 200 (200/202 = accepted)
google ping: 404 (deprecated by Google — use Search Console)
bing ping:   410 (deprecated — IndexNow above is what counts)
[index Sat Aug 15 02:00:03 PM IST 2026] done url=https://bhaveshkumawat632.github.io count=46
[index Sat Aug 15 03:00:01 PM IST 2026] live URL: https://bhaveshkumawat632.github.io
indexnow (46 urls): HTTP 200 (200/202 = accepted)
google ping: 404 (deprecated by Google — use Search Console)
bing ping:   410 (deprecated — IndexNow above is what counts)
[index Sat Aug 15 03:00:03 PM IST 2026] done url=https://bhaveshkumawat632.github.io count=46
[index Sat Aug 15 04:00:01 PM IST 2026] live URL: https://bhaveshkumawat632.github.io
indexnow (46 urls): HTTP 200 (200/202 = accepted)
google ping: 404 (deprecated by Google — use Search Console)
bing ping:   410 (deprecated — IndexNow above is what counts)
[index Sat Aug 15 04:00:03 PM IST 2026] done url=https://bhaveshkumawat632.github.io count=46
[index Sat Aug 15 05:00:02 PM IST 2026] live URL: https://bhaveshkumawat632.github.io
indexnow (46 urls): HTTP 200 (200/202 = accepted)
google ping: 404 (deprecated by Google — use Search Console)
bing ping:   410 (deprecated — IndexNow above is what counts)
[index Sat Aug 15 05:00:03 PM IST 2026] done url=https://bhaveshkumawat632.github.io count=46
[index Sat Aug 15 06:00:01 PM IST 2026] live URL: https://bhaveshkumawat632.github.io
indexnow (46 urls): HTTP 200 (200/202 = accepted)
google ping: 404 (deprecated by Google — use Search Console)
bing ping:   410 (deprecated — IndexNow above is what counts)
[index Sat Aug 15 06:00:03 PM IST 2026] done url=https://bhaveshkumawat632.github.io count=46
[index Sat Aug 15 06:23:53 PM IST 2026] done url=https://bhaveshkumawat632.github.io count=66
[index Sat Aug 15 07:00:01 PM IST 2026] live URL: https://bhaveshkumawat632.github.io
indexnow (66 urls): HTTP 200 (200/202 = accepted)
google ping: 404 (deprecated by Google — use Search Console)
bing ping:   410 (deprecated — IndexNow above is what counts)
[index Sat Aug 15 07:00:03 PM IST 2026] done url=https://bhaveshkumawat632.github.io count=66
[index Sat Aug 15 08:00:02 PM IST 2026] live URL: https://bhaveshkumawat632.github.io
indexnow (66 urls): HTTP 200 (200/202 = accepted)
google ping: 404 (deprecated by Google — use Search Console)
bing ping:   410 (deprecated — IndexNow above is what counts)
[index Sat Aug 15 08:00:04 PM IST 2026] done url=https://bhaveshkumawat632.github.io count=66
[index Sat Aug 15 09:00:01 PM IST 2026] live URL: https://bhaveshkumawat632.github.io
indexnow (66 urls): HTTP 200 (200/202 = accepted)
google ping: 404 (deprecated by Google — use Search Console)
bing ping:   410 (deprecated — IndexNow above is what counts)
[index Sat Aug 15 09:00:03 PM IST 2026] done url=https://bhaveshkumawat632.github.io count=66
[index Sat Aug 15 10:00:01 PM IST 2026] live URL: https://bhaveshkumawat632.github.io
indexnow (66 urls): HTTP 200 (200/202 = accepted)
google ping: 404 (deprecated by Google — use Search Console)
bing ping:   410 (deprecated — IndexNow above is what counts)
[index Sat Aug 15 10:00:03 PM IST 2026] done url=https://bhaveshkumawat632.github.io count=66
[index Sat Aug 15 11:00:02 PM IST 2026] live URL: https://bhaveshkumawat632.github.io
indexnow (66 urls): HTTP 200 (200/202 = accepted)
google ping: 404 (deprecated by Google — use Search Console)
bing ping:   410 (deprecated — IndexNow above is what counts)
[index Sat Aug 15 11:00:03 PM IST 2026] done url=https://bhaveshkumawat632.github.io count=66
[index Sun Aug 16 12:00:01 AM IST 2026] live URL: https://bhaveshkumawat632.github.io
indexnow (66 urls): HTTP 200 (200/202 = accepted)
google ping: 404 (deprecated by Google — use Search Console)
bing ping:   410 (deprecated — IndexNow above is what counts)
[index Sun Aug 16 12:00:04 AM IST 2026] done url=https://bhaveshkumawat632.github.io count=66
[index Sun Aug 16 01:00:01 AM IST 2026] live URL: https://bhaveshkumawat632.github.io
indexnow (66 urls): HTTP 200 (200/202 = accepted)
google ping: 404 (deprecated by Google — use Search Console)
bing ping:   410 (deprecated — IndexNow above is what counts)
[index Sun Aug 16 01:00:03 AM IST 2026] done url=https://bhaveshkumawat632.github.io count=66
[index Sun Aug 16 02:00:01 AM IST 2026] live URL: https://bhaveshkumawat632.github.io
indexnow (66 urls): HTTP 200 (200/202 = accepted)
google ping: 404 (deprecated by Google — use Search Console)
bing ping:   410 (deprecated — IndexNow above is what counts)
[index Sun Aug 16 02:00:02 AM IST 2026] done url=https://bhaveshkumawat632.github.io count=66
[index Sun Aug 16 03:00:02 AM IST 2026] live URL: https://bhaveshkumawat632.github.io
indexnow (66 urls): HTTP 200 (200/202 = accepted)
google ping: 404 (deprecated by Google — use Search Console)
bing ping:   410 (deprecated — IndexNow above is what counts)
[index Sun Aug 16 03:00:04 AM IST 2026] done url=https://bhaveshkumawat632.github.io count=66
[index Sun Aug 16 04:00:01 AM IST 2026] live URL: https://bhaveshkumawat632.github.io
indexnow (66 urls): HTTP 200 (200/202 = accepted)
google ping: 404 (deprecated by Google — use Search Console)
bing ping:   410 (deprecated — IndexNow above is what counts)
[index Sun Aug 16 04:00:03 AM IST 2026] done url=https://bhaveshkumawat632.github.io count=66
[index Sun Aug 16 05:00:01 AM IST 2026] live URL: https://bhaveshkumawat632.github.io
indexnow (66 urls): HTTP 200 (200/202 = accepted)
google ping: 404 (deprecated by Google — use Search Console)
bing ping:   410 (deprecated — IndexNow above is what counts)
[index Sun Aug 16 05:00:02 AM IST 2026] done url=https://bhaveshkumawat632.github.io count=66
[index Sun Aug 16 06:00:02 AM IST 2026] live URL: https://bhaveshkumawat632.github.io
indexnow (66 urls): HTTP 200 (200/202 = accepted)
google ping: 404 (deprecated by Google — use Search Console)
bing ping:   410 (deprecated — IndexNow above is what counts)
[index Sun Aug 16 06:00:04 AM IST 2026] done url=https://bhaveshkumawat632.github.io count=66
[index Sun Aug 16 07:00:01 AM IST 2026] live URL: https://bhaveshkumawat632.github.io
indexnow (66 urls): HTTP 200 (200/202 = accepted)
google ping: 404 (deprecated by Google — use Search Console)
bing ping:   410 (deprecated — IndexNow above is what counts)
[index Sun Aug 16 07:00:03 AM IST 2026] done url=https://bhaveshkumawat632.github.io count=66
[index Sun Aug 16 08:00:01 AM IST 2026] live URL: https://bhaveshkumawat632.github.io
indexnow (66 urls): HTTP 200 (200/202 = accepted)
google ping: 404 (deprecated by Google — use Search Console)
bing ping:   410 (deprecated — IndexNow above is what counts)
[index Sun Aug 16 08:00:03 AM IST 2026] done url=https://bhaveshkumawat632.github.io count=66
[index Sun Aug 16 09:00:01 AM IST 2026] live URL: https://bhaveshkumawat632.github.io
indexnow (66 urls): HTTP 200 (200/202 = accepted)
google ping: 404 (deprecated by Google — use Search Console)
bing ping:   410 (deprecated — IndexNow above is what counts)
[index Sun Aug 16 09:00:03 AM IST 2026] done url=https://bhaveshkumawat632.github.io count=66
[index Sun Aug 16 10:00:01 AM IST 2026] live URL: https://bhaveshkumawat632.github.io
indexnow (66 urls): HTTP 200 (200/202 = accepted)
google ping: 404 (deprecated by Google — use Search Console)
bing ping:   410 (deprecated — IndexNow above is what counts)
[index Sun Aug 16 10:00:02 AM IST 2026] done url=https://bhaveshkumawat632.github.io count=66
[index Sun Aug 16 11:00:01 AM IST 2026] live URL: https://bhaveshkumawat632.github.io
indexnow (66 urls): HTTP 200 (200/202 = accepted)
google ping: 404 (deprecated by Google — use Search Console)
bing ping:   410 (deprecated — IndexNow above is what counts)
[index Sun Aug 16 11:00:03 AM IST 2026] done url=https://bhaveshkumawat632.github.io count=66
[index Sun Aug 16 12:00:01 PM IST 2026] live URL: https://bhaveshkumawat632.github.io
indexnow (66 urls): HTTP 200 (200/202 = accepted)
google ping: 404 (deprecated by Google — use Search Console)
bing ping:   410 (deprecated — IndexNow above is what counts)
[index Sun Aug 16 12:00:03 PM IST 2026] done url=https://bhaveshkumawat632.github.io count=66
[index Sun Aug 16 01:00:01 PM IST 2026] live URL: https://bhaveshkumawat632.github.io
indexnow (66 urls): HTTP 200 (200/202 = accepted)
google ping: 404 (deprecated by Google — use Search Console)
bing ping:   410 (deprecated — IndexNow above is what counts)
[index Sun Aug 16 01:00:04 PM IST 2026] done url=https://bhaveshkumawat632.github.io count=66
[index Sun Aug 16 02:00:01 PM IST 2026] live URL: https://bhaveshkumawat632.github.io
indexnow (66 urls): HTTP 200 (200/202 = accepted)
google ping: 404 (deprecated by Google — use Search Console)
bing ping:   410 (deprecated — IndexNow above is what counts)
[index Sun Aug 16 02:00:03 PM IST 2026] done url=https://bhaveshkumawat632.github.io count=66
[index Sun Aug 16 03:00:01 PM IST 2026] live URL: https://bhaveshkumawat632.github.io
indexnow (66 urls): HTTP 200 (200/202 = accepted)
google ping: 404 (deprecated by Google — use Search Console)
bing ping:   410 (deprecated — IndexNow above is what counts)
[index Sun Aug 16 03:00:02 PM IST 2026] done url=https://bhaveshkumawat632.github.io count=66
[index Sun Aug 16 04:00:01 PM IST 2026] live URL: https://bhaveshkumawat632.github.io
indexnow (66 urls): HTTP 200 (200/202 = accepted)
google ping: 404 (deprecated by Google — use Search Console)
bing ping:   410 (deprecated — IndexNow above is what counts)
[index Sun Aug 16 04:00:02 PM IST 2026] done url=https://bhaveshkumawat632.github.io count=66
[index Sun Aug 16 05:00:01 PM IST 2026] live URL: https://bhaveshkumawat632.github.io
indexnow (66 urls): HTTP 200 (200/202 = accepted)
google ping: 404 (deprecated by Google — use Search Console)
bing ping:   410 (deprecated — IndexNow above is what counts)
[index Sun Aug 16 05:00:02 PM IST 2026] done url=https://bhaveshkumawat632.github.io count=66
[index Sun Aug 16 06:00:01 PM IST 2026] live URL: https://bhaveshkumawat632.github.io
indexnow (66 urls): HTTP 200 (200/202 = accepted)
google ping: 404 (deprecated by Google — use Search Console)
bing ping:   410 (deprecated — IndexNow above is what counts)
[index Sun Aug 16 06:00:03 PM IST 2026] done url=https://bhaveshkumawat632.github.io count=66
[index Sun Aug 16 07:00:01 PM IST 2026] live URL: https://bhaveshkumawat632.github.io
indexnow (66 urls): HTTP 200 (200/202 = accepted)
google ping: 404 (deprecated by Google — use Search Console)
bing ping:   410 (deprecated — IndexNow above is what counts)
[index Sun Aug 16 07:00:03 PM IST 2026] done url=https://bhaveshkumawat632.github.io count=66
[index Sun Aug 16 08:00:01 PM IST 2026] live URL: https://bhaveshkumawat632.github.io
indexnow (66 urls): HTTP 200 (200/202 = accepted)
google ping: 404 (deprecated by Google — use Search Console)
bing ping:   410 (deprecated — IndexNow above is what counts)
[index Sun Aug 16 08:00:02 PM IST 2026] done url=https://bhaveshkumawat632.github.io count=66
[index Sun Aug 16 09:00:01 PM IST 2026] live URL: https://bhaveshkumawat632.github.io
indexnow (66 urls): HTTP 200 (200/202 = accepted)
google ping: 404 (deprecated by Google — use Search Console)
bing ping:   410 (deprecated — IndexNow above is what counts)
[index Sun Aug 16 09:00:04 PM IST 2026] done url=https://bhaveshkumawat632.github.io count=66
[index Sun Aug 16 10:00:01 PM IST 2026] live URL: https://bhaveshkumawat632.github.io
indexnow (66 urls): HTTP 200 (200/202 = accepted)
google ping: 404 (deprecated by Google — use Search Console)
bing ping:   410 (deprecated — IndexNow above is what counts)
[index Sun Aug 16 10:00:03 PM IST 2026] done url=https://bhaveshkumawat632.github.io count=66
[index Sun Aug 16 11:00:01 PM IST 2026] live URL: https://bhaveshkumawat632.github.io
indexnow (66 urls): HTTP 200 (200/202 = accepted)
google ping: 404 (deprecated by Google — use Search Console)
bing ping:   410 (deprecated — IndexNow above is what counts)
[index Sun Aug 16 11:00:03 PM IST 2026] done url=https://bhaveshkumawat632.github.io count=66
[index Mon Aug 17 12:00:01 AM IST 2026] live URL: https://bhaveshkumawat632.github.io
indexnow (66 urls): HTTP 200 (200/202 = accepted)
google ping: 404 (deprecated by Google — use Search Console)
bing ping:   410 (deprecated — IndexNow above is what counts)
[index Mon Aug 17 12:00:03 AM IST 2026] done url=https://bhaveshkumawat632.github.io count=66
[index Mon Aug 17 01:00:01 AM IST 2026] live URL: https://bhaveshkumawat632.github.io
indexnow (66 urls): HTTP 200 (200/202 = accepted)
google ping: 404 (deprecated by Google — use Search Console)
bing ping:   410 (deprecated — IndexNow above is what counts)
[index Mon Aug 17 01:00:02 AM IST 2026] done url=https://bhaveshkumawat632.github.io count=66
[index Mon Aug 17 02:00:01 AM IST 2026] live URL: https://bhaveshkumawat632.github.io
indexnow (66 urls): HTTP 200 (200/202 = accepted)
google ping: 404 (deprecated by Google — use Search Console)
bing ping:   410 (deprecated — IndexNow above is what counts)
[index Mon Aug 17 02:00:03 AM IST 2026] done url=https://bhaveshkumawat632.github.io count=66
[index Mon Aug 17 03:00:01 AM IST 2026] live URL: https://bhaveshkumawat632.github.io
indexnow (66 urls): HTTP 200 (200/202 = accepted)
google ping: 404 (deprecated by Google — use Search Console)
bing ping:   410 (deprecated — IndexNow above is what counts)
[index Mon Aug 17 03:00:02 AM IST 2026] done url=https://bhaveshkumawat632.github.io count=66
[index Mon Aug 17 04:00:02 AM IST 2026] live URL: https://bhaveshkumawat632.github.io
indexnow (66 urls): HTTP 200 (200/202 = accepted)
google ping: 404 (deprecated by Google — use Search Console)
bing ping:   410 (deprecated — IndexNow above is what counts)
[index Mon Aug 17 04:00:03 AM IST 2026] done url=https://bhaveshkumawat632.github.io count=66
[index Mon Aug 17 05:00:01 AM IST 2026] live URL: https://bhaveshkumawat632.github.io
indexnow (66 urls): HTTP 200 (200/202 = accepted)
google ping: 404 (deprecated by Google — use Search Console)
bing ping:   410 (deprecated — IndexNow above is what counts)
[index Mon Aug 17 05:00:03 AM IST 2026] done url=https://bhaveshkumawat632.github.io count=66
[index Mon Aug 17 06:00:01 AM IST 2026] live URL: https://bhaveshkumawat632.github.io
indexnow (66 urls): HTTP 200 (200/202 = accepted)
google ping: 404 (deprecated by Google — use Search Console)
bing ping:   410 (deprecated — IndexNow above is what counts)
[index Mon Aug 17 06:00:03 AM IST 2026] done url=https://bhaveshkumawat632.github.io count=66
[index Mon Aug 17 07:00:01 AM IST 2026] live URL: https://bhaveshkumawat632.github.io
indexnow (66 urls): HTTP 200 (200/202 = accepted)
google ping: 404 (deprecated by Google — use Search Console)
bing ping:   410 (deprecated — IndexNow above is what counts)
[index Mon Aug 17 07:00:03 AM IST 2026] done url=https://bhaveshkumawat632.github.io count=66
[index Mon Aug 17 08:00:01 AM IST 2026] live URL: https://bhaveshkumawat632.github.io
indexnow (66 urls): HTTP 200 (200/202 = accepted)
google ping: 404 (deprecated by Google — use Search Console)
bing ping:   410 (deprecated — IndexNow above is what counts)
[index Mon Aug 17 08:00:02 AM IST 2026] done url=https://bhaveshkumawat632.github.io count=66
[index Mon Aug 17 09:00:01 AM IST 2026] live URL: https://bhaveshkumawat632.github.io
indexnow (66 urls): HTTP 200 (200/202 = accepted)
google ping: 404 (deprecated by Google — use Search Console)
bing ping:   410 (deprecated — IndexNow above is what counts)
[index Mon Aug 17 09:00:03 AM IST 2026] done url=https://bhaveshkumawat632.github.io count=66
[index Mon Aug 17 10:00:01 AM IST 2026] live URL: https://bhaveshkumawat632.github.io
indexnow (66 urls): HTTP 200 (200/202 = accepted)
google ping: 404 (deprecated by Google — use Search Console)
bing ping:   410 (deprecated — IndexNow above is what counts)
[index Mon Aug 17 10:00:02 AM IST 2026] done url=https://bhaveshkumawat632.github.io count=66
[index Mon Aug 17 11:00:01 AM IST 2026] live URL: https://bhaveshkumawat632.github.io
indexnow (66 urls): HTTP 200 (200/202 = accepted)
google ping: 404 (deprecated by Google — use Search Console)
bing ping:   410 (deprecated — IndexNow above is what counts)
[index Mon Aug 17 11:00:04 AM IST 2026] done url=https://bhaveshkumawat632.github.io count=66
[index Mon Aug 17 12:00:01 PM IST 2026] live URL: https://bhaveshkumawat632.github.io
indexnow (66 urls): HTTP 200 (200/202 = accepted)
google ping: 404 (deprecated by Google — use Search Console)
bing ping:   410 (deprecated — IndexNow above is what counts)
[index Mon Aug 17 12:00:03 PM IST 2026] done url=https://bhaveshkumawat632.github.io count=66
[index Mon Aug 17 01:00:01 PM IST 2026] live URL: https://bhaveshkumawat632.github.io
indexnow (66 urls): HTTP 200 (200/202 = accepted)
google ping: 404 (deprecated by Google — use Search Console)
bing ping:   410 (deprecated — IndexNow above is what counts)
[index Mon Aug 17 01:00:03 PM IST 2026] done url=https://bhaveshkumawat632.github.io count=66
[index Mon Aug 17 02:00:01 PM IST 2026] live URL: https://bhaveshkumawat632.github.io
indexnow (66 urls): HTTP 200 (200/202 = accepted)
google ping: 404 (deprecated by Google — use Search Console)
bing ping:   410 (deprecated — IndexNow above is what counts)
[index Mon Aug 17 02:00:03 PM IST 2026] done url=https://bhaveshkumawat632.github.io count=66
[index Mon Aug 17 03:00:01 PM IST 2026] live URL: https://bhaveshkumawat632.github.io
indexnow (66 urls): HTTP 200 (200/202 = accepted)
google ping: 404 (deprecated by Google — use Search Console)
bing ping:   410 (deprecated — IndexNow above is what counts)
[index Mon Aug 17 03:00:04 PM IST 2026] done url=https://bhaveshkumawat632.github.io count=66
[index Mon Aug 17 04:00:02 PM IST 2026] live URL: https://bhaveshkumawat632.github.io
indexnow (66 urls): HTTP 200 (200/202 = accepted)
google ping: 404 (deprecated by Google — use Search Console)
bing ping:   410 (deprecated — IndexNow above is what counts)
[index Mon Aug 17 04:00:03 PM IST 2026] done url=https://bhaveshkumawat632.github.io count=66
[index Mon Aug 17 05:00:01 PM IST 2026] live URL: https://bhaveshkumawat632.github.io
indexnow (66 urls): HTTP 200 (200/202 = accepted)
google ping: 404 (deprecated by Google — use Search Console)
bing ping:   410 (deprecated — IndexNow above is what counts)
[index Mon Aug 17 05:00:03 PM IST 2026] done url=https://bhaveshkumawat632.github.io count=66
[index Mon Aug 17 06:00:01 PM IST 2026] live URL: https://bhaveshkumawat632.github.io
indexnow (66 urls): HTTP 200 (200/202 = accepted)
google ping: 404 (deprecated by Google — use Search Console)
bing ping:   410 (deprecated — IndexNow above is what counts)
[index Mon Aug 17 06:00:03 PM IST 2026] done url=https://bhaveshkumawat632.github.io count=66
[index Mon Aug 17 07:00:01 PM IST 2026] live URL: https://bhaveshkumawat632.github.io
indexnow (66 urls): HTTP 200 (200/202 = accepted)
google ping: 404 (deprecated by Google — use Search Console)
bing ping:   410 (deprecated — IndexNow above is what counts)
[index Mon Aug 17 07:00:03 PM IST 2026] done url=https://bhaveshkumawat632.github.io count=66
[index Mon Aug 17 08:00:01 PM IST 2026] live URL: https://bhaveshkumawat632.github.io
indexnow (66 urls): HTTP 200 (200/202 = accepted)
google ping: 404 (deprecated by Google — use Search Console)
bing ping:   410 (deprecated — IndexNow above is what counts)
[index Mon Aug 17 08:00:02 PM IST 2026] done url=https://bhaveshkumawat632.github.io count=66
[index Mon Aug 17 09:00:01 PM IST 2026] live URL: https://bhaveshkumawat632.github.io
indexnow (66 urls): HTTP 200 (200/202 = accepted)
google ping: 404 (deprecated by Google — use Search Console)
bing ping:   410 (deprecated — IndexNow above is what counts)
[index Mon Aug 17 09:00:03 PM IST 2026] done url=https://bhaveshkumawat632.github.io count=66
[index Mon Aug 17 10:00:01 PM IST 2026] live URL: https://bhaveshkumawat632.github.io
indexnow (66 urls): HTTP 200 (200/202 = accepted)
google ping: 404 (deprecated by Google — use Search Console)
bing ping:   410 (deprecated — IndexNow above is what counts)
[index Mon Aug 17 10:00:04 PM IST 2026] done url=https://bhaveshkumawat632.github.io count=66
[index Mon Aug 17 11:00:01 PM IST 2026] live URL: https://bhaveshkumawat632.github.io
indexnow (66 urls): HTTP 200 (200/202 = accepted)
google ping: 404 (deprecated by Google — use Search Console)
bing ping:   410 (deprecated — IndexNow above is what counts)
[index Mon Aug 17 11:00:03 PM IST 2026] done url=https://bhaveshkumawat632.github.io count=66
[index Tue Aug 18 12:00:01 AM IST 2026] live URL: https://bhaveshkumawat632.github.io
indexnow (66 urls): HTTP 200 (200/202 = accepted)
google ping: 404 (deprecated by Google — use Search Console)
bing ping:   410 (deprecated — IndexNow above is what counts)
[index Tue Aug 18 12:00:03 AM IST 2026] done url=https://bhaveshkumawat632.github.io count=66
[index Tue Aug 18 01:00:01 AM IST 2026] live URL: https://bhaveshkumawat632.github.io
indexnow (66 urls): HTTP 200 (200/202 = accepted)
google ping: 404 (deprecated by Google — use Search Console)
bing ping:   410 (deprecated — IndexNow above is what counts)
[index Tue Aug 18 01:00:03 AM IST 2026] done url=https://bhaveshkumawat632.github.io count=66
[index Tue Aug 18 02:00:01 AM IST 2026] live URL: https://bhaveshkumawat632.github.io
indexnow (66 urls): HTTP 200 (200/202 = accepted)
google ping: 404 (deprecated by Google — use Search Console)
bing ping:   410 (deprecated — IndexNow above is what counts)
[index Tue Aug 18 02:00:03 AM IST 2026] done url=https://bhaveshkumawat632.github.io count=66
[index Tue Aug 18 03:00:01 AM IST 2026] live URL: https://bhaveshkumawat632.github.io
./index_now.sh: line 53: printf: No space left on device
./index_now.sh: line 53: printf: write error: No space left on device
indexnow (66 urls): HTTP 200 (200/202 = accepted)
google ping: 404 (deprecated by Google — use Search Console)
bing ping:   410 (deprecated — IndexNow above is what counts)
[index Tue Aug 18 03:00:03 AM IST 2026] done url=https://bhaveshkumawat632.github.io count=66
[index Tue Aug 18 04:00:01 AM IST 2026] live URL: https://bhaveshkumawat632.github.io
./index_now.sh: line 53: printf: No space left on device
./index_now.sh: line 53: printf: write error: No space left on device
indexnow (66 urls): HTTP 200 (200/202 = accepted)
google ping: 404 (deprecated by Google — use Search Console)
bing ping:   410 (deprecated — IndexNow above is what counts)
[index Tue Aug 18 04:00:02 AM IST 2026] done url=https://bhaveshkumawat632.github.io count=66
[index Tue Aug 18 05:00:01 AM IST 2026] live URL: https://bhaveshkumawat632.github.io
./index_now.sh: line 53: printf: No space left on device
./index_now.sh: line 53: printf: write error: No space left on device
indexnow (66 urls): HTTP 200 (200/202 = accepted)
google ping: 404 (deprecated by Google — use Search Console)
bing ping:   410 (deprecated — IndexNow above is what counts)
[index Tue Aug 18 05:00:03 AM IST 2026] done url=https://bhaveshkumawat632.github.io count=66
[index Tue Aug 18 06:00:01 AM IST 2026] live URL: https://bhaveshkumawat632.github.io
./index_now.sh: line 53: printf: No space left on device
./index_now.sh: line 53: printf: write error: No space left on device
indexnow (66 urls): HTTP 200 (200/202 = accepted)
google ping: 404 (deprecated by Google — use Search Console)
bing ping:   410 (deprecated — IndexNow above is what counts)
[index Tue Aug 18 06:00:03 AM IST 2026] done url=https://bhaveshkumawat632.github.io count=66
[index Tue Aug 18 07:00:01 AM IST 2026] live URL: https://bhaveshkumawat632.github.io
./index_now.sh: line 53: printf: No space left on device
./index_now.sh: line 53: printf: write error: No space left on device
indexnow (66 urls): HTTP 200 (200/202 = accepted)
google ping: 404 (deprecated by Google — use Search Console)
bing ping:   410 (deprecated — IndexNow above is what counts)
[index Tue Aug 18 07:00:03 AM IST 2026] done url=https://bhaveshkumawat632.github.io count=66
[index Tue Aug 18 08:00:01 AM IST 2026] live URL: https://bhaveshkumawat632.github.io
./index_now.sh: line 53: printf: No space left on device
./index_now.sh: line 53: printf: write error: No space left on device
indexnow (66 urls): HTTP 200 (200/202 = accepted)
google ping: 404 (deprecated by Google — use Search Console)
bing ping:   410 (deprecated — IndexNow above is what counts)
[index Tue Aug 18 08:00:03 AM IST 2026] done url=https://bhaveshkumawat632.github.io count=66
[index Tue Aug 18 09:00:01 AM IST 2026] live URL: https://bhaveshkumawat632.github.io
./index_now.sh: line 53: printf: No space left on device
./index_now.sh: line 53: printf: write error: No space left on device
indexnow (66 urls): HTTP 200 (200/202 = accepted)
google ping: 404 (deprecated by Google — use Search Console)
bing ping:   410 (deprecated — IndexNow above is what counts)
[index Tue Aug 18 09:00:03 AM IST 2026] done url=https://bhaveshkumawat632.github.io count=66
[index Tue Aug 18 10:00:01 AM IST 2026] live URL: https://bhaveshkumawat632.github.io
indexnow (66 urls): HTTP 200 (200/202 = accepted)
google ping: 404 (deprecated by Google — use Search Console)
bing ping:   410 (deprecated — IndexNow above is what counts)
[index Tue Aug 18 10:00:03 AM IST 2026] done url=https://bhaveshkumawat632.github.io count=66
[index Tue Aug 18 11:00:01 AM IST 2026] live URL: https://bhaveshkumawat632.github.io
indexnow (66 urls): HTTP 200 (200/202 = accepted)
google ping: 404 (deprecated by Google — use Search Console)
bing ping:   410 (deprecated — IndexNow above is what counts)
[index Tue Aug 18 11:00:03 AM IST 2026] done url=https://bhaveshkumawat632.github.io count=66
[index Tue Aug 18 12:00:02 PM IST 2026] live URL: https://bhaveshkumawat632.github.io
indexnow (66 urls): HTTP 200 (200/202 = accepted)
google ping: 404 (deprecated by Google — use Search Console)
bing ping:   410 (deprecated — IndexNow above is what counts)
[index Tue Aug 18 12:00:03 PM IST 2026] done url=https://bhaveshkumawat632.github.io count=66
[index Tue Aug 18 01:00:01 PM IST 2026] live URL: https://bhaveshkumawat632.github.io
indexnow (66 urls): HTTP 200 (200/202 = accepted)
google ping: 404 (deprecated by Google — use Search Console)
bing ping:   410 (deprecated — IndexNow above is what counts)
[index Tue Aug 18 01:00:04 PM IST 2026] done url=https://bhaveshkumawat632.github.io count=66
[index Tue Aug 18 02:00:01 PM IST 2026] live URL: https://bhaveshkumawat632.github.io
indexnow (66 urls): HTTP 200 (200/202 = accepted)
google ping: 404 (deprecated by Google — use Search Console)
bing ping:   410 (deprecated — IndexNow above is what counts)
[index Tue Aug 18 02:00:03 PM IST 2026] done url=https://bhaveshkumawat632.github.io count=66
[index Tue Aug 18 03:00:01 PM IST 2026] live URL: https://bhaveshkumawat632.github.io
indexnow (66 urls): HTTP 200 (200/202 = accepted)
google ping: 404 (deprecated by Google — use Search Console)
bing ping:   410 (deprecated — IndexNow above is what counts)
[index Tue Aug 18 03:00:03 PM IST 2026] done url=https://bhaveshkumawat632.github.io count=66
[index Tue Aug 18 04:00:01 PM IST 2026] live URL: https://bhaveshkumawat632.github.io
indexnow (66 urls): HTTP 200 (200/202 = accepted)
google ping: 404 (deprecated by Google — use Search Console)
bing ping:   410 (deprecated — IndexNow above is what counts)
[index Tue Aug 18 04:00:03 PM IST 2026] done url=https://bhaveshkumawat632.github.io count=66
[index Tue Aug 18 05:00:01 PM IST 2026] live URL: https://bhaveshkumawat632.github.io
indexnow (66 urls): HTTP 200 (200/202 = accepted)
google ping: 404 (deprecated by Google — use Search Console)
bing ping:   410 (deprecated — IndexNow above is what counts)
[index Tue Aug 18 05:00:02 PM IST 2026] done url=https://bhaveshkumawat632.github.io count=66
[index Tue Aug 18 06:00:01 PM IST 2026] live URL: https://bhaveshkumawat632.github.io
indexnow (66 urls): HTTP 200 (200/202 = accepted)
google ping: 404 (deprecated by Google — use Search Console)
bing ping:   410 (deprecated — IndexNow above is what counts)
[index Tue Aug 18 06:00:03 PM IST 2026] done url=https://bhaveshkumawat632.github.io count=66
[index Tue Aug 18 07:00:01 PM IST 2026] live URL: https://bhaveshkumawat632.github.io
indexnow (66 urls): HTTP 200 (200/202 = accepted)
google ping: 404 (deprecated by Google — use Search Console)
bing ping:   410 (deprecated — IndexNow above is what counts)
[index Tue Aug 18 07:00:07 PM IST 2026] done url=https://bhaveshkumawat632.github.io count=66
[index Tue Aug 18 08:00:01 PM IST 2026] live URL: https://bhaveshkumawat632.github.io
indexnow (66 urls): HTTP 200 (200/202 = accepted)
google ping: 404 (deprecated by Google — use Search Console)
bing ping:   410 (deprecated — IndexNow above is what counts)
[index Tue Aug 18 08:00:03 PM IST 2026] done url=https://bhaveshkumawat632.github.io count=66
[index Tue Aug 18 09:00:01 PM IST 2026] live URL: https://bhaveshkumawat632.github.io
indexnow (66 urls): HTTP 200 (200/202 = accepted)
google ping: 404 (deprecated by Google — use Search Console)
bing ping:   410 (deprecated — IndexNow above is what counts)
[index Tue Aug 18 09:00:03 PM IST 2026] done url=https://bhaveshkumawat632.github.io count=66
[index Tue Aug 18 10:00:02 PM IST 2026] live URL: https://bhaveshkumawat632.github.io
indexnow (66 urls): HTTP 200 (200/202 = accepted)
google ping: 404 (deprecated by Google — use Search Console)
bing ping:   410 (deprecated — IndexNow above is what counts)
[index Tue Aug 18 10:00:03 PM IST 2026] done url=https://bhaveshkumawat632.github.io count=66
[index Tue Aug 18 11:00:01 PM IST 2026] live URL: https://bhaveshkumawat632.github.io
indexnow (66 urls): HTTP 200 (200/202 = accepted)
google ping: 404 (deprecated by Google — use Search Console)
bing ping:   410 (deprecated — IndexNow above is what counts)
[index Tue Aug 18 11:00:03 PM IST 2026] done url=https://bhaveshkumawat632.github.io count=66
[index Wed Aug 19 12:00:01 AM IST 2026] live URL: https://bhaveshkumawat632.github.io
indexnow (66 urls): HTTP 200 (200/202 = accepted)
google ping: 404 (deprecated by Google — use Search Console)
bing ping:   410 (deprecated — IndexNow above is what counts)
[index Wed Aug 19 12:00:03 AM IST 2026] done url=https://bhaveshkumawat632.github.io count=66
[index Wed Aug 19 01:00:01 AM IST 2026] live URL: https://bhaveshkumawat632.github.io
indexnow (66 urls): HTTP 200 (200/202 = accepted)
google ping: 404 (deprecated by Google — use Search Console)
bing ping:   410 (deprecated — IndexNow above is what counts)
[index Wed Aug 19 01:00:02 AM IST 2026] done url=https://bhaveshkumawat632.github.io count=66
[index Wed Aug 19 02:00:01 AM IST 2026] live URL: https://bhaveshkumawat632.github.io
indexnow (66 urls): HTTP 200 (200/202 = accepted)
google ping: 404 (deprecated by Google — use Search Console)
bing ping:   410 (deprecated — IndexNow above is what counts)
[index Wed Aug 19 02:00:03 AM IST 2026] done url=https://bhaveshkumawat632.github.io count=66
[index Wed Aug 19 03:00:01 AM IST 2026] live URL: https://bhaveshkumawat632.github.io
indexnow (66 urls): HTTP 200 (200/202 = accepted)
google ping: 404 (deprecated by Google — use Search Console)
bing ping:   410 (deprecated — IndexNow above is what counts)
[index Wed Aug 19 03:00:03 AM IST 2026] done url=https://bhaveshkumawat632.github.io count=66
[index Wed Aug 19 04:00:01 AM IST 2026] live URL: https://bhaveshkumawat632.github.io
indexnow (66 urls): HTTP 200 (200/202 = accepted)
google ping: 404 (deprecated by Google — use Search Console)
bing ping:   410 (deprecated — IndexNow above is what counts)
[index Wed Aug 19 04:00:03 AM IST 2026] done url=https://bhaveshkumawat632.github.io count=66
[index Wed Aug 19 05:00:01 AM IST 2026] live URL: https://bhaveshkumawat632.github.io
indexnow (66 urls): HTTP 200 (200/202 = accepted)
google ping: 404 (deprecated by Google — use Search Console)
bing ping:   410 (deprecated — IndexNow above is what counts)
[index Wed Aug 19 05:00:03 AM IST 2026] done url=https://bhaveshkumawat632.github.io count=66
[index Wed Aug 19 06:00:01 AM IST 2026] live URL: https://bhaveshkumawat632.github.io
indexnow (66 urls): HTTP 200 (200/202 = accepted)
google ping: 404 (deprecated by Google — use Search Console)
bing ping:   410 (deprecated — IndexNow above is what counts)
[index Wed Aug 19 06:00:03 AM IST 2026] done url=https://bhaveshkumawat632.github.io count=66
[index Wed Aug 19 07:00:01 AM IST 2026] live URL: https://bhaveshkumawat632.github.io
indexnow (66 urls): HTTP 200 (200/202 = accepted)
google ping: 404 (deprecated by Google — use Search Console)
bing ping:   410 (deprecated — IndexNow above is what counts)
[index Wed Aug 19 07:00:03 AM IST 2026] done url=https://bhaveshkumawat632.github.io count=66
[index Wed Aug 19 08:00:01 AM IST 2026] live URL: https://bhaveshkumawat632.github.io
indexnow (66 urls): HTTP 200 (200/202 = accepted)
google ping: 404 (deprecated by Google — use Search Console)
bing ping:   410 (deprecated — IndexNow above is what counts)
[index Wed Aug 19 08:00:03 AM IST 2026] done url=https://bhaveshkumawat632.github.io count=66
[index Wed Aug 19 09:00:01 AM IST 2026] live URL: https://bhaveshkumawat632.github.io
indexnow (66 urls): HTTP 200 (200/202 = accepted)
google ping: 404 (deprecated by Google — use Search Console)
bing ping:   410 (deprecated — IndexNow above is what counts)
[index Wed Aug 19 09:00:03 AM IST 2026] done url=https://bhaveshkumawat632.github.io count=66
[index Wed Aug 19 10:00:01 AM IST 2026] live URL: https://bhaveshkumawat632.github.io
indexnow (66 urls): HTTP 200 (200/202 = accepted)
google ping: 404 (deprecated by Google — use Search Console)
bing ping:   410 (deprecated — IndexNow above is what counts)
[index Wed Aug 19 10:00:03 AM IST 2026] done url=https://bhaveshkumawat632.github.io count=66
[index Wed Aug 19 11:00:01 AM IST 2026] live URL: https://bhaveshkumawat632.github.io
indexnow (66 urls): HTTP 200 (200/202 = accepted)
google ping: 404 (deprecated by Google — use Search Console)
bing ping:   410 (deprecated — IndexNow above is what counts)
[index Wed Aug 19 11:00:02 AM IST 2026] done url=https://bhaveshkumawat632.github.io count=66
[index Wed Aug 19 12:00:01 PM IST 2026] live URL: https://bhaveshkumawat632.github.io
indexnow (66 urls): HTTP 200 (200/202 = accepted)
google ping: 404 (deprecated by Google — use Search Console)
bing ping:   410 (deprecated — IndexNow above is what counts)
[index Wed Aug 19 12:00:03 PM IST 2026] done url=https://bhaveshkumawat632.github.io count=66
[index Wed Aug 19 01:00:01 PM IST 2026] live URL: https://bhaveshkumawat632.github.io
indexnow (66 urls): HTTP 200 (200/202 = accepted)
google ping: 404 (deprecated by Google — use Search Console)
bing ping:   410 (deprecated — IndexNow above is what counts)
[index Wed Aug 19 01:00:03 PM IST 2026] done url=https://bhaveshkumawat632.github.io count=66
[index Wed Aug 19 02:00:01 PM IST 2026] live URL: https://bhaveshkumawat632.github.io
indexnow (66 urls): HTTP 200 (200/202 = accepted)
google ping: 404 (deprecated by Google — use Search Console)
bing ping:   410 (deprecated — IndexNow above is what counts)
[index Wed Aug 19 02:00:03 PM IST 2026] done url=https://bhaveshkumawat632.github.io count=66
[index Wed Aug 19 03:00:01 PM IST 2026] live URL: https://bhaveshkumawat632.github.io
indexnow (66 urls): HTTP 200 (200/202 = accepted)
google ping: 404 (deprecated by Google — use Search Console)
bing ping:   410 (deprecated — IndexNow above is what counts)
[index Wed Aug 19 03:00:03 PM IST 2026] done url=https://bhaveshkumawat632.github.io count=66
[index Wed Aug 19 04:00:01 PM IST 2026] live URL: https://bhaveshkumawat632.github.io
indexnow (66 urls): HTTP 200 (200/202 = accepted)
google ping: 404 (deprecated by Google — use Search Console)
bing ping:   410 (deprecated — IndexNow above is what counts)
[index Wed Aug 19 04:00:03 PM IST 2026] done url=https://bhaveshkumawat632.github.io count=66
[index Wed Aug 19 05:00:01 PM IST 2026] live URL: https://bhaveshkumawat632.github.io
indexnow (66 urls): HTTP 200 (200/202 = accepted)
google ping: 404 (deprecated by Google — use Search Console)
bing ping:   410 (deprecated — IndexNow above is what counts)
[index Wed Aug 19 05:00:04 PM IST 2026] done url=https://bhaveshkumawat632.github.io count=66
[index Wed Aug 19 06:00:01 PM IST 2026] live URL: https://bhaveshkumawat632.github.io
indexnow (66 urls): HTTP 200 (200/202 = accepted)
google ping: 404 (deprecated by Google — use Search Console)
bing ping:   410 (deprecated — IndexNow above is what counts)
[index Wed Aug 19 06:00:03 PM IST 2026] done url=https://bhaveshkumawat632.github.io count=66
[index Wed Aug 19 07:00:01 PM IST 2026] live URL: https://bhaveshkumawat632.github.io
indexnow (66 urls): HTTP 200 (200/202 = accepted)
google ping: 404 (deprecated by Google — use Search Console)
bing ping:   410 (deprecated — IndexNow above is what counts)
[index Wed Aug 19 07:00:03 PM IST 2026] done url=https://bhaveshkumawat632.github.io count=66
[index Wed Aug 19 08:00:02 PM IST 2026] live URL: https://bhaveshkumawat632.github.io
indexnow (66 urls): HTTP 200 (200/202 = accepted)
google ping: 404 (deprecated by Google — use Search Console)
bing ping:   410 (deprecated — IndexNow above is what counts)
[index Wed Aug 19 08:00:03 PM IST 2026] done url=https://bhaveshkumawat632.github.io count=66
[index Wed Aug 19 09:00:01 PM IST 2026] live URL: https://bhaveshkumawat632.github.io
indexnow (66 urls): HTTP 200 (200/202 = accepted)
google ping: 404 (deprecated by Google — use Search Console)
bing ping:   410 (deprecated — IndexNow above is what counts)
[index Wed Aug 19 09:00:03 PM IST 2026] done url=https://bhaveshkumawat632.github.io count=66
[index Wed Aug 19 10:00:01 PM IST 2026] live URL: https://bhaveshkumawat632.github.io
indexnow (66 urls): HTTP 200 (200/202 = accepted)
google ping: 404 (deprecated by Google — use Search Console)
bing ping:   410 (deprecated — IndexNow above is what counts)
[index Wed Aug 19 10:00:03 PM IST 2026] done url=https://bhaveshkumawat632.github.io count=66
[index Wed Aug 19 11:00:01 PM IST 2026] live URL: https://bhaveshkumawat632.github.io
indexnow (66 urls): HTTP 200 (200/202 = accepted)
google ping: 404 (deprecated by Google — use Search Console)
bing ping:   410 (deprecated — IndexNow above is what counts)
[index Wed Aug 19 11:00:03 PM IST 2026] done url=https://bhaveshkumawat632.github.io count=66
[index Thu Aug 20 12:00:01 AM IST 2026] live URL: https://bhaveshkumawat632.github.io
indexnow (66 urls): HTTP 200 (200/202 = accepted)
google ping: 404 (deprecated by Google — use Search Console)
bing ping:   410 (deprecated — IndexNow above is what counts)
[index Thu Aug 20 12:00:02 AM IST 2026] done url=https://bhaveshkumawat632.github.io count=66
[index Thu Aug 20 01:00:01 AM IST 2026] live URL: https://bhaveshkumawat632.github.io
indexnow (66 urls): HTTP 200 (200/202 = accepted)
google ping: 404 (deprecated by Google — use Search Console)
bing ping:   410 (deprecated — IndexNow above is what counts)
[index Thu Aug 20 01:00:03 AM IST 2026] done url=https://bhaveshkumawat632.github.io count=66
[index Thu Aug 20 02:00:01 AM IST 2026] live URL: https://bhaveshkumawat632.github.io
indexnow (66 urls): HTTP 200 (200/202 = accepted)
google ping: 404 (deprecated by Google — use Search Console)
bing ping:   410 (deprecated — IndexNow above is what counts)
[index Thu Aug 20 02:00:02 AM IST 2026] done url=https://bhaveshkumawat632.github.io count=66
[index Thu Aug 20 03:00:01 AM IST 2026] live URL: https://bhaveshkumawat632.github.io
indexnow (66 urls): HTTP 200 (200/202 = accepted)
google ping: 404 (deprecated by Google — use Search Console)
bing ping:   410 (deprecated — IndexNow above is what counts)
[index Thu Aug 20 03:00:03 AM IST 2026] done url=https://bhaveshkumawat632.github.io count=66
[index Thu Aug 20 04:00:01 AM IST 2026] live URL: https://bhaveshkumawat632.github.io
indexnow (66 urls): HTTP 200 (200/202 = accepted)
google ping: 404 (deprecated by Google — use Search Console)
bing ping:   410 (deprecated — IndexNow above is what counts)
[index Thu Aug 20 04:00:02 AM IST 2026] done url=https://bhaveshkumawat632.github.io count=66
[index Thu Aug 20 05:00:01 AM IST 2026] live URL: https://bhaveshkumawat632.github.io
indexnow (66 urls): HTTP 200 (200/202 = accepted)
google ping: 404 (deprecated by Google — use Search Console)
bing ping:   410 (deprecated — IndexNow above is what counts)
[index Thu Aug 20 05:00:02 AM IST 2026] done url=https://bhaveshkumawat632.github.io count=66
[index Thu Aug 20 06:00:01 AM IST 2026] live URL: https://bhaveshkumawat632.github.io
indexnow (66 urls): HTTP 200 (200/202 = accepted)
google ping: 404 (deprecated by Google — use Search Console)
bing ping:   410 (deprecated — IndexNow above is what counts)
[index Thu Aug 20 06:00:04 AM IST 2026] done url=https://bhaveshkumawat632.github.io count=66
[index Thu Aug 20 07:00:01 AM IST 2026] live URL: https://bhaveshkumawat632.github.io
indexnow (66 urls): HTTP 200 (200/202 = accepted)
google ping: 404 (deprecated by Google — use Search Console)
bing ping:   410 (deprecated — IndexNow above is what counts)
[index Thu Aug 20 07:00:03 AM IST 2026] done url=https://bhaveshkumawat632.github.io count=66
[index Thu Aug 20 08:00:01 AM IST 2026] live URL: https://bhaveshkumawat632.github.io
indexnow (66 urls): HTTP 200 (200/202 = accepted)
google ping: 404 (deprecated by Google — use Search Console)
bing ping:   410 (deprecated — IndexNow above is what counts)
[index Thu Aug 20 08:00:02 AM IST 2026] done url=https://bhaveshkumawat632.github.io count=66
[index Thu Aug 20 09:00:01 AM IST 2026] live URL: https://bhaveshkumawat632.github.io
indexnow (66 urls): HTTP 200 (200/202 = accepted)
google ping: 404 (deprecated by Google — use Search Console)
bing ping:   410 (deprecated — IndexNow above is what counts)
[index Thu Aug 20 09:00:02 AM IST 2026] done url=https://bhaveshkumawat632.github.io count=66
[index Thu Aug 20 10:00:01 AM IST 2026] live URL: https://bhaveshkumawat632.github.io
indexnow (66 urls): HTTP 200 (200/202 = accepted)
google ping: 404 (deprecated by Google — use Search Console)
bing ping:   410 (deprecated — IndexNow above is what counts)
[index Thu Aug 20 10:00:03 AM IST 2026] done url=https://bhaveshkumawat632.github.io count=66
[index Thu Aug 20 11:00:01 AM IST 2026] live URL: https://bhaveshkumawat632.github.io
indexnow (66 urls): HTTP 200 (200/202 = accepted)
google ping: 404 (deprecated by Google — use Search Console)
bing ping:   410 (deprecated — IndexNow above is what counts)
[index Thu Aug 20 11:00:03 AM IST 2026] done url=https://bhaveshkumawat632.github.io count=66
[index Thu Aug 20 12:00:01 PM IST 2026] live URL: https://bhaveshkumawat632.github.io
indexnow (66 urls): HTTP 200 (200/202 = accepted)
google ping: 404 (deprecated by Google — use Search Console)
bing ping:   410 (deprecated — IndexNow above is what counts)
[index Thu Aug 20 12:00:03 PM IST 2026] done url=https://bhaveshkumawat632.github.io count=66
[index Thu Aug 20 01:00:01 PM IST 2026] live URL: https://bhaveshkumawat632.github.io
indexnow (66 urls): HTTP 200 (200/202 = accepted)
google ping: 404 (deprecated by Google — use Search Console)
bing ping:   410 (deprecated — IndexNow above is what counts)
[index Thu Aug 20 01:00:05 PM IST 2026] done url=https://bhaveshkumawat632.github.io count=66
[index Thu Aug 20 02:00:01 PM IST 2026] live URL: https://bhaveshkumawat632.github.io
indexnow (66 urls): HTTP 200 (200/202 = accepted)
google ping: 404 (deprecated by Google — use Search Console)
bing ping:   410 (deprecated — IndexNow above is what counts)
[index Thu Aug 20 02:00:03 PM IST 2026] done url=https://bhaveshkumawat632.github.io count=66
[index Thu Aug 20 03:00:01 PM IST 2026] live URL: https://bhaveshkumawat632.github.io
indexnow (66 urls): HTTP 200 (200/202 = accepted)
google ping: 404 (deprecated by Google — use Search Console)
bing ping:   410 (deprecated — IndexNow above is what counts)
[index Thu Aug 20 03:00:03 PM IST 2026] done url=https://bhaveshkumawat632.github.io count=66
[index Thu Aug 20 04:00:01 PM IST 2026] live URL: https://bhaveshkumawat632.github.io
indexnow (66 urls): HTTP 200 (200/202 = accepted)
google ping: 404 (deprecated by Google — use Search Console)
bing ping:   410 (deprecated — IndexNow above is what counts)
[index Thu Aug 20 04:00:03 PM IST 2026] done url=https://bhaveshkumawat632.github.io count=66
[index Thu Aug 20 05:00:01 PM IST 2026] live URL: https://bhaveshkumawat632.github.io
indexnow (66 urls): HTTP 200 (200/202 = accepted)
google ping: 404 (deprecated by Google — use Search Console)
bing ping:   410 (deprecated — IndexNow above is what counts)
[index Thu Aug 20 05:00:03 PM IST 2026] done url=https://bhaveshkumawat632.github.io count=66
[index Thu Aug 20 06:00:01 PM IST 2026] live URL: https://bhaveshkumawat632.github.io
indexnow (66 urls): HTTP 200 (200/202 = accepted)
google ping: 404 (deprecated by Google — use Search Console)
bing ping:   410 (deprecated — IndexNow above is what counts)
[index Thu Aug 20 06:00:03 PM IST 2026] done url=https://bhaveshkumawat632.github.io count=66
[index Thu Aug 20 07:00:01 PM IST 2026] live URL: https://bhaveshkumawat632.github.io
indexnow (66 urls): HTTP 200 (200/202 = accepted)
google ping: 404 (deprecated by Google — use Search Console)
bing ping:   410 (deprecated — IndexNow above is what counts)
[index Thu Aug 20 07:00:03 PM IST 2026] done url=https://bhaveshkumawat632.github.io count=66
[index Thu Aug 20 08:00:01 PM IST 2026] live URL: https://bhaveshkumawat632.github.io
indexnow (66 urls): HTTP 200 (200/202 = accepted)
google ping: 404 (deprecated by Google — use Search Console)
bing ping:   410 (deprecated — IndexNow above is what counts)
[index Thu Aug 20 08:00:02 PM IST 2026] done url=https://bhaveshkumawat632.github.io count=66
[index Thu Aug 20 09:00:01 PM IST 2026] live URL: https://bhaveshkumawat632.github.io
indexnow (66 urls): HTTP 200 (200/202 = accepted)
google ping: 404 (deprecated by Google — use Search Console)
bing ping:   410 (deprecated — IndexNow above is what counts)
[index Thu Aug 20 09:00:03 PM IST 2026] done url=https://bhaveshkumawat632.github.io count=66
[index Thu Aug 20 10:00:01 PM IST 2026] live URL: https://bhaveshkumawat632.github.io
indexnow (66 urls): HTTP 200 (200/202 = accepted)
google ping: 404 (deprecated by Google — use Search Console)
bing ping:   410 (deprecated — IndexNow above is what counts)
[index Thu Aug 20 10:00:03 PM IST 2026] done url=https://bhaveshkumawat632.github.io count=66
[index Thu Aug 20 11:00:01 PM IST 2026] live URL: https://bhaveshkumawat632.github.io
indexnow (66 urls): HTTP 200 (200/202 = accepted)
google ping: 404 (deprecated by Google — use Search Console)
bing ping:   410 (deprecated — IndexNow above is what counts)
[index Thu Aug 20 11:00:02 PM IST 2026] done url=https://bhaveshkumawat632.github.io count=66
[index Fri Aug 21 12:00:01 AM IST 2026] live URL: https://bhaveshkumawat632.github.io
indexnow (66 urls): HTTP 200 (200/202 = accepted)
google ping: 404 (deprecated by Google — use Search Console)
bing ping:   410 (deprecated — IndexNow above is what counts)
[index Fri Aug 21 12:00:02 AM IST 2026] done url=https://bhaveshkumawat632.github.io count=66
[index Fri Aug 21 01:00:02 AM IST 2026] live URL: https://bhaveshkumawat632.github.io
indexnow (66 urls): HTTP 200 (200/202 = accepted)
google ping: 404 (deprecated by Google — use Search Console)
bing ping:   410 (deprecated — IndexNow above is what counts)
[index Fri Aug 21 01:00:03 AM IST 2026] done url=https://bhaveshkumawat632.github.io count=66
[index Fri Aug 21 02:00:01 AM IST 2026] live URL: https://bhaveshkumawat632.github.io
indexnow (66 urls): HTTP 200 (200/202 = accepted)
google ping: 404 (deprecated by Google — use Search Console)
bing ping:   410 (deprecated — IndexNow above is what counts)
[index Fri Aug 21 02:00:02 AM IST 2026] done url=https://bhaveshkumawat632.github.io count=66
[index Fri Aug 21 03:00:01 AM IST 2026] live URL: https://bhaveshkumawat632.github.io
indexnow (66 urls): HTTP 200 (200/202 = accepted)
google ping: 404 (deprecated by Google — use Search Console)
bing ping:   410 (deprecated — IndexNow above is what counts)
[index Fri Aug 21 03:00:03 AM IST 2026] done url=https://bhaveshkumawat632.github.io count=66
[index Fri Aug 21 04:00:01 AM IST 2026] live URL: https://bhaveshkumawat632.github.io
indexnow (66 urls): HTTP 200 (200/202 = accepted)
google ping: 404 (deprecated by Google — use Search Console)
bing ping:   410 (deprecated — IndexNow above is what counts)
[index Fri Aug 21 04:00:03 AM IST 2026] done url=https://bhaveshkumawat632.github.io count=66
[index Fri Aug 21 05:00:01 AM IST 2026] live URL: https://bhaveshkumawat632.github.io
indexnow (66 urls): HTTP 200 (200/202 = accepted)
google ping: 404 (deprecated by Google — use Search Console)
bing ping:   410 (deprecated — IndexNow above is what counts)
[index Fri Aug 21 05:00:02 AM IST 2026] done url=https://bhaveshkumawat632.github.io count=66
[index Fri Aug 21 06:00:01 AM IST 2026] live URL: https://bhaveshkumawat632.github.io
indexnow (66 urls): HTTP 200 (200/202 = accepted)
google ping: 404 (deprecated by Google — use Search Console)
bing ping:   410 (deprecated — IndexNow above is what counts)
[index Fri Aug 21 06:00:03 AM IST 2026] done url=https://bhaveshkumawat632.github.io count=66
[index Fri Aug 21 07:00:01 AM IST 2026] live URL: https://bhaveshkumawat632.github.io
indexnow (66 urls): HTTP 200 (200/202 = accepted)
google ping: 404 (deprecated by Google — use Search Console)
bing ping:   410 (deprecated — IndexNow above is what counts)
[index Fri Aug 21 07:00:02 AM IST 2026] done url=https://bhaveshkumawat632.github.io count=66
[index Fri Aug 21 08:00:01 AM IST 2026] live URL: https://bhaveshkumawat632.github.io
indexnow (66 urls): HTTP 200 (200/202 = accepted)
google ping: 404 (deprecated by Google — use Search Console)
bing ping:   410 (deprecated — IndexNow above is what counts)
[index Fri Aug 21 08:00:04 AM IST 2026] done url=https://bhaveshkumawat632.github.io count=66
[index Fri Aug 21 09:00:01 AM IST 2026] live URL: https://bhaveshkumawat632.github.io
indexnow (66 urls): HTTP 200 (200/202 = accepted)
google ping: 404 (deprecated by Google — use Search Console)
bing ping:   410 (deprecated — IndexNow above is what counts)
[index Fri Aug 21 09:00:03 AM IST 2026] done url=https://bhaveshkumawat632.github.io count=66
[index Fri Aug 21 10:00:01 AM IST 2026] live URL: https://bhaveshkumawat632.github.io
indexnow (66 urls): HTTP 200 (200/202 = accepted)
google ping: 404 (deprecated by Google — use Search Console)
bing ping:   410 (deprecated — IndexNow above is what counts)
[index Fri Aug 21 10:00:03 AM IST 2026] done url=https://bhaveshkumawat632.github.io count=66
[index Fri Aug 21 11:00:01 AM IST 2026] live URL: https://bhaveshkumawat632.github.io
indexnow (66 urls): HTTP 200 (200/202 = accepted)
google ping: 404 (deprecated by Google — use Search Console)
bing ping:   410 (deprecated — IndexNow above is what counts)
[index Fri Aug 21 11:00:02 AM IST 2026] done url=https://bhaveshkumawat632.github.io count=66
[index Fri Aug 21 12:00:01 PM IST 2026] live URL: https://bhaveshkumawat632.github.io
indexnow (66 urls): HTTP 200 (200/202 = accepted)
google ping: 404 (deprecated by Google — use Search Console)
bing ping:   410 (deprecated — IndexNow above is what counts)
[index Fri Aug 21 12:00:03 PM IST 2026] done url=https://bhaveshkumawat632.github.io count=66
[index Fri Aug 21 01:00:01 PM IST 2026] live URL: https://bhaveshkumawat632.github.io
indexnow (66 urls): HTTP 200 (200/202 = accepted)
google ping: 404 (deprecated by Google — use Search Console)
bing ping:   410 (deprecated — IndexNow above is what counts)
[index Fri Aug 21 01:00:03 PM IST 2026] done url=https://bhaveshkumawat632.github.io count=66
[index Fri Aug 21 02:00:02 PM IST 2026] live URL: https://bhaveshkumawat632.github.io
indexnow (66 urls): HTTP 200 (200/202 = accepted)
google ping: 404 (deprecated by Google — use Search Console)
bing ping:   410 (deprecated — IndexNow above is what counts)
[index Fri Aug 21 02:00:04 PM IST 2026] done url=https://bhaveshkumawat632.github.io count=66
[index Fri Aug 21 03:00:01 PM IST 2026] live URL: https://bhaveshkumawat632.github.io
indexnow (66 urls): HTTP 200 (200/202 = accepted)
google ping: 404 (deprecated by Google — use Search Console)
bing ping:   410 (deprecated — IndexNow above is what counts)
[index Fri Aug 21 03:00:02 PM IST 2026] done url=https://bhaveshkumawat632.github.io count=66
[index Fri Aug 21 04:00:01 PM IST 2026] live URL: https://bhaveshkumawat632.github.io
indexnow (66 urls): HTTP 200 (200/202 = accepted)
google ping: 404 (deprecated by Google — use Search Console)
bing ping:   410 (deprecated — IndexNow above is what counts)
[index Fri Aug 21 04:00:04 PM IST 2026] done url=https://bhaveshkumawat632.github.io count=66
[index Fri Aug 21 05:00:01 PM IST 2026] live URL: https://bhaveshkumawat632.github.io
indexnow (66 urls): HTTP 200 (200/202 = accepted)
google ping: 404 (deprecated by Google — use Search Console)
bing ping:   410 (deprecated — IndexNow above is what counts)
[index Fri Aug 21 05:00:03 PM IST 2026] done url=https://bhaveshkumawat632.github.io count=66
[index Fri Aug 21 06:00:01 PM IST 2026] live URL: https://bhaveshkumawat632.github.io
indexnow (66 urls): HTTP 200 (200/202 = accepted)
google ping: 404 (deprecated by Google — use Search Console)
bing ping:   410 (deprecated — IndexNow above is what counts)
[index Fri Aug 21 06:00:02 PM IST 2026] done url=https://bhaveshkumawat632.github.io count=66
[index Fri Aug 21 07:00:01 PM IST 2026] live URL: https://bhaveshkumawat632.github.io
indexnow (66 urls): HTTP 200 (200/202 = accepted)
google ping: 404 (deprecated by Google — use Search Console)
bing ping:   410 (deprecated — IndexNow above is what counts)
[index Fri Aug 21 07:00:02 PM IST 2026] done url=https://bhaveshkumawat632.github.io count=66
[index Fri Aug 21 08:00:01 PM IST 2026] live URL: https://bhaveshkumawat632.github.io
indexnow (66 urls): HTTP 200 (200/202 = accepted)
google ping: 404 (deprecated by Google — use Search Console)
bing ping:   410 (deprecated — IndexNow above is what counts)
[index Fri Aug 21 08:00:03 PM IST 2026] done url=https://bhaveshkumawat632.github.io count=66
[index Fri Aug 21 09:00:02 PM IST 2026] live URL: https://bhaveshkumawat632.github.io
indexnow (66 urls): HTTP 200 (200/202 = accepted)
google ping: 404 (deprecated by Google — use Search Console)
bing ping:   410 (deprecated — IndexNow above is what counts)
[index Fri Aug 21 09:00:03 PM IST 2026] done url=https://bhaveshkumawat632.github.io count=66
[index Fri Aug 21 10:00:01 PM IST 2026] live URL: https://bhaveshkumawat632.github.io
indexnow (66 urls): HTTP 200 (200/202 = accepted)
google ping: 404 (deprecated by Google — use Search Console)
bing ping:   410 (deprecated — IndexNow above is what counts)
[index Fri Aug 21 10:00:04 PM IST 2026] done url=https://bhaveshkumawat632.github.io count=66
[index Fri Aug 21 11:00:01 PM IST 2026] live URL: https://bhaveshkumawat632.github.io
indexnow (66 urls): HTTP 200 (200/202 = accepted)
google ping: 404 (deprecated by Google — use Search Console)
bing ping:   410 (deprecated — IndexNow above is what counts)
[index Fri Aug 21 11:00:03 PM IST 2026] done url=https://bhaveshkumawat632.github.io count=66
[index Sat Aug 22 12:00:01 AM IST 2026] live URL: https://bhaveshkumawat632.github.io
indexnow (66 urls): HTTP 200 (200/202 = accepted)
google ping: 404 (deprecated by Google — use Search Console)
bing ping:   410 (deprecated — IndexNow above is what counts)
[index Sat Aug 22 12:00:04 AM IST 2026] done url=https://bhaveshkumawat632.github.io count=66
[index Sat Aug 22 01:00:01 AM IST 2026] live URL: https://bhaveshkumawat632.github.io
indexnow (66 urls): HTTP 200 (200/202 = accepted)
google ping: 404 (deprecated by Google — use Search Console)
bing ping:   410 (deprecated — IndexNow above is what counts)
[index Sat Aug 22 01:00:02 AM IST 2026] done url=https://bhaveshkumawat632.github.io count=66
[index Sat Aug 22 02:00:02 AM IST 2026] live URL: https://bhaveshkumawat632.github.io
indexnow (66 urls): HTTP 200 (200/202 = accepted)
google ping: 404 (deprecated by Google — use Search Console)
bing ping:   410 (deprecated — IndexNow above is what counts)
[index Sat Aug 22 02:00:03 AM IST 2026] done url=https://bhaveshkumawat632.github.io count=66
[index Sat Aug 22 03:00:01 AM IST 2026] live URL: https://bhaveshkumawat632.github.io
indexnow (66 urls): HTTP 200 (200/202 = accepted)
google ping: 404 (deprecated by Google — use Search Console)
bing ping:   410 (deprecated — IndexNow above is what counts)
[index Sat Aug 22 03:00:03 AM IST 2026] done url=https://bhaveshkumawat632.github.io count=66
[index Sat Aug 22 04:00:01 AM IST 2026] live URL: https://bhaveshkumawat632.github.io
indexnow (66 urls): HTTP 200 (200/202 = accepted)
google ping: 404 (deprecated by Google — use Search Console)
bing ping:   410 (deprecated — IndexNow above is what counts)
[index Sat Aug 22 04:00:02 AM IST 2026] done url=https://bhaveshkumawat632.github.io count=66
[index Sat Aug 22 05:00:01 AM IST 2026] live URL: https://bhaveshkumawat632.github.io
indexnow (66 urls): HTTP 200 (200/202 = accepted)
google ping: 404 (deprecated by Google — use Search Console)
bing ping:   410 (deprecated — IndexNow above is what counts)
[index Sat Aug 22 05:00:03 AM IST 2026] done url=https://bhaveshkumawat632.github.io count=66
[index Sat Aug 22 06:00:01 AM IST 2026] live URL: https://bhaveshkumawat632.github.io
indexnow (66 urls): HTTP 200 (200/202 = accepted)
google ping: 404 (deprecated by Google — use Search Console)
bing ping:   410 (deprecated — IndexNow above is what counts)
[index Sat Aug 22 06:00:03 AM IST 2026] done url=https://bhaveshkumawat632.github.io count=66
[index Sat Aug 22 07:00:01 AM IST 2026] live URL: https://bhaveshkumawat632.github.io
indexnow (66 urls): HTTP 200 (200/202 = accepted)
google ping: 404 (deprecated by Google — use Search Console)
bing ping:   410 (deprecated — IndexNow above is what counts)
[index Sat Aug 22 07:00:02 AM IST 2026] done url=https://bhaveshkumawat632.github.io count=66
[index Sat Aug 22 08:00:01 AM IST 2026] live URL: https://bhaveshkumawat632.github.io
indexnow (66 urls): HTTP 200 (200/202 = accepted)
google ping: 404 (deprecated by Google — use Search Console)
bing ping:   410 (deprecated — IndexNow above is what counts)
[index Sat Aug 22 08:00:03 AM IST 2026] done url=https://bhaveshkumawat632.github.io count=66
[index Sat Aug 22 09:00:01 AM IST 2026] live URL: https://bhaveshkumawat632.github.io
indexnow (66 urls): HTTP 200 (200/202 = accepted)
google ping: 404 (deprecated by Google — use Search Console)
bing ping:   410 (deprecated — IndexNow above is what counts)
[index Sat Aug 22 09:00:02 AM IST 2026] done url=https://bhaveshkumawat632.github.io count=66
[index Sat Aug 22 10:00:01 AM IST 2026] live URL: https://bhaveshkumawat632.github.io
indexnow (66 urls): HTTP 200 (200/202 = accepted)
google ping: 404 (deprecated by Google — use Search Console)
bing ping:   410 (deprecated — IndexNow above is what counts)
[index Sat Aug 22 10:00:03 AM IST 2026] done url=https://bhaveshkumawat632.github.io count=66
[index Sat Aug 22 11:00:01 AM IST 2026] live URL: https://bhaveshkumawat632.github.io
indexnow (66 urls): HTTP 200 (200/202 = accepted)
google ping: 404 (deprecated by Google — use Search Console)
bing ping:   410 (deprecated — IndexNow above is what counts)
[index Sat Aug 22 11:00:03 AM IST 2026] done url=https://bhaveshkumawat632.github.io count=66
[index Sat Aug 22 12:00:01 PM IST 2026] live URL: https://bhaveshkumawat632.github.io
indexnow (66 urls): HTTP 200 (200/202 = accepted)
google ping: 404 (deprecated by Google — use Search Console)
bing ping:   410 (deprecated — IndexNow above is what counts)
[index Sat Aug 22 12:00:03 PM IST 2026] done url=https://bhaveshkumawat632.github.io count=66
[index Sat Aug 22 01:00:01 PM IST 2026] live URL: https://bhaveshkumawat632.github.io
indexnow (66 urls): HTTP 200 (200/202 = accepted)
google ping: 404 (deprecated by Google — use Search Console)
bing ping:   410 (deprecated — IndexNow above is what counts)
[index Sat Aug 22 01:00:03 PM IST 2026] done url=https://bhaveshkumawat632.github.io count=66
[index Sat Aug 22 02:00:01 PM IST 2026] live URL: https://bhaveshkumawat632.github.io
indexnow (66 urls): HTTP 200 (200/202 = accepted)
google ping: 404 (deprecated by Google — use Search Console)
bing ping:   410 (deprecated — IndexNow above is what counts)
[index Sat Aug 22 02:00:02 PM IST 2026] done url=https://bhaveshkumawat632.github.io count=66
[index Sat Aug 22 03:00:01 PM IST 2026] live URL: https://bhaveshkumawat632.github.io
indexnow (66 urls): HTTP 200 (200/202 = accepted)
google ping: 404 (deprecated by Google — use Search Console)
bing ping:   410 (deprecated — IndexNow above is what counts)
[index Sat Aug 22 03:00:02 PM IST 2026] done url=https://bhaveshkumawat632.github.io count=66
[index Sat Aug 22 04:00:01 PM IST 2026] live URL: https://bhaveshkumawat632.github.io
indexnow (66 urls): HTTP 200 (200/202 = accepted)
google ping: 404 (deprecated by Google — use Search Console)
bing ping:   410 (deprecated — IndexNow above is what counts)
[index Sat Aug 22 04:00:02 PM IST 2026] done url=https://bhaveshkumawat632.github.io count=66
[index Sat Aug 22 05:00:01 PM IST 2026] live URL: https://bhaveshkumawat632.github.io
indexnow (66 urls): HTTP 200 (200/202 = accepted)
google ping: 404 (deprecated by Google — use Search Console)
bing ping:   410 (deprecated — IndexNow above is what counts)
[index Sat Aug 22 05:00:03 PM IST 2026] done url=https://bhaveshkumawat632.github.io count=66
[index Sat Aug 22 06:00:01 PM IST 2026] live URL: https://bhaveshkumawat632.github.io
indexnow (66 urls): HTTP 200 (200/202 = accepted)
google ping: 404 (deprecated by Google — use Search Console)
bing ping:   410 (deprecated — IndexNow above is what counts)
[index Sat Aug 22 06:00:02 PM IST 2026] done url=https://bhaveshkumawat632.github.io count=66
[index Sat Aug 22 07:00:01 PM IST 2026] live URL: https://bhaveshkumawat632.github.io
indexnow (66 urls): HTTP 200 (200/202 = accepted)
google ping: 404 (deprecated by Google — use Search Console)
bing ping:   410 (deprecated — IndexNow above is what counts)
[index Sat Aug 22 07:00:02 PM IST 2026] done url=https://bhaveshkumawat632.github.io count=66
[index Sat Aug 22 08:00:01 PM IST 2026] live URL: https://bhaveshkumawat632.github.io
indexnow (66 urls): HTTP 200 (200/202 = accepted)
google ping: 404 (deprecated by Google — use Search Console)
bing ping:   410 (deprecated — IndexNow above is what counts)
[index Sat Aug 22 08:00:03 PM IST 2026] done url=https://bhaveshkumawat632.github.io count=66
[index Sat Aug 22 09:00:01 PM IST 2026] live URL: https://bhaveshkumawat632.github.io
indexnow (66 urls): HTTP 200 (200/202 = accepted)
google ping: 404 (deprecated by Google — use Search Console)
bing ping:   410 (deprecated — IndexNow above is what counts)
[index Sat Aug 22 09:00:03 PM IST 2026] done url=https://bhaveshkumawat632.github.io count=66
[index Sat Aug 22 10:00:02 PM IST 2026] live URL: https://bhaveshkumawat632.github.io
indexnow (66 urls): HTTP 200 (200/202 = accepted)
google ping: 404 (deprecated by Google — use Search Console)
bing ping:   410 (deprecated — IndexNow above is what counts)
[index Sat Aug 22 10:00:03 PM IST 2026] done url=https://bhaveshkumawat632.github.io count=66
[index Sat Aug 22 11:00:01 PM IST 2026] live URL: https://bhaveshkumawat632.github.io
indexnow (66 urls): HTTP 200 (200/202 = accepted)
google ping: 404 (deprecated by Google — use Search Console)
bing ping:   410 (deprecated — IndexNow above is what counts)
[index Sat Aug 22 11:00:02 PM IST 2026] done url=https://bhaveshkumawat632.github.io count=66
[index Sun Aug 23 12:00:01 AM IST 2026] live URL: https://bhaveshkumawat632.github.io
indexnow (66 urls): HTTP 200 (200/202 = accepted)
google ping: 404 (deprecated by Google — use Search Console)
bing ping:   410 (deprecated — IndexNow above is what counts)
[index Sun Aug 23 12:00:02 AM IST 2026] done url=https://bhaveshkumawat632.github.io count=66
[index Sun Aug 23 01:00:01 AM IST 2026] live URL: https://bhaveshkumawat632.github.io
indexnow (66 urls): HTTP 200 (200/202 = accepted)
google ping: 404 (deprecated by Google — use Search Console)
bing ping:   410 (deprecated — IndexNow above is what counts)
[index Sun Aug 23 01:00:03 AM IST 2026] done url=https://bhaveshkumawat632.github.io count=66
[index Sun Aug 23 02:00:01 AM IST 2026] live URL: https://bhaveshkumawat632.github.io
indexnow (66 urls): HTTP 200 (200/202 = accepted)
google ping: 404 (deprecated by Google — use Search Console)
bing ping:   410 (deprecated — IndexNow above is what counts)
[index Sun Aug 23 02:00:03 AM IST 2026] done url=https://bhaveshkumawat632.github.io count=66
[index Sun Aug 23 03:00:01 AM IST 2026] live URL: https://bhaveshkumawat632.github.io
indexnow (66 urls): HTTP 200 (200/202 = accepted)
google ping: 404 (deprecated by Google — use Search Console)
bing ping:   410 (deprecated — IndexNow above is what counts)
[index Sun Aug 23 03:00:03 AM IST 2026] done url=https://bhaveshkumawat632.github.io count=66
[index Sun Aug 23 04:00:01 AM IST 2026] live URL: https://bhaveshkumawat632.github.io
indexnow (66 urls): HTTP 200 (200/202 = accepted)
google ping: 404 (deprecated by Google — use Search Console)
bing ping:   410 (deprecated — IndexNow above is what counts)
[index Sun Aug 23 04:00:02 AM IST 2026] done url=https://bhaveshkumawat632.github.io count=66
[index Sun Aug 23 05:00:01 AM IST 2026] live URL: https://bhaveshkumawat632.github.io
indexnow (66 urls): HTTP 200 (200/202 = accepted)
google ping: 404 (deprecated by Google — use Search Console)
bing ping:   410 (deprecated — IndexNow above is what counts)
[index Sun Aug 23 05:00:03 AM IST 2026] done url=https://bhaveshkumawat632.github.io count=66
[index Sun Aug 23 06:00:01 AM IST 2026] live URL: https://bhaveshkumawat632.github.io
indexnow (66 urls): HTTP 200 (200/202 = accepted)
google ping: 404 (deprecated by Google — use Search Console)
bing ping:   410 (deprecated — IndexNow above is what counts)
[index Sun Aug 23 06:00:03 AM IST 2026] done url=https://bhaveshkumawat632.github.io count=66
[index Sun Aug 23 07:00:01 AM IST 2026] live URL: https://bhaveshkumawat632.github.io
indexnow (66 urls): HTTP 200 (200/202 = accepted)
google ping: 404 (deprecated by Google — use Search Console)
bing ping:   410 (deprecated — IndexNow above is what counts)
[index Sun Aug 23 07:00:02 AM IST 2026] done url=https://bhaveshkumawat632.github.io count=66
[index Sun Aug 23 08:00:01 AM IST 2026] live URL: https://bhaveshkumawat632.github.io
indexnow (66 urls): HTTP 200 (200/202 = accepted)
google ping: 404 (deprecated by Google — use Search Console)
bing ping:   410 (deprecated — IndexNow above is what counts)
[index Sun Aug 23 08:00:03 AM IST 2026] done url=https://bhaveshkumawat632.github.io count=66
[index Sun Aug 23 09:00:01 AM IST 2026] live URL: https://bhaveshkumawat632.github.io
indexnow (66 urls): HTTP 200 (200/202 = accepted)
google ping: 404 (deprecated by Google — use Search Console)
bing ping:   410 (deprecated — IndexNow above is what counts)
[index Sun Aug 23 09:00:03 AM IST 2026] done url=https://bhaveshkumawat632.github.io count=66
[index Sun Aug 23 10:00:02 AM IST 2026] live URL: https://bhaveshkumawat632.github.io
indexnow (66 urls): HTTP 200 (200/202 = accepted)
google ping: 404 (deprecated by Google — use Search Console)
bing ping:   410 (deprecated — IndexNow above is what counts)
[index Sun Aug 23 10:00:03 AM IST 2026] done url=https://bhaveshkumawat632.github.io count=66
[index Sun Aug 23 11:00:01 AM IST 2026] live URL: https://bhaveshkumawat632.github.io
indexnow (66 urls): HTTP 200 (200/202 = accepted)
google ping: 404 (deprecated by Google — use Search Console)
bing ping:   410 (deprecated — IndexNow above is what counts)
[index Sun Aug 23 11:00:04 AM IST 2026] done url=https://bhaveshkumawat632.github.io count=66
[index Sun Aug 23 12:00:01 PM IST 2026] live URL: https://bhaveshkumawat632.github.io
indexnow (66 urls): HTTP 200 (200/202 = accepted)
google ping: 404 (deprecated by Google — use Search Console)
bing ping:   410 (deprecated — IndexNow above is what counts)
[index Sun Aug 23 12:00:03 PM IST 2026] done url=https://bhaveshkumawat632.github.io count=66
[index Sun Aug 23 01:00:01 PM IST 2026] live URL: https://bhaveshkumawat632.github.io
indexnow (66 urls): HTTP 200 (200/202 = accepted)
google ping: 404 (deprecated by Google — use Search Console)
bing ping:   410 (deprecated — IndexNow above is what counts)
[index Sun Aug 23 01:00:02 PM IST 2026] done url=https://bhaveshkumawat632.github.io count=66
[index Sun Aug 23 02:00:02 PM IST 2026] live URL: https://bhaveshkumawat632.github.io
indexnow (66 urls): HTTP 200 (200/202 = accepted)
google ping: 404 (deprecated by Google — use Search Console)
bing ping:   410 (deprecated — IndexNow above is what counts)
[index Sun Aug 23 02:00:03 PM IST 2026] done url=https://bhaveshkumawat632.github.io count=66
[index Sun Aug 23 03:00:01 PM IST 2026] live URL: https://bhaveshkumawat632.github.io
indexnow (66 urls): HTTP 200 (200/202 = accepted)
google ping: 404 (deprecated by Google — use Search Console)
bing ping:   410 (deprecated — IndexNow above is what counts)
[index Sun Aug 23 03:00:02 PM IST 2026] done url=https://bhaveshkumawat632.github.io count=66
[index Sun Aug 23 04:00:01 PM IST 2026] live URL: https://bhaveshkumawat632.github.io
indexnow (66 urls): HTTP 200 (200/202 = accepted)
google ping: 404 (deprecated by Google — use Search Console)
bing ping:   410 (deprecated — IndexNow above is what counts)
[index Sun Aug 23 04:00:02 PM IST 2026] done url=https://bhaveshkumawat632.github.io count=66
[index Sun Aug 23 05:00:01 PM IST 2026] live URL: https://bhaveshkumawat632.github.io
indexnow (66 urls): HTTP 200 (200/202 = accepted)
google ping: 404 (deprecated by Google — use Search Console)
bing ping:   410 (deprecated — IndexNow above is what counts)
[index Sun Aug 23 05:00:03 PM IST 2026] done url=https://bhaveshkumawat632.github.io count=66
[index Sun Aug 23 06:00:01 PM IST 2026] live URL: https://bhaveshkumawat632.github.io
indexnow (66 urls): HTTP 200 (200/202 = accepted)
google ping: 404 (deprecated by Google — use Search Console)
bing ping:   410 (deprecated — IndexNow above is what counts)
[index Sun Aug 23 06:00:03 PM IST 2026] done url=https://bhaveshkumawat632.github.io count=66
[index Sun Aug 23 07:00:01 PM IST 2026] live URL: https://bhaveshkumawat632.github.io
indexnow (66 urls): HTTP 200 (200/202 = accepted)
google ping: 404 (deprecated by Google — use Search Console)
bing ping:   410 (deprecated — IndexNow above is what counts)
[index Sun Aug 23 07:00:04 PM IST 2026] done url=https://bhaveshkumawat632.github.io count=66
[index Sun Aug 23 08:00:02 PM IST 2026] live URL: https://bhaveshkumawat632.github.io
indexnow (66 urls): HTTP 200 (200/202 = accepted)
google ping: 404 (deprecated by Google — use Search Console)
bing ping:   410 (deprecated — IndexNow above is what counts)
[index Sun Aug 23 08:00:03 PM IST 2026] done url=https://bhaveshkumawat632.github.io count=66
[index Sun Aug 23 09:00:01 PM IST 2026] live URL: https://bhaveshkumawat632.github.io
indexnow (66 urls): HTTP 200 (200/202 = accepted)
google ping: 404 (deprecated by Google — use Search Console)
bing ping:   410 (deprecated — IndexNow above is what counts)
[index Sun Aug 23 09:00:02 PM IST 2026] done url=https://bhaveshkumawat632.github.io count=66
[index Sun Aug 23 10:00:01 PM IST 2026] live URL: https://bhaveshkumawat632.github.io
indexnow (66 urls): HTTP 200 (200/202 = accepted)
google ping: 404 (deprecated by Google — use Search Console)
bing ping:   410 (deprecated — IndexNow above is what counts)
[index Sun Aug 23 10:00:03 PM IST 2026] done url=https://bhaveshkumawat632.github.io count=66
[index Sun Aug 23 11:00:01 PM IST 2026] live URL: https://bhaveshkumawat632.github.io
indexnow (66 urls): HTTP 200 (200/202 = accepted)
google ping: 404 (deprecated by Google — use Search Console)
bing ping:   410 (deprecated — IndexNow above is what counts)
[index Sun Aug 23 11:00:03 PM IST 2026] done url=https://bhaveshkumawat632.github.io count=66
[index Mon Aug 24 12:00:01 AM IST 2026] live URL: https://bhaveshkumawat632.github.io
indexnow (66 urls): HTTP 200 (200/202 = accepted)
google ping: 404 (deprecated by Google — use Search Console)
bing ping:   410 (deprecated — IndexNow above is what counts)
[index Mon Aug 24 12:00:03 AM IST 2026] done url=https://bhaveshkumawat632.github.io count=66
[index Mon Aug 24 01:00:01 AM IST 2026] live URL: https://bhaveshkumawat632.github.io
indexnow (66 urls): HTTP 200 (200/202 = accepted)
google ping: 404 (deprecated by Google — use Search Console)
bing ping:   410 (deprecated — IndexNow above is what counts)
[index Mon Aug 24 01:00:03 AM IST 2026] done url=https://bhaveshkumawat632.github.io count=66
[index Mon Aug 24 02:00:01 AM IST 2026] live URL: https://bhaveshkumawat632.github.io
indexnow (66 urls): HTTP 200 (200/202 = accepted)
google ping: 404 (deprecated by Google — use Search Console)
bing ping:   410 (deprecated — IndexNow above is what counts)
[index Mon Aug 24 02:00:03 AM IST 2026] done url=https://bhaveshkumawat632.github.io count=66
[index Mon Aug 24 03:00:02 AM IST 2026] live URL: https://bhaveshkumawat632.github.io
indexnow (66 urls): HTTP 200 (200/202 = accepted)
google ping: 404 (deprecated by Google — use Search Console)
bing ping:   410 (deprecated — IndexNow above is what counts)
[index Mon Aug 24 03:00:03 AM IST 2026] done url=https://bhaveshkumawat632.github.io count=66
[index Mon Aug 24 04:00:01 AM IST 2026] live URL: https://bhaveshkumawat632.github.io
indexnow (66 urls): HTTP 200 (200/202 = accepted)
google ping: 404 (deprecated by Google — use Search Console)
bing ping:   410 (deprecated — IndexNow above is what counts)
[index Mon Aug 24 04:00:03 AM IST 2026] done url=https://bhaveshkumawat632.github.io count=66
[index Mon Aug 24 05:00:01 AM IST 2026] live URL: https://bhaveshkumawat632.github.io
indexnow (66 urls): HTTP 200 (200/202 = accepted)
google ping: 404 (deprecated by Google — use Search Console)
bing ping:   410 (deprecated — IndexNow above is what counts)
[index Mon Aug 24 05:00:02 AM IST 2026] done url=https://bhaveshkumawat632.github.io count=66
[index Mon Aug 24 06:00:01 AM IST 2026] live URL: https://bhaveshkumawat632.github.io
indexnow (66 urls): HTTP 200 (200/202 = accepted)
google ping: 404 (deprecated by Google — use Search Console)
bing ping:   410 (deprecated — IndexNow above is what counts)
[index Mon Aug 24 06:00:02 AM IST 2026] done url=https://bhaveshkumawat632.github.io count=66
[index Mon Aug 24 07:00:01 AM IST 2026] live URL: https://bhaveshkumawat632.github.io
indexnow (66 urls): HTTP 200 (200/202 = accepted)
google ping: 404 (deprecated by Google — use Search Console)
bing ping:   410 (deprecated — IndexNow above is what counts)
[index Mon Aug 24 07:00:03 AM IST 2026] done url=https://bhaveshkumawat632.github.io count=66
[index Mon Aug 24 08:00:01 AM IST 2026] live URL: https://bhaveshkumawat632.github.io
indexnow (66 urls): HTTP 200 (200/202 = accepted)
google ping: 404 (deprecated by Google — use Search Console)
bing ping:   410 (deprecated — IndexNow above is what counts)
[index Mon Aug 24 08:00:03 AM IST 2026] done url=https://bhaveshkumawat632.github.io count=66
[index Mon Aug 24 09:00:01 AM IST 2026] live URL: https://bhaveshkumawat632.github.io
indexnow (66 urls): HTTP 200 (200/202 = accepted)
google ping: 404 (deprecated by Google — use Search Console)
bing ping:   410 (deprecated — IndexNow above is what counts)
[index Mon Aug 24 09:00:03 AM IST 2026] done url=https://bhaveshkumawat632.github.io count=66
[index Mon Aug 24 10:00:01 AM IST 2026] live URL: https://bhaveshkumawat632.github.io
indexnow (66 urls): HTTP 200 (200/202 = accepted)
google ping: 404 (deprecated by Google — use Search Console)
bing ping:   410 (deprecated — IndexNow above is what counts)
[index Mon Aug 24 10:00:03 AM IST 2026] done url=https://bhaveshkumawat632.github.io count=66
[index Mon Aug 24 11:00:01 AM IST 2026] live URL: https://bhaveshkumawat632.github.io
indexnow (66 urls): HTTP 200 (200/202 = accepted)
google ping: 404 (deprecated by Google — use Search Console)
bing ping:   410 (deprecated — IndexNow above is what counts)
[index Mon Aug 24 11:00:02 AM IST 2026] done url=https://bhaveshkumawat632.github.io count=66
[index Mon Aug 24 12:00:01 PM IST 2026] live URL: https://bhaveshkumawat632.github.io
indexnow (66 urls): HTTP 200 (200/202 = accepted)
google ping: 404 (deprecated by Google — use Search Console)
bing ping:   410 (deprecated — IndexNow above is what counts)
[index Mon Aug 24 12:00:03 PM IST 2026] done url=https://bhaveshkumawat632.github.io count=66
[index Mon Aug 24 01:00:01 PM IST 2026] live URL: https://bhaveshkumawat632.github.io
indexnow (66 urls): HTTP 200 (200/202 = accepted)
google ping: 404 (deprecated by Google — use Search Console)
bing ping:   410 (deprecated — IndexNow above is what counts)
[index Mon Aug 24 01:00:02 PM IST 2026] done url=https://bhaveshkumawat632.github.io count=66
[index Mon Aug 24 02:00:01 PM IST 2026] live URL: https://bhaveshkumawat632.github.io
indexnow (66 urls): HTTP 200 (200/202 = accepted)
google ping: 404 (deprecated by Google — use Search Console)
bing ping:   410 (deprecated — IndexNow above is what counts)
[index Mon Aug 24 02:00:02 PM IST 2026] done url=https://bhaveshkumawat632.github.io count=66
[index Mon Aug 24 03:00:01 PM IST 2026] live URL: https://bhaveshkumawat632.github.io
indexnow (66 urls): HTTP 200 (200/202 = accepted)
google ping: 404 (deprecated by Google — use Search Console)
bing ping:   410 (deprecated — IndexNow above is what counts)
[index Mon Aug 24 03:00:03 PM IST 2026] done url=https://bhaveshkumawat632.github.io count=66
[index Mon Aug 24 04:00:01 PM IST 2026] live URL: https://bhaveshkumawat632.github.io
indexnow (66 urls): HTTP 200 (200/202 = accepted)
google ping: 404 (deprecated by Google — use Search Console)
bing ping:   410 (deprecated — IndexNow above is what counts)
[index Mon Aug 24 04:00:03 PM IST 2026] done url=https://bhaveshkumawat632.github.io count=66
[index Mon Aug 24 05:00:01 PM IST 2026] live URL: https://bhaveshkumawat632.github.io
indexnow (66 urls): HTTP 200 (200/202 = accepted)
google ping: 404 (deprecated by Google — use Search Console)
bing ping:   410 (deprecated — IndexNow above is what counts)
[index Mon Aug 24 05:00:03 PM IST 2026] done url=https://bhaveshkumawat632.github.io count=66
[index Mon Aug 24 06:00:01 PM IST 2026] live URL: https://bhaveshkumawat632.github.io
indexnow (66 urls): HTTP 200 (200/202 = accepted)
google ping: 404 (deprecated by Google — use Search Console)
bing ping:   410 (deprecated — IndexNow above is what counts)
[index Mon Aug 24 06:00:03 PM IST 2026] done url=https://bhaveshkumawat632.github.io count=66
[index Mon Aug 24 07:00:01 PM IST 2026] live URL: https://bhaveshkumawat632.github.io
indexnow (66 urls): HTTP 200 (200/202 = accepted)
google ping: 404 (deprecated by Google — use Search Console)
bing ping:   410 (deprecated — IndexNow above is what counts)
[index Mon Aug 24 07:00:03 PM IST 2026] done url=https://bhaveshkumawat632.github.io count=66
[index Mon Aug 24 08:00:01 PM IST 2026] live URL: https://bhaveshkumawat632.github.io
indexnow (66 urls): HTTP 200 (200/202 = accepted)
google ping: 404 (deprecated by Google — use Search Console)
bing ping:   410 (deprecated — IndexNow above is what counts)
[index Mon Aug 24 08:00:03 PM IST 2026] done url=https://bhaveshkumawat632.github.io count=66
[index Mon Aug 24 09:00:01 PM IST 2026] live URL: https://bhaveshkumawat632.github.io
indexnow (66 urls): HTTP 200 (200/202 = accepted)
google ping: 404 (deprecated by Google — use Search Console)
bing ping:   410 (deprecated — IndexNow above is what counts)
[index Mon Aug 24 09:00:04 PM IST 2026] done url=https://bhaveshkumawat632.github.io count=66
[index Mon Aug 24 10:00:01 PM IST 2026] live URL: https://bhaveshkumawat632.github.io
indexnow (66 urls): HTTP 200 (200/202 = accepted)
google ping: 404 (deprecated by Google — use Search Console)
bing ping:   410 (deprecated — IndexNow above is what counts)
[index Mon Aug 24 10:00:03 PM IST 2026] done url=https://bhaveshkumawat632.github.io count=66
[index Mon Aug 24 11:00:01 PM IST 2026] live URL: https://bhaveshkumawat632.github.io
indexnow (66 urls): HTTP 200 (200/202 = accepted)
google ping: 404 (deprecated by Google — use Search Console)
bing ping:   410 (deprecated — IndexNow above is what counts)
[index Mon Aug 24 11:00:02 PM IST 2026] done url=https://bhaveshkumawat632.github.io count=66
[index Tue Aug 25 12:00:01 AM IST 2026] live URL: https://bhaveshkumawat632.github.io
indexnow (66 urls): HTTP 200 (200/202 = accepted)
google ping: 404 (deprecated by Google — use Search Console)
bing ping:   410 (deprecated — IndexNow above is what counts)
[index Tue Aug 25 12:00:02 AM IST 2026] done url=https://bhaveshkumawat632.github.io count=66
[index Tue Aug 25 01:00:01 AM IST 2026] live URL: https://bhaveshkumawat632.github.io
indexnow (66 urls): HTTP 200 (200/202 = accepted)
google ping: 404 (deprecated by Google — use Search Console)
bing ping:   410 (deprecated — IndexNow above is what counts)
[index Tue Aug 25 01:00:03 AM IST 2026] done url=https://bhaveshkumawat632.github.io count=66
[index Tue Aug 25 02:00:01 AM IST 2026] live URL: https://bhaveshkumawat632.github.io
indexnow (66 urls): HTTP 200 (200/202 = accepted)
google ping: 404 (deprecated by Google — use Search Console)
bing ping:   410 (deprecated — IndexNow above is what counts)
[index Tue Aug 25 02:00:03 AM IST 2026] done url=https://bhaveshkumawat632.github.io count=66
[index Tue Aug 25 03:00:01 AM IST 2026] live URL: https://bhaveshkumawat632.github.io
indexnow (66 urls): HTTP 200 (200/202 = accepted)
google ping: 404 (deprecated by Google — use Search Console)
bing ping:   410 (deprecated — IndexNow above is what counts)
[index Tue Aug 25 03:00:03 AM IST 2026] done url=https://bhaveshkumawat632.github.io count=66
[index Tue Aug 25 04:00:02 AM IST 2026] live URL: https://bhaveshkumawat632.github.io
indexnow (66 urls): HTTP 200 (200/202 = accepted)
google ping: 404 (deprecated by Google — use Search Console)
bing ping:   410 (deprecated — IndexNow above is what counts)
[index Tue Aug 25 04:00:04 AM IST 2026] done url=https://bhaveshkumawat632.github.io count=66
[index Tue Aug 25 05:00:01 AM IST 2026] live URL: https://bhaveshkumawat632.github.io
indexnow (66 urls): HTTP 200 (200/202 = accepted)
google ping: 404 (deprecated by Google — use Search Console)
bing ping:   410 (deprecated — IndexNow above is what counts)
[index Tue Aug 25 05:00:03 AM IST 2026] done url=https://bhaveshkumawat632.github.io count=66
[index Tue Aug 25 06:00:01 AM IST 2026] live URL: https://bhaveshkumawat632.github.io
indexnow (66 urls): HTTP 200 (200/202 = accepted)
google ping: 404 (deprecated by Google — use Search Console)
bing ping:   410 (deprecated — IndexNow above is what counts)
[index Tue Aug 25 06:00:03 AM IST 2026] done url=https://bhaveshkumawat632.github.io count=66
[index Tue Aug 25 07:00:01 AM IST 2026] live URL: https://bhaveshkumawat632.github.io
indexnow (66 urls): HTTP 200 (200/202 = accepted)
google ping: 404 (deprecated by Google — use Search Console)
bing ping:   410 (deprecated — IndexNow above is what counts)
[index Tue Aug 25 07:00:03 AM IST 2026] done url=https://bhaveshkumawat632.github.io count=66
[index Tue Aug 25 08:00:01 AM IST 2026] live URL: https://bhaveshkumawat632.github.io
indexnow (66 urls): HTTP 200 (200/202 = accepted)
google ping: 404 (deprecated by Google — use Search Console)
bing ping:   410 (deprecated — IndexNow above is what counts)
[index Tue Aug 25 08:00:02 AM IST 2026] done url=https://bhaveshkumawat632.github.io count=66
[index Tue Aug 25 09:00:01 AM IST 2026] live URL: https://bhaveshkumawat632.github.io
indexnow (66 urls): HTTP 200 (200/202 = accepted)
google ping: 404 (deprecated by Google — use Search Console)
bing ping:   410 (deprecated — IndexNow above is what counts)
[index Tue Aug 25 09:00:03 AM IST 2026] done url=https://bhaveshkumawat632.github.io count=66
[index Tue Aug 25 10:00:01 AM IST 2026] live URL: https://bhaveshkumawat632.github.io
indexnow (66 urls): HTTP 200 (200/202 = accepted)
google ping: 404 (deprecated by Google — use Search Console)
bing ping:   410 (deprecated — IndexNow above is what counts)
[index Tue Aug 25 10:00:03 AM IST 2026] done url=https://bhaveshkumawat632.github.io count=66
[index Tue Aug 25 11:00:01 AM IST 2026] live URL: https://bhaveshkumawat632.github.io
indexnow (66 urls): HTTP 200 (200/202 = accepted)
google ping: 404 (deprecated by Google — use Search Console)
bing ping:   410 (deprecated — IndexNow above is what counts)
[index Tue Aug 25 11:00:02 AM IST 2026] done url=https://bhaveshkumawat632.github.io count=66
[index Tue Aug 25 01:00:01 PM IST 2026] live URL: https://bhaveshkumawat632.github.io
indexnow (66 urls): HTTP 200 (200/202 = accepted)
google ping: 404 (deprecated by Google — use Search Console)
bing ping:   410 (deprecated — IndexNow above is what counts)
[index Tue Aug 25 01:00:03 PM IST 2026] done url=https://bhaveshkumawat632.github.io count=66
[index Tue Aug 25 02:00:01 PM IST 2026] live URL: https://bhaveshkumawat632.github.io
indexnow (66 urls): HTTP 200 (200/202 = accepted)
google ping: 404 (deprecated by Google — use Search Console)
bing ping:   410 (deprecated — IndexNow above is what counts)
[index Tue Aug 25 02:00:03 PM IST 2026] done url=https://bhaveshkumawat632.github.io count=66
[index Tue Aug 25 03:00:01 PM IST 2026] live URL: https://bhaveshkumawat632.github.io
indexnow (66 urls): HTTP 200 (200/202 = accepted)
google ping: 404 (deprecated by Google — use Search Console)
bing ping:   410 (deprecated — IndexNow above is what counts)
[index Tue Aug 25 03:00:02 PM IST 2026] done url=https://bhaveshkumawat632.github.io count=66
[index Tue Aug 25 04:00:01 PM IST 2026] live URL: https://bhaveshkumawat632.github.io
indexnow (66 urls): HTTP 200 (200/202 = accepted)
google ping: 404 (deprecated by Google — use Search Console)
bing ping:   410 (deprecated — IndexNow above is what counts)
[index Tue Aug 25 04:00:03 PM IST 2026] done url=https://bhaveshkumawat632.github.io count=66
[index Tue Aug 25 05:00:01 PM IST 2026] live URL: https://bhaveshkumawat632.github.io
indexnow (66 urls): HTTP 200 (200/202 = accepted)
google ping: 404 (deprecated by Google — use Search Console)
bing ping:   410 (deprecated — IndexNow above is what counts)
[index Tue Aug 25 05:00:03 PM IST 2026] done url=https://bhaveshkumawat632.github.io count=66
[index Tue Aug 25 06:00:01 PM IST 2026] live URL: https://bhaveshkumawat632.github.io
indexnow (66 urls): HTTP 200 (200/202 = accepted)
google ping: 404 (deprecated by Google — use Search Console)
bing ping:   410 (deprecated — IndexNow above is what counts)
[index Tue Aug 25 06:00:03 PM IST 2026] done url=https://bhaveshkumawat632.github.io count=66
[index Tue Aug 25 07:00:02 PM IST 2026] live URL: https://bhaveshkumawat632.github.io
indexnow (66 urls): HTTP 200 (200/202 = accepted)
google ping: 404 (deprecated by Google — use Search Console)
bing ping:   410 (deprecated — IndexNow above is what counts)
[index Tue Aug 25 07:00:03 PM IST 2026] done url=https://bhaveshkumawat632.github.io count=66
[index Tue Aug 25 08:00:01 PM IST 2026] live URL: https://bhaveshkumawat632.github.io
indexnow (66 urls): HTTP 200 (200/202 = accepted)
google ping: 404 (deprecated by Google — use Search Console)
bing ping:   410 (deprecated — IndexNow above is what counts)
[index Tue Aug 25 08:00:03 PM IST 2026] done url=https://bhaveshkumawat632.github.io count=66
[index Tue Aug 25 09:00:01 PM IST 2026] live URL: https://bhaveshkumawat632.github.io
indexnow (66 urls): HTTP 200 (200/202 = accepted)
google ping: 404 (deprecated by Google — use Search Console)
bing ping:   410 (deprecated — IndexNow above is what counts)
[index Tue Aug 25 09:00:03 PM IST 2026] done url=https://bhaveshkumawat632.github.io count=66
[index Tue Aug 25 10:00:01 PM IST 2026] live URL: https://bhaveshkumawat632.github.io
indexnow (66 urls): HTTP 200 (200/202 = accepted)
google ping: 404 (deprecated by Google — use Search Console)
bing ping:   410 (deprecated — IndexNow above is what counts)
[index Tue Aug 25 10:00:03 PM IST 2026] done url=https://bhaveshkumawat632.github.io count=66
[index Tue Aug 25 11:00:01 PM IST 2026] live URL: https://bhaveshkumawat632.github.io
indexnow (66 urls): HTTP 200 (200/202 = accepted)
google ping: 404 (deprecated by Google — use Search Console)
bing ping:   410 (deprecated — IndexNow above is what counts)
[index Tue Aug 25 11:00:03 PM IST 2026] done url=https://bhaveshkumawat632.github.io count=66
[index Wed Aug 26 12:00:01 AM IST 2026] live URL: https://bhaveshkumawat632.github.io
indexnow (66 urls): HTTP 200 (200/202 = accepted)
google ping: 404 (deprecated by Google — use Search Console)
bing ping:   410 (deprecated — IndexNow above is what counts)
[index Wed Aug 26 12:00:03 AM IST 2026] done url=https://bhaveshkumawat632.github.io count=66
[index Wed Aug 26 01:00:02 AM IST 2026] live URL: https://bhaveshkumawat632.github.io
indexnow (66 urls): HTTP 200 (200/202 = accepted)
google ping: 404 (deprecated by Google — use Search Console)
bing ping:   410 (deprecated — IndexNow above is what counts)
[index Wed Aug 26 01:00:03 AM IST 2026] done url=https://bhaveshkumawat632.github.io count=66
[index Wed Aug 26 02:00:01 AM IST 2026] live URL: https://bhaveshkumawat632.github.io
indexnow (66 urls): HTTP 200 (200/202 = accepted)
google ping: 404 (deprecated by Google — use Search Console)
bing ping:   410 (deprecated — IndexNow above is what counts)
[index Wed Aug 26 02:00:02 AM IST 2026] done url=https://bhaveshkumawat632.github.io count=66
[index Wed Aug 26 03:00:01 AM IST 2026] live URL: https://bhaveshkumawat632.github.io
indexnow (66 urls): HTTP 200 (200/202 = accepted)
google ping: 404 (deprecated by Google — use Search Console)
bing ping:   410 (deprecated — IndexNow above is what counts)
[index Wed Aug 26 03:00:03 AM IST 2026] done url=https://bhaveshkumawat632.github.io count=66
[index Wed Aug 26 04:00:01 AM IST 2026] live URL: https://bhaveshkumawat632.github.io
indexnow (66 urls): HTTP 200 (200/202 = accepted)
google ping: 404 (deprecated by Google — use Search Console)
bing ping:   410 (deprecated — IndexNow above is what counts)
[index Wed Aug 26 04:00:03 AM IST 2026] done url=https://bhaveshkumawat632.github.io count=66
[index Wed Aug 26 05:00:01 AM IST 2026] live URL: https://bhaveshkumawat632.github.io
indexnow (66 urls): HTTP 200 (200/202 = accepted)
google ping: 404 (deprecated by Google — use Search Console)
bing ping:   410 (deprecated — IndexNow above is what counts)
[index Wed Aug 26 05:00:03 AM IST 2026] done url=https://bhaveshkumawat632.github.io count=66
[index Wed Aug 26 06:00:01 AM IST 2026] live URL: https://bhaveshkumawat632.github.io
indexnow (66 urls): HTTP 200 (200/202 = accepted)
google ping: 404 (deprecated by Google — use Search Console)
bing ping:   410 (deprecated — IndexNow above is what counts)
[index Wed Aug 26 06:00:04 AM IST 2026] done url=https://bhaveshkumawat632.github.io count=66
[index Wed Aug 26 07:00:01 AM IST 2026] live URL: https://bhaveshkumawat632.github.io
indexnow (66 urls): HTTP 200 (200/202 = accepted)
google ping: 404 (deprecated by Google — use Search Console)
bing ping:   410 (deprecated — IndexNow above is what counts)
[index Wed Aug 26 07:00:03 AM IST 2026] done url=https://bhaveshkumawat632.github.io count=66
[index Wed Aug 26 08:00:01 AM IST 2026] live URL: https://bhaveshkumawat632.github.io
indexnow (66 urls): HTTP 200 (200/202 = accepted)
google ping: 404 (deprecated by Google — use Search Console)
bing ping:   410 (deprecated — IndexNow above is what counts)
[index Wed Aug 26 08:00:03 AM IST 2026] done url=https://bhaveshkumawat632.github.io count=66
[index Wed Aug 26 09:00:01 AM IST 2026] live URL: https://bhaveshkumawat632.github.io
indexnow (66 urls): HTTP 200 (200/202 = accepted)
google ping: 404 (deprecated by Google — use Search Console)
bing ping:   410 (deprecated — IndexNow above is what counts)
[index Wed Aug 26 09:00:03 AM IST 2026] done url=https://bhaveshkumawat632.github.io count=66
[index Wed Aug 26 10:00:01 AM IST 2026] live URL: https://bhaveshkumawat632.github.io
indexnow (66 urls): HTTP 200 (200/202 = accepted)
google ping: 404 (deprecated by Google — use Search Console)
bing ping:   410 (deprecated — IndexNow above is what counts)
[index Wed Aug 26 10:00:03 AM IST 2026] done url=https://bhaveshkumawat632.github.io count=66
[index Wed Aug 26 11:00:01 AM IST 2026] live URL: https://bhaveshkumawat632.github.io
indexnow (66 urls): HTTP 200 (200/202 = accepted)
google ping: 404 (deprecated by Google — use Search Console)
bing ping:   410 (deprecated — IndexNow above is what counts)
[index Wed Aug 26 11:00:03 AM IST 2026] done url=https://bhaveshkumawat632.github.io count=66
[index Wed Aug 26 12:00:01 PM IST 2026] live URL: https://bhaveshkumawat632.github.io
indexnow (66 urls): HTTP 200 (200/202 = accepted)
google ping: 404 (deprecated by Google — use Search Console)
bing ping:   410 (deprecated — IndexNow above is what counts)
[index Wed Aug 26 12:00:03 PM IST 2026] done url=https://bhaveshkumawat632.github.io count=66
[index Wed Aug 26 01:00:01 PM IST 2026] live URL: https://bhaveshkumawat632.github.io
indexnow (66 urls): HTTP 200 (200/202 = accepted)
google ping: 404 (deprecated by Google — use Search Console)
bing ping:   410 (deprecated — IndexNow above is what counts)
[index Wed Aug 26 01:00:08 PM IST 2026] done url=https://bhaveshkumawat632.github.io count=66
[index Wed Aug 26 02:00:01 PM IST 2026] live URL: https://bhaveshkumawat632.github.io
indexnow (66 urls): HTTP 200 (200/202 = accepted)
google ping: 404 (deprecated by Google — use Search Console)
bing ping:   410 (deprecated — IndexNow above is what counts)
[index Wed Aug 26 02:00:03 PM IST 2026] done url=https://bhaveshkumawat632.github.io count=66
[index Wed Aug 26 03:00:01 PM IST 2026] live URL: https://bhaveshkumawat632.github.io
indexnow (66 urls): HTTP 200 (200/202 = accepted)
google ping: 404 (deprecated by Google — use Search Console)
bing ping:   410 (deprecated — IndexNow above is what counts)
[index Wed Aug 26 03:00:03 PM IST 2026] done url=https://bhaveshkumawat632.github.io count=66
[index Wed Aug 26 04:00:02 PM IST 2026] live URL: https://bhaveshkumawat632.github.io
indexnow (66 urls): HTTP 200 (200/202 = accepted)
google ping: 404 (deprecated by Google — use Search Console)
bing ping:   410 (deprecated — IndexNow above is what counts)
[index Wed Aug 26 04:00:04 PM IST 2026] done url=https://bhaveshkumawat632.github.io count=66
[index Wed Aug 26 05:00:01 PM IST 2026] live URL: https://bhaveshkumawat632.github.io
indexnow (66 urls): HTTP 200 (200/202 = accepted)
google ping: 404 (deprecated by Google — use Search Console)
bing ping:   410 (deprecated — IndexNow above is what counts)
[index Wed Aug 26 05:00:03 PM IST 2026] done url=https://bhaveshkumawat632.github.io count=66
[index Wed Aug 26 06:00:01 PM IST 2026] live URL: https://bhaveshkumawat632.github.io
indexnow (66 urls): HTTP 200 (200/202 = accepted)
google ping: 404 (deprecated by Google — use Search Console)
bing ping:   410 (deprecated — IndexNow above is what counts)
[index Wed Aug 26 06:00:03 PM IST 2026] done url=https://bhaveshkumawat632.github.io count=66
[index Wed Aug 26 07:00:01 PM IST 2026] live URL: https://bhaveshkumawat632.github.io
indexnow (66 urls): HTTP 200 (200/202 = accepted)
google ping: 404 (deprecated by Google — use Search Console)
bing ping:   410 (deprecated — IndexNow above is what counts)
[index Wed Aug 26 07:00:02 PM IST 2026] done url=https://bhaveshkumawat632.github.io count=66
[index Wed Aug 26 08:00:01 PM IST 2026] live URL: https://bhaveshkumawat632.github.io
indexnow (66 urls): HTTP 200 (200/202 = accepted)
google ping: 404 (deprecated by Google — use Search Console)
bing ping:   410 (deprecated — IndexNow above is what counts)
[index Wed Aug 26 08:00:02 PM IST 2026] done url=https://bhaveshkumawat632.github.io count=66
[index Wed Aug 26 09:00:01 PM IST 2026] live URL: https://bhaveshkumawat632.github.io
indexnow (66 urls): HTTP 200 (200/202 = accepted)
google ping: 404 (deprecated by Google — use Search Console)
bing ping:   410 (deprecated — IndexNow above is what counts)
[index Wed Aug 26 09:00:03 PM IST 2026] done url=https://bhaveshkumawat632.github.io count=66
[index Wed Aug 26 10:00:01 PM IST 2026] live URL: https://bhaveshkumawat632.github.io
indexnow (66 urls): HTTP 200 (200/202 = accepted)
google ping: 404 (deprecated by Google — use Search Console)
bing ping:   410 (deprecated — IndexNow above is what counts)
[index Wed Aug 26 10:00:02 PM IST 2026] done url=https://bhaveshkumawat632.github.io count=66
[index Wed Aug 26 11:00:01 PM IST 2026] live URL: https://bhaveshkumawat632.github.io
indexnow (66 urls): HTTP 200 (200/202 = accepted)
google ping: 404 (deprecated by Google — use Search Console)
bing ping:   410 (deprecated — IndexNow above is what counts)
[index Wed Aug 26 11:00:02 PM IST 2026] done url=https://bhaveshkumawat632.github.io count=66
[index Thu Aug 27 12:00:01 AM IST 2026] live URL: https://bhaveshkumawat632.github.io
indexnow (66 urls): HTTP 200 (200/202 = accepted)
google ping: 404 (deprecated by Google — use Search Console)
bing ping:   410 (deprecated — IndexNow above is what counts)
[index Thu Aug 27 12:00:02 AM IST 2026] done url=https://bhaveshkumawat632.github.io count=66
[index Thu Aug 27 01:00:01 AM IST 2026] live URL: https://bhaveshkumawat632.github.io
indexnow (66 urls): HTTP 200 (200/202 = accepted)
google ping: 404 (deprecated by Google — use Search Console)
bing ping:   410 (deprecated — IndexNow above is what counts)
[index Thu Aug 27 01:00:03 AM IST 2026] done url=https://bhaveshkumawat632.github.io count=66
[index Thu Aug 27 02:00:01 AM IST 2026] live URL: https://bhaveshkumawat632.github.io
indexnow (66 urls): HTTP 200 (200/202 = accepted)
google ping: 404 (deprecated by Google — use Search Console)
bing ping:   410 (deprecated — IndexNow above is what counts)
[index Thu Aug 27 02:00:03 AM IST 2026] done url=https://bhaveshkumawat632.github.io count=66
[index Thu Aug 27 03:00:02 AM IST 2026] live URL: https://bhaveshkumawat632.github.io
indexnow (66 urls): HTTP 200 (200/202 = accepted)
google ping: 404 (deprecated by Google — use Search Console)
bing ping:   410 (deprecated — IndexNow above is what counts)
[index Thu Aug 27 03:00:03 AM IST 2026] done url=https://bhaveshkumawat632.github.io count=66
[index Thu Aug 27 04:00:02 AM IST 2026] live URL: https://bhaveshkumawat632.github.io
indexnow (66 urls): HTTP 200 (200/202 = accepted)
google ping: 404 (deprecated by Google — use Search Console)
bing ping:   410 (deprecated — IndexNow above is what counts)
[index Thu Aug 27 04:00:03 AM IST 2026] done url=https://bhaveshkumawat632.github.io count=66
[index Thu Aug 27 05:00:01 AM IST 2026] live URL: https://bhaveshkumawat632.github.io
indexnow (66 urls): HTTP 200 (200/202 = accepted)
google ping: 404 (deprecated by Google — use Search Console)
bing ping:   410 (deprecated — IndexNow above is what counts)
[index Thu Aug 27 05:00:03 AM IST 2026] done url=https://bhaveshkumawat632.github.io count=66
[index Thu Aug 27 06:00:01 AM IST 2026] live URL: https://bhaveshkumawat632.github.io
indexnow (66 urls): HTTP 200 (200/202 = accepted)
google ping: 404 (deprecated by Google — use Search Console)
bing ping:   410 (deprecated — IndexNow above is what counts)
[index Thu Aug 27 06:00:03 AM IST 2026] done url=https://bhaveshkumawat632.github.io count=66
[index Thu Aug 27 07:00:01 AM IST 2026] live URL: https://bhaveshkumawat632.github.io
indexnow (66 urls): HTTP 200 (200/202 = accepted)
google ping: 404 (deprecated by Google — use Search Console)
bing ping:   410 (deprecated — IndexNow above is what counts)
[index Thu Aug 27 07:00:03 AM IST 2026] done url=https://bhaveshkumawat632.github.io count=66
[index Thu Aug 27 08:00:01 AM IST 2026] live URL: https://bhaveshkumawat632.github.io
indexnow (66 urls): HTTP 200 (200/202 = accepted)
google ping: 404 (deprecated by Google — use Search Console)
bing ping:   410 (deprecated — IndexNow above is what counts)
[index Thu Aug 27 08:00:03 AM IST 2026] done url=https://bhaveshkumawat632.github.io count=66
[index Thu Aug 27 09:00:01 AM IST 2026] live URL: https://bhaveshkumawat632.github.io
indexnow (66 urls): HTTP 200 (200/202 = accepted)
google ping: 404 (deprecated by Google — use Search Console)
bing ping:   410 (deprecated — IndexNow above is what counts)
[index Thu Aug 27 09:00:02 AM IST 2026] done url=https://bhaveshkumawat632.github.io count=66
[index Thu Aug 27 10:00:01 AM IST 2026] live URL: https://bhaveshkumawat632.github.io
indexnow (66 urls): HTTP 200 (200/202 = accepted)
google ping: 404 (deprecated by Google — use Search Console)
bing ping:   410 (deprecated — IndexNow above is what counts)
[index Thu Aug 27 10:00:03 AM IST 2026] done url=https://bhaveshkumawat632.github.io count=66
[index Fri Aug 28 01:00:02 AM IST 2026] live URL: https://bhaveshkumawat632.github.io
indexnow (66 urls): HTTP 200 (200/202 = accepted)
google ping: 404 (deprecated by Google — use Search Console)
bing ping:   410 (deprecated — IndexNow above is what counts)
[index Fri Aug 28 01:00:03 AM IST 2026] done url=https://bhaveshkumawat632.github.io count=66
[index Fri Aug 28 02:00:01 AM IST 2026] live URL: https://bhaveshkumawat632.github.io
indexnow (66 urls): HTTP 200 (200/202 = accepted)
google ping: 404 (deprecated by Google — use Search Console)
bing ping:   410 (deprecated — IndexNow above is what counts)
[index Fri Aug 28 02:00:03 AM IST 2026] done url=https://bhaveshkumawat632.github.io count=66
[index Fri Aug 28 03:00:01 AM IST 2026] live URL: https://bhaveshkumawat632.github.io
indexnow (66 urls): HTTP 200 (200/202 = accepted)
google ping: 404 (deprecated by Google — use Search Console)
bing ping:   410 (deprecated — IndexNow above is what counts)
[index Fri Aug 28 03:00:02 AM IST 2026] done url=https://bhaveshkumawat632.github.io count=66
[index Fri Aug 28 04:00:01 AM IST 2026] live URL: https://bhaveshkumawat632.github.io
indexnow (66 urls): HTTP 200 (200/202 = accepted)
google ping: 404 (deprecated by Google — use Search Console)
bing ping:   410 (deprecated — IndexNow above is what counts)
[index Fri Aug 28 04:00:02 AM IST 2026] done url=https://bhaveshkumawat632.github.io count=66
[index Fri Aug 28 05:00:01 AM IST 2026] live URL: https://bhaveshkumawat632.github.io
indexnow (66 urls): HTTP 200 (200/202 = accepted)
google ping: 404 (deprecated by Google — use Search Console)
bing ping:   410 (deprecated — IndexNow above is what counts)
[index Fri Aug 28 05:00:03 AM IST 2026] done url=https://bhaveshkumawat632.github.io count=66
[index Fri Aug 28 06:00:01 AM IST 2026] live URL: https://bhaveshkumawat632.github.io
indexnow (66 urls): HTTP 200 (200/202 = accepted)
google ping: 404 (deprecated by Google — use Search Console)
bing ping:   410 (deprecated — IndexNow above is what counts)
[index Fri Aug 28 06:00:03 AM IST 2026] done url=https://bhaveshkumawat632.github.io count=66
[index Fri Aug 28 07:00:01 AM IST 2026] live URL: https://bhaveshkumawat632.github.io
indexnow (66 urls): HTTP 200 (200/202 = accepted)
google ping: 404 (deprecated by Google — use Search Console)
bing ping:   410 (deprecated — IndexNow above is what counts)
[index Fri Aug 28 07:00:03 AM IST 2026] done url=https://bhaveshkumawat632.github.io count=66
[index Fri Aug 28 08:00:01 AM IST 2026] live URL: https://bhaveshkumawat632.github.io
indexnow (66 urls): HTTP 200 (200/202 = accepted)
google ping: 404 (deprecated by Google — use Search Console)
bing ping:   410 (deprecated — IndexNow above is what counts)
[index Fri Aug 28 08:00:03 AM IST 2026] done url=https://bhaveshkumawat632.github.io count=66
[index Fri Aug 28 09:00:01 AM IST 2026] live URL: https://bhaveshkumawat632.github.io
indexnow (66 urls): HTTP 200 (200/202 = accepted)
google ping: 404 (deprecated by Google — use Search Console)
bing ping:   410 (deprecated — IndexNow above is what counts)
[index Fri Aug 28 09:00:03 AM IST 2026] done url=https://bhaveshkumawat632.github.io count=66
[index Fri Aug 28 10:00:01 AM IST 2026] live URL: https://bhaveshkumawat632.github.io
indexnow (66 urls): HTTP 200 (200/202 = accepted)
google ping: 404 (deprecated by Google — use Search Console)
bing ping:   410 (deprecated — IndexNow above is what counts)
[index Fri Aug 28 10:00:03 AM IST 2026] done url=https://bhaveshkumawat632.github.io count=66
[index Fri Aug 28 11:00:01 AM IST 2026] live URL: https://bhaveshkumawat632.github.io
indexnow (66 urls): HTTP 200 (200/202 = accepted)
google ping: 404 (deprecated by Google — use Search Console)
bing ping:   410 (deprecated — IndexNow above is what counts)
[index Fri Aug 28 11:00:03 AM IST 2026] done url=https://bhaveshkumawat632.github.io count=66
[index Fri Aug 28 12:00:02 PM IST 2026] live URL: https://bhaveshkumawat632.github.io
indexnow (66 urls): HTTP 200 (200/202 = accepted)
google ping: 404 (deprecated by Google — use Search Console)
bing ping:   410 (deprecated — IndexNow above is what counts)
[index Fri Aug 28 12:00:03 PM IST 2026] done url=https://bhaveshkumawat632.github.io count=66
[index Fri Aug 28 01:00:01 PM IST 2026] live URL: https://bhaveshkumawat632.github.io
indexnow (66 urls): HTTP 200 (200/202 = accepted)
google ping: 404 (deprecated by Google — use Search Console)
bing ping:   410 (deprecated — IndexNow above is what counts)
[index Fri Aug 28 01:00:03 PM IST 2026] done url=https://bhaveshkumawat632.github.io count=66
[index Fri Aug 28 02:00:01 PM IST 2026] live URL: https://bhaveshkumawat632.github.io
indexnow (66 urls): HTTP 200 (200/202 = accepted)
google ping: 404 (deprecated by Google — use Search Console)
bing ping:   410 (deprecated — IndexNow above is what counts)
[index Fri Aug 28 02:00:03 PM IST 2026] done url=https://bhaveshkumawat632.github.io count=66
[index Fri Aug 28 03:00:01 PM IST 2026] live URL: https://bhaveshkumawat632.github.io
indexnow (66 urls): HTTP 200 (200/202 = accepted)
google ping: 404 (deprecated by Google — use Search Console)
bing ping:   410 (deprecated — IndexNow above is what counts)
[index Fri Aug 28 03:00:02 PM IST 2026] done url=https://bhaveshkumawat632.github.io count=66
[index Fri Aug 28 04:00:01 PM IST 2026] live URL: https://bhaveshkumawat632.github.io
indexnow (66 urls): HTTP 200 (200/202 = accepted)
google ping: 404 (deprecated by Google — use Search Console)
bing ping:   410 (deprecated — IndexNow above is what counts)
[index Fri Aug 28 04:00:03 PM IST 2026] done url=https://bhaveshkumawat632.github.io count=66
[index Fri Aug 28 05:00:01 PM IST 2026] live URL: https://bhaveshkumawat632.github.io
indexnow (66 urls): HTTP 200 (200/202 = accepted)
google ping: 404 (deprecated by Google — use Search Console)
bing ping:   410 (deprecated — IndexNow above is what counts)
[index Fri Aug 28 05:00:03 PM IST 2026] done url=https://bhaveshkumawat632.github.io count=66
[index Fri Aug 28 06:00:01 PM IST 2026] live URL: https://bhaveshkumawat632.github.io
indexnow (66 urls): HTTP 200 (200/202 = accepted)
google ping: 404 (deprecated by Google — use Search Console)
bing ping:   410 (deprecated — IndexNow above is what counts)
[index Fri Aug 28 06:00:03 PM IST 2026] done url=https://bhaveshkumawat632.github.io count=66
[index Fri Aug 28 07:00:01 PM IST 2026] live URL: https://bhaveshkumawat632.github.io
indexnow (66 urls): HTTP 200 (200/202 = accepted)
google ping: 404 (deprecated by Google — use Search Console)
bing ping:   410 (deprecated — IndexNow above is what counts)
[index Fri Aug 28 07:00:02 PM IST 2026] done url=https://bhaveshkumawat632.github.io count=66
[index Fri Aug 28 08:00:01 PM IST 2026] live URL: https://bhaveshkumawat632.github.io
indexnow (66 urls): HTTP 200 (200/202 = accepted)
google ping: 404 (deprecated by Google — use Search Console)
bing ping:   410 (deprecated — IndexNow above is what counts)
[index Fri Aug 28 08:00:03 PM IST 2026] done url=https://bhaveshkumawat632.github.io count=66
[index Fri Aug 28 09:00:01 PM IST 2026] live URL: https://bhaveshkumawat632.github.io
indexnow (66 urls): HTTP 200 (200/202 = accepted)
google ping: 404 (deprecated by Google — use Search Console)
bing ping:   410 (deprecated — IndexNow above is what counts)
[index Fri Aug 28 09:00:03 PM IST 2026] done url=https://bhaveshkumawat632.github.io count=66
[index Fri Aug 28 10:00:01 PM IST 2026] live URL: https://bhaveshkumawat632.github.io
indexnow (66 urls): HTTP 200 (200/202 = accepted)
google ping: 404 (deprecated by Google — use Search Console)
bing ping:   410 (deprecated — IndexNow above is what counts)
[index Fri Aug 28 10:00:03 PM IST 2026] done url=https://bhaveshkumawat632.github.io count=66
[index Fri Aug 28 11:00:01 PM IST 2026] live URL: https://bhaveshkumawat632.github.io
indexnow (66 urls): HTTP 200 (200/202 = accepted)
google ping: 404 (deprecated by Google — use Search Console)
bing ping:   410 (deprecated — IndexNow above is what counts)
[index Fri Aug 28 11:00:03 PM IST 2026] done url=https://bhaveshkumawat632.github.io count=66
[index Sat Aug 29 12:00:01 AM IST 2026] live URL: https://bhaveshkumawat632.github.io
indexnow (66 urls): HTTP 200 (200/202 = accepted)
google ping: 404 (deprecated by Google — use Search Console)
bing ping:   410 (deprecated — IndexNow above is what counts)
[index Sat Aug 29 12:00:02 AM IST 2026] done url=https://bhaveshkumawat632.github.io count=66
[index Sat Aug 29 01:00:01 AM IST 2026] live URL: https://bhaveshkumawat632.github.io
indexnow (66 urls): HTTP 200 (200/202 = accepted)
google ping: 404 (deprecated by Google — use Search Console)
bing ping:   410 (deprecated — IndexNow above is what counts)
[index Sat Aug 29 01:00:02 AM IST 2026] done url=https://bhaveshkumawat632.github.io count=66
[index Sat Aug 29 02:00:01 AM IST 2026] live URL: https://bhaveshkumawat632.github.io
indexnow (66 urls): HTTP 200 (200/202 = accepted)
google ping: 404 (deprecated by Google — use Search Console)
bing ping:   410 (deprecated — IndexNow above is what counts)
[index Sat Aug 29 02:00:02 AM IST 2026] done url=https://bhaveshkumawat632.github.io count=66
[index Sat Aug 29 03:00:01 AM IST 2026] live URL: https://bhaveshkumawat632.github.io
indexnow (66 urls): HTTP 200 (200/202 = accepted)
google ping: 404 (deprecated by Google — use Search Console)
bing ping:   410 (deprecated — IndexNow above is what counts)
[index Sat Aug 29 03:00:02 AM IST 2026] done url=https://bhaveshkumawat632.github.io count=66
[index Sat Aug 29 04:00:01 AM IST 2026] live URL: https://bhaveshkumawat632.github.io
indexnow (66 urls): HTTP 200 (200/202 = accepted)
google ping: 404 (deprecated by Google — use Search Console)
bing ping:   410 (deprecated — IndexNow above is what counts)
[index Sat Aug 29 04:00:02 AM IST 2026] done url=https://bhaveshkumawat632.github.io count=66
[index Sat Aug 29 05:00:01 AM IST 2026] live URL: https://bhaveshkumawat632.github.io
indexnow (66 urls): HTTP 200 (200/202 = accepted)
google ping: 404 (deprecated by Google — use Search Console)
bing ping:   410 (deprecated — IndexNow above is what counts)
[index Sat Aug 29 05:00:02 AM IST 2026] done url=https://bhaveshkumawat632.github.io count=66
[index Sat Aug 29 06:00:01 AM IST 2026] live URL: https://bhaveshkumawat632.github.io
indexnow (66 urls): HTTP 200 (200/202 = accepted)
google ping: 404 (deprecated by Google — use Search Console)
bing ping:   410 (deprecated — IndexNow above is what counts)
[index Sat Aug 29 06:00:04 AM IST 2026] done url=https://bhaveshkumawat632.github.io count=66
[index Sat Aug 29 07:00:01 AM IST 2026] live URL: https://bhaveshkumawat632.github.io
indexnow (66 urls): HTTP 200 (200/202 = accepted)
google ping: 404 (deprecated by Google — use Search Console)
bing ping:   410 (deprecated — IndexNow above is what counts)
[index Sat Aug 29 07:00:03 AM IST 2026] done url=https://bhaveshkumawat632.github.io count=66
[index Sat Aug 29 08:00:01 AM IST 2026] live URL: https://bhaveshkumawat632.github.io
indexnow (66 urls): HTTP 200 (200/202 = accepted)
google ping: 404 (deprecated by Google — use Search Console)
bing ping:   410 (deprecated — IndexNow above is what counts)
[index Sat Aug 29 08:00:02 AM IST 2026] done url=https://bhaveshkumawat632.github.io count=66
[index Sat Aug 29 09:00:01 AM IST 2026] live URL: https://bhaveshkumawat632.github.io
indexnow (66 urls): HTTP 200 (200/202 = accepted)
google ping: 404 (deprecated by Google — use Search Console)
bing ping:   410 (deprecated — IndexNow above is what counts)
[index Sat Aug 29 09:00:03 AM IST 2026] done url=https://bhaveshkumawat632.github.io count=66
[index Sat Aug 29 10:00:01 AM IST 2026] live URL: https://bhaveshkumawat632.github.io
indexnow (66 urls): HTTP 200 (200/202 = accepted)
google ping: 404 (deprecated by Google — use Search Console)
bing ping:   410 (deprecated — IndexNow above is what counts)
[index Sat Aug 29 10:00:02 AM IST 2026] done url=https://bhaveshkumawat632.github.io count=66
[index Sat Aug 29 11:00:01 AM IST 2026] live URL: https://bhaveshkumawat632.github.io
indexnow (66 urls): HTTP 200 (200/202 = accepted)
google ping: 404 (deprecated by Google — use Search Console)
bing ping:   410 (deprecated — IndexNow above is what counts)
[index Sat Aug 29 11:00:03 AM IST 2026] done url=https://bhaveshkumawat632.github.io count=66
[index Sat Aug 29 12:00:01 PM IST 2026] live URL: https://bhaveshkumawat632.github.io
indexnow (66 urls): HTTP 200 (200/202 = accepted)
google ping: 404 (deprecated by Google — use Search Console)
bing ping:   410 (deprecated — IndexNow above is what counts)
[index Sat Aug 29 12:00:02 PM IST 2026] done url=https://bhaveshkumawat632.github.io count=66
[index Sat Aug 29 01:00:01 PM IST 2026] live URL: https://bhaveshkumawat632.github.io
indexnow (66 urls): HTTP 200 (200/202 = accepted)
google ping: 404 (deprecated by Google — use Search Console)
bing ping:   410 (deprecated — IndexNow above is what counts)
[index Sat Aug 29 01:00:02 PM IST 2026] done url=https://bhaveshkumawat632.github.io count=66
[index Sat Aug 29 02:00:01 PM IST 2026] live URL: https://bhaveshkumawat632.github.io
indexnow (66 urls): HTTP 200 (200/202 = accepted)
google ping: 404 (deprecated by Google — use Search Console)
bing ping:   410 (deprecated — IndexNow above is what counts)
[index Sat Aug 29 02:00:02 PM IST 2026] done url=https://bhaveshkumawat632.github.io count=66
[index Sat Aug 29 03:00:01 PM IST 2026] live URL: https://bhaveshkumawat632.github.io
indexnow (66 urls): HTTP 200 (200/202 = accepted)
google ping: 404 (deprecated by Google — use Search Console)
bing ping:   410 (deprecated — IndexNow above is what counts)
[index Sat Aug 29 03:00:02 PM IST 2026] done url=https://bhaveshkumawat632.github.io count=66
[index Sat Aug 29 04:00:01 PM IST 2026] live URL: https://bhaveshkumawat632.github.io
indexnow (66 urls): HTTP 200 (200/202 = accepted)
google ping: 404 (deprecated by Google — use Search Console)
bing ping:   410 (deprecated — IndexNow above is what counts)
[index Sat Aug 29 04:00:08 PM IST 2026] done url=https://bhaveshkumawat632.github.io count=66
[index Sat Aug 29 05:00:01 PM IST 2026] live URL: https://bhaveshkumawat632.github.io
indexnow (66 urls): HTTP 200 (200/202 = accepted)
google ping: 404 (deprecated by Google — use Search Console)
bing ping:   410 (deprecated — IndexNow above is what counts)
[index Sat Aug 29 05:00:02 PM IST 2026] done url=https://bhaveshkumawat632.github.io count=66
[index Sat Aug 29 06:00:01 PM IST 2026] live URL: https://bhaveshkumawat632.github.io
indexnow (66 urls): HTTP 200 (200/202 = accepted)
google ping: 404 (deprecated by Google — use Search Console)
bing ping:   410 (deprecated — IndexNow above is what counts)
[index Sat Aug 29 06:00:03 PM IST 2026] done url=https://bhaveshkumawat632.github.io count=66
[index Sat Aug 29 07:00:01 PM IST 2026] live URL: https://bhaveshkumawat632.github.io
indexnow (66 urls): HTTP 200 (200/202 = accepted)
google ping: 404 (deprecated by Google — use Search Console)
bing ping:   410 (deprecated — IndexNow above is what counts)
[index Sat Aug 29 07:00:02 PM IST 2026] done url=https://bhaveshkumawat632.github.io count=66
[index Sat Aug 29 08:00:01 PM IST 2026] live URL: https://bhaveshkumawat632.github.io
indexnow (66 urls): HTTP 200 (200/202 = accepted)
google ping: 404 (deprecated by Google — use Search Console)
bing ping:   410 (deprecated — IndexNow above is what counts)
[index Sat Aug 29 08:00:03 PM IST 2026] done url=https://bhaveshkumawat632.github.io count=66
[index Sat Aug 29 09:00:01 PM IST 2026] live URL: https://bhaveshkumawat632.github.io
indexnow (66 urls): HTTP 200 (200/202 = accepted)
google ping: 404 (deprecated by Google — use Search Console)
bing ping:   410 (deprecated — IndexNow above is what counts)
[index Sat Aug 29 09:00:03 PM IST 2026] done url=https://bhaveshkumawat632.github.io count=66
[index Sat Aug 29 10:00:01 PM IST 2026] live URL: https://bhaveshkumawat632.github.io
indexnow (66 urls): HTTP 200 (200/202 = accepted)
google ping: 404 (deprecated by Google — use Search Console)
bing ping:   410 (deprecated — IndexNow above is what counts)
[index Sat Aug 29 10:00:02 PM IST 2026] done url=https://bhaveshkumawat632.github.io count=66
[index Sat Aug 29 11:00:01 PM IST 2026] live URL: https://bhaveshkumawat632.github.io
indexnow (66 urls): HTTP 200 (200/202 = accepted)
google ping: 404 (deprecated by Google — use Search Console)
bing ping:   410 (deprecated — IndexNow above is what counts)
[index Sat Aug 29 11:00:02 PM IST 2026] done url=https://bhaveshkumawat632.github.io count=66
[index Sun Aug 30 12:00:01 AM IST 2026] live URL: https://bhaveshkumawat632.github.io
indexnow: no URLs found in sitemap
google ping: 404 (deprecated by Google — use Search Console)
bing ping:   410 (deprecated — IndexNow above is what counts)
[index Sun Aug 30 12:00:02 AM IST 2026] done url=https://bhaveshkumawat632.github.io count=0
[index Sun Aug 30 01:00:02 AM IST 2026] live URL: https://bhaveshkumawat632.github.io
indexnow: no URLs found in sitemap
google ping: 404 (deprecated by Google — use Search Console)
bing ping:   410 (deprecated — IndexNow above is what counts)
[index Sun Aug 30 01:00:03 AM IST 2026] done url=https://bhaveshkumawat632.github.io count=0
[index Sun Aug 30 02:00:01 AM IST 2026] live URL: https://bhaveshkumawat632.github.io
indexnow: no URLs found in sitemap
google ping: 404 (deprecated by Google — use Search Console)
bing ping:   410 (deprecated — IndexNow above is what counts)
[index Sun Aug 30 02:00:02 AM IST 2026] done url=https://bhaveshkumawat632.github.io count=0
[index Sun Aug 30 03:00:01 AM IST 2026] live URL: https://bhaveshkumawat632.github.io
indexnow: no URLs found in sitemap
google ping: 404 (deprecated by Google — use Search Console)
bing ping:   410 (deprecated — IndexNow above is what counts)
[index Sun Aug 30 03:00:01 AM IST 2026] done url=https://bhaveshkumawat632.github.io count=0
[index Sun Aug 30 04:00:01 AM IST 2026] live URL: https://bhaveshkumawat632.github.io
indexnow: no URLs found in sitemap
google ping: 404 (deprecated by Google — use Search Console)
bing ping:   410 (deprecated — IndexNow above is what counts)
[index Sun Aug 30 04:00:02 AM IST 2026] done url=https://bhaveshkumawat632.github.io count=0
[index Sun Aug 30 05:00:01 AM IST 2026] live URL: https://bhaveshkumawat632.github.io
indexnow: no URLs found in sitemap
google ping: 404 (deprecated by Google — use Search Console)
bing ping:   410 (deprecated — IndexNow above is what counts)
[index Sun Aug 30 05:00:02 AM IST 2026] done url=https://bhaveshkumawat632.github.io count=0
[index Sun Aug 30 06:00:01 AM IST 2026] live URL: https://bhaveshkumawat632.github.io
indexnow: no URLs found in sitemap
google ping: 404 (deprecated by Google — use Search Console)
bing ping:   410 (deprecated — IndexNow above is what counts)
[index Sun Aug 30 06:00:02 AM IST 2026] done url=https://bhaveshkumawat632.github.io count=0
[index Sun Aug 30 07:00:01 AM IST 2026] live URL: https://bhaveshkumawat632.github.io
indexnow: no URLs found in sitemap
google ping: 404 (deprecated by Google — use Search Console)
bing ping:   410 (deprecated — IndexNow above is what counts)
[index Sun Aug 30 07:00:02 AM IST 2026] done url=https://bhaveshkumawat632.github.io count=0
[index Sun Aug 30 08:00:01 AM IST 2026] live URL: https://bhaveshkumawat632.github.io
indexnow: no URLs found in sitemap
google ping: 404 (deprecated by Google — use Search Console)
bing ping:   410 (deprecated — IndexNow above is what counts)
[index Sun Aug 30 08:00:02 AM IST 2026] done url=https://bhaveshkumawat632.github.io count=0
[index Sun Aug 30 09:00:01 AM IST 2026] live URL: https://bhaveshkumawat632.github.io
indexnow: no URLs found in sitemap
google ping: 404 (deprecated by Google — use Search Console)
bing ping:   410 (deprecated — IndexNow above is what counts)
[index Sun Aug 30 09:00:01 AM IST 2026] done url=https://bhaveshkumawat632.github.io count=0
[index Sun Aug 30 10:00:01 AM IST 2026] live URL: https://bhaveshkumawat632.github.io
indexnow: no URLs found in sitemap
google ping: 404 (deprecated by Google — use Search Console)
bing ping:   410 (deprecated — IndexNow above is what counts)
[index Sun Aug 30 10:00:03 AM IST 2026] done url=https://bhaveshkumawat632.github.io count=0
[index Sun Aug 30 11:00:01 AM IST 2026] live URL: https://bhaveshkumawat632.github.io
indexnow: no URLs found in sitemap
google ping: 404 (deprecated by Google — use Search Console)
bing ping:   410 (deprecated — IndexNow above is what counts)
[index Sun Aug 30 11:00:02 AM IST 2026] done url=https://bhaveshkumawat632.github.io count=0
[index Sun Aug 30 12:00:01 PM IST 2026] live URL: https://bhaveshkumawat632.github.io
indexnow: no URLs found in sitemap
google ping: 404 (deprecated by Google — use Search Console)
bing ping:   410 (deprecated — IndexNow above is what counts)
[index Sun Aug 30 12:00:02 PM IST 2026] done url=https://bhaveshkumawat632.github.io count=0
[index Sun Aug 30 01:00:01 PM IST 2026] live URL: https://bhaveshkumawat632.github.io
indexnow: no URLs found in sitemap
google ping: 404 (deprecated by Google — use Search Console)
bing ping:   410 (deprecated — IndexNow above is what counts)
[index Sun Aug 30 01:00:02 PM IST 2026] done url=https://bhaveshkumawat632.github.io count=0
[index Sun Aug 30 02:00:01 PM IST 2026] live URL: https://bhaveshkumawat632.github.io
indexnow: no URLs found in sitemap
google ping: 404 (deprecated by Google — use Search Console)
bing ping:   410 (deprecated — IndexNow above is what counts)
[index Sun Aug 30 02:00:02 PM IST 2026] done url=https://bhaveshkumawat632.github.io count=0
[index Sun Aug 30 03:00:01 PM IST 2026] live URL: https://bhaveshkumawat632.github.io
indexnow: no URLs found in sitemap
google ping: 404 (deprecated by Google — use Search Console)
bing ping:   410 (deprecated — IndexNow above is what counts)
[index Sun Aug 30 03:00:02 PM IST 2026] done url=https://bhaveshkumawat632.github.io count=0
[index Sun Aug 30 04:00:02 PM IST 2026] live URL: https://bhaveshkumawat632.github.io
indexnow: no URLs found in sitemap
google ping: 404 (deprecated by Google — use Search Console)
bing ping:   410 (deprecated — IndexNow above is what counts)
[index Sun Aug 30 04:00:02 PM IST 2026] done url=https://bhaveshkumawat632.github.io count=0
[index Sun Aug 30 05:00:01 PM IST 2026] live URL: https://bhaveshkumawat632.github.io
indexnow: no URLs found in sitemap
google ping: 404 (deprecated by Google — use Search Console)
bing ping:   410 (deprecated — IndexNow above is what counts)
[index Sun Aug 30 05:00:02 PM IST 2026] done url=https://bhaveshkumawat632.github.io count=0
[index Sun Aug 30 06:00:01 PM IST 2026] live URL: https://bhaveshkumawat632.github.io
indexnow: no URLs found in sitemap
google ping: 404 (deprecated by Google — use Search Console)
bing ping:   410 (deprecated — IndexNow above is what counts)
[index Sun Aug 30 06:00:01 PM IST 2026] done url=https://bhaveshkumawat632.github.io count=0
[index Sun Aug 30 07:00:01 PM IST 2026] live URL: https://bhaveshkumawat632.github.io
indexnow: no URLs found in sitemap
google ping: 404 (deprecated by Google — use Search Console)
bing ping:   410 (deprecated — IndexNow above is what counts)
[index Sun Aug 30 07:00:02 PM IST 2026] done url=https://bhaveshkumawat632.github.io count=0
[index Sun Aug 30 08:00:02 PM IST 2026] live URL: https://bhaveshkumawat632.github.io
indexnow: no URLs found in sitemap
google ping: 404 (deprecated by Google — use Search Console)
bing ping:   410 (deprecated — IndexNow above is what counts)
[index Sun Aug 30 08:00:02 PM IST 2026] done url=https://bhaveshkumawat632.github.io count=0
[index Sun Aug 30 09:00:01 PM IST 2026] live URL: https://bhaveshkumawat632.github.io
indexnow: no URLs found in sitemap
google ping: 404 (deprecated by Google — use Search Console)
bing ping:   410 (deprecated — IndexNow above is what counts)
[index Sun Aug 30 09:00:02 PM IST 2026] done url=https://bhaveshkumawat632.github.io count=0
[index Sun Aug 30 10:00:01 PM IST 2026] live URL: https://bhaveshkumawat632.github.io
indexnow: no URLs found in sitemap
google ping: 404 (deprecated by Google — use Search Console)
bing ping:   410 (deprecated — IndexNow above is what counts)
[index Sun Aug 30 10:00:02 PM IST 2026] done url=https://bhaveshkumawat632.github.io count=0
[index Sun Aug 30 11:00:01 PM IST 2026] live URL: https://bhaveshkumawat632.github.io
indexnow: no URLs found in sitemap
google ping: 404 (deprecated by Google — use Search Console)
bing ping:   410 (deprecated — IndexNow above is what counts)
[index Sun Aug 30 11:00:01 PM IST 2026] done url=https://bhaveshkumawat632.github.io count=0
[index Mon Aug 31 12:00:01 AM IST 2026] live URL: https://bhaveshkumawat632.github.io
indexnow: no URLs found in sitemap
google ping: 404 (deprecated by Google — use Search Console)
bing ping:   410 (deprecated — IndexNow above is what counts)
[index Mon Aug 31 12:00:02 AM IST 2026] done url=https://bhaveshkumawat632.github.io count=0
[index Mon Aug 31 01:00:01 AM IST 2026] live URL: https://bhaveshkumawat632.github.io
indexnow: no URLs found in sitemap
google ping: 404 (deprecated by Google — use Search Console)
bing ping:   410 (deprecated — IndexNow above is what counts)
[index Mon Aug 31 01:00:02 AM IST 2026] done url=https://bhaveshkumawat632.github.io count=0
[index Mon Aug 31 02:00:01 AM IST 2026] live URL: https://bhaveshkumawat632.github.io
indexnow: no URLs found in sitemap
google ping: 404 (deprecated by Google — use Search Console)
bing ping:   410 (deprecated — IndexNow above is what counts)
[index Mon Aug 31 02:00:02 AM IST 2026] done url=https://bhaveshkumawat632.github.io count=0
[index Mon Aug 31 03:00:01 AM IST 2026] live URL: https://bhaveshkumawat632.github.io
indexnow: no URLs found in sitemap
google ping: 404 (deprecated by Google — use Search Console)
bing ping:   410 (deprecated — IndexNow above is what counts)
[index Mon Aug 31 03:00:02 AM IST 2026] done url=https://bhaveshkumawat632.github.io count=0
[index Mon Aug 31 04:00:01 AM IST 2026] live URL: https://bhaveshkumawat632.github.io
indexnow: no URLs found in sitemap
google ping: 404 (deprecated by Google — use Search Console)
bing ping:   410 (deprecated — IndexNow above is what counts)
[index Mon Aug 31 04:00:02 AM IST 2026] done url=https://bhaveshkumawat632.github.io count=0
[index Mon Aug 31 05:00:01 AM IST 2026] live URL: https://bhaveshkumawat632.github.io
indexnow: no URLs found in sitemap
google ping: 404 (deprecated by Google — use Search Console)
bing ping:   410 (deprecated — IndexNow above is what counts)
[index Mon Aug 31 05:00:02 AM IST 2026] done url=https://bhaveshkumawat632.github.io count=0
[index Mon Aug 31 06:00:01 AM IST 2026] live URL: https://bhaveshkumawat632.github.io
indexnow: no URLs found in sitemap
google ping: 404 (deprecated by Google — use Search Console)
bing ping:   410 (deprecated — IndexNow above is what counts)
[index Mon Aug 31 06:00:02 AM IST 2026] done url=https://bhaveshkumawat632.github.io count=0
[index Mon Aug 31 07:00:01 AM IST 2026] live URL: https://bhaveshkumawat632.github.io
indexnow: no URLs found in sitemap
google ping: 404 (deprecated by Google — use Search Console)
bing ping:   410 (deprecated — IndexNow above is what counts)
[index Mon Aug 31 07:00:02 AM IST 2026] done url=https://bhaveshkumawat632.github.io count=0
[index Mon Aug 31 08:00:01 AM IST 2026] live URL: https://bhaveshkumawat632.github.io
indexnow: no URLs found in sitemap
google ping: 404 (deprecated by Google — use Search Console)
bing ping:   410 (deprecated — IndexNow above is what counts)
[index Mon Aug 31 08:00:02 AM IST 2026] done url=https://bhaveshkumawat632.github.io count=0
[index Mon Aug 31 09:00:01 AM IST 2026] live URL: https://bhaveshkumawat632.github.io
indexnow: no URLs found in sitemap
google ping: 404 (deprecated by Google — use Search Console)
bing ping:   410 (deprecated — IndexNow above is what counts)
[index Mon Aug 31 09:00:02 AM IST 2026] done url=https://bhaveshkumawat632.github.io count=0
[index Mon Aug 31 10:00:01 AM IST 2026] live URL: https://bhaveshkumawat632.github.io
indexnow: no URLs found in sitemap
google ping: 404 (deprecated by Google — use Search Console)
bing ping:   410 (deprecated — IndexNow above is what counts)
[index Mon Aug 31 10:00:02 AM IST 2026] done url=https://bhaveshkumawat632.github.io count=0
[index Mon Aug 31 11:00:01 AM IST 2026] live URL: https://bhaveshkumawat632.github.io
indexnow: no URLs found in sitemap
google ping: 404 (deprecated by Google — use Search Console)
bing ping:   410 (deprecated — IndexNow above is what counts)
[index Mon Aug 31 11:00:02 AM IST 2026] done url=https://bhaveshkumawat632.github.io count=0
[index Mon Aug 31 12:00:01 PM IST 2026] live URL: https://bhaveshkumawat632.github.io
indexnow: no URLs found in sitemap
google ping: 404 (deprecated by Google — use Search Console)
bing ping:   410 (deprecated — IndexNow above is what counts)
[index Mon Aug 31 12:00:02 PM IST 2026] done url=https://bhaveshkumawat632.github.io count=0
[index Mon Aug 31 01:00:01 PM IST 2026] live URL: https://bhaveshkumawat632.github.io
indexnow: no URLs found in sitemap
google ping: 404 (deprecated by Google — use Search Console)
bing ping:   410 (deprecated — IndexNow above is what counts)
[index Mon Aug 31 01:00:02 PM IST 2026] done url=https://bhaveshkumawat632.github.io count=0
[index Mon Aug 31 02:00:01 PM IST 2026] live URL: https://bhaveshkumawat632.github.io
indexnow: no URLs found in sitemap
google ping: 404 (deprecated by Google — use Search Console)
bing ping:   410 (deprecated — IndexNow above is what counts)
[index Mon Aug 31 02:00:02 PM IST 2026] done url=https://bhaveshkumawat632.github.io count=0
[index Mon Aug 31 03:00:02 PM IST 2026] live URL: https://bhaveshkumawat632.github.io
indexnow: no URLs found in sitemap
google ping: 404 (deprecated by Google — use Search Console)
bing ping:   410 (deprecated — IndexNow above is what counts)
[index Mon Aug 31 03:00:03 PM IST 2026] done url=https://bhaveshkumawat632.github.io count=0
[index Mon Aug 31 04:00:01 PM IST 2026] live URL: https://bhaveshkumawat632.github.io
indexnow: no URLs found in sitemap
google ping: 404 (deprecated by Google — use Search Console)
bing ping:   410 (deprecated — IndexNow above is what counts)
[index Mon Aug 31 04:00:02 PM IST 2026] done url=https://bhaveshkumawat632.github.io count=0
[index Mon Aug 31 05:00:01 PM IST 2026] live URL: https://bhaveshkumawat632.github.io
indexnow: no URLs found in sitemap
google ping: 404 (deprecated by Google — use Search Console)
bing ping:   410 (deprecated — IndexNow above is what counts)
[index Mon Aug 31 05:00:02 PM IST 2026] done url=https://bhaveshkumawat632.github.io count=0
[index Mon Aug 31 06:00:01 PM IST 2026] live URL: https://bhaveshkumawat632.github.io
indexnow: no URLs found in sitemap
google ping: 404 (deprecated by Google — use Search Console)
bing ping:   410 (deprecated — IndexNow above is what counts)
[index Mon Aug 31 06:00:02 PM IST 2026] done url=https://bhaveshkumawat632.github.io count=0
[index Mon Aug 31 07:00:01 PM IST 2026] live URL: https://bhaveshkumawat632.github.io
indexnow: no URLs found in sitemap
google ping: 404 (deprecated by Google — use Search Console)
bing ping:   410 (deprecated — IndexNow above is what counts)
[index Mon Aug 31 07:00:01 PM IST 2026] done url=https://bhaveshkumawat632.github.io count=0
[index Mon Aug 31 08:00:01 PM IST 2026] live URL: https://bhaveshkumawat632.github.io
indexnow: no URLs found in sitemap
google ping: 404 (deprecated by Google — use Search Console)
bing ping:   410 (deprecated — IndexNow above is what counts)
[index Mon Aug 31 08:00:02 PM IST 2026] done url=https://bhaveshkumawat632.github.io count=0
[index Mon Aug 31 09:00:01 PM IST 2026] live URL: https://bhaveshkumawat632.github.io
indexnow: no URLs found in sitemap
google ping: 404 (deprecated by Google — use Search Console)
bing ping:   410 (deprecated — IndexNow above is what counts)
[index Mon Aug 31 09:00:02 PM IST 2026] done url=https://bhaveshkumawat632.github.io count=0
[index Mon Aug 31 10:00:01 PM IST 2026] live URL: https://bhaveshkumawat632.github.io
indexnow: no URLs found in sitemap
google ping: 404 (deprecated by Google — use Search Console)
bing ping:   410 (deprecated — IndexNow above is what counts)
[index Mon Aug 31 10:00:02 PM IST 2026] done url=https://bhaveshkumawat632.github.io count=0
[index Mon Aug 31 11:00:01 PM IST 2026] live URL: https://bhaveshkumawat632.github.io
indexnow: no URLs found in sitemap
google ping: 404 (deprecated by Google — use Search Console)
bing ping:   410 (deprecated — IndexNow above is what counts)
[index Mon Aug 31 11:00:02 PM IST 2026] done url=https://bhaveshkumawat632.github.io count=0
[index Tue Sep  1 12:00:01 AM IST 2026] live URL: https://bhaveshkumawat632.github.io
indexnow: no URLs found in sitemap
google ping: 404 (deprecated by Google — use Search Console)
bing ping:   410 (deprecated — IndexNow above is what counts)
[index Tue Sep  1 12:00:01 AM IST 2026] done url=https://bhaveshkumawat632.github.io count=0
[index Tue Sep  1 01:00:01 AM IST 2026] live URL: https://bhaveshkumawat632.github.io
indexnow: no URLs found in sitemap
google ping: 404 (deprecated by Google — use Search Console)
bing ping:   410 (deprecated — IndexNow above is what counts)
[index Tue Sep  1 01:00:02 AM IST 2026] done url=https://bhaveshkumawat632.github.io count=0
[index Tue Sep  1 02:00:01 AM IST 2026] live URL: https://bhaveshkumawat632.github.io
indexnow: no URLs found in sitemap
google ping: 404 (deprecated by Google — use Search Console)
bing ping:   410 (deprecated — IndexNow above is what counts)
[index Tue Sep  1 02:00:02 AM IST 2026] done url=https://bhaveshkumawat632.github.io count=0
[index Tue Sep  1 03:00:02 AM IST 2026] live URL: https://bhaveshkumawat632.github.io
indexnow: no URLs found in sitemap
google ping: 404 (deprecated by Google — use Search Console)
bing ping:   410 (deprecated — IndexNow above is what counts)
[index Tue Sep  1 03:00:02 AM IST 2026] done url=https://bhaveshkumawat632.github.io count=0
[index Tue Sep  1 04:00:01 AM IST 2026] live URL: https://bhaveshkumawat632.github.io
indexnow: no URLs found in sitemap
google ping: 404 (deprecated by Google — use Search Console)
bing ping:   410 (deprecated — IndexNow above is what counts)
[index Tue Sep  1 04:00:02 AM IST 2026] done url=https://bhaveshkumawat632.github.io count=0
[index Tue Sep  1 05:00:01 AM IST 2026] live URL: https://bhaveshkumawat632.github.io
indexnow: no URLs found in sitemap
google ping: 404 (deprecated by Google — use Search Console)
bing ping:   410 (deprecated — IndexNow above is what counts)
[index Tue Sep  1 05:00:02 AM IST 2026] done url=https://bhaveshkumawat632.github.io count=0
[index Tue Sep  1 06:00:02 AM IST 2026] live URL: https://bhaveshkumawat632.github.io
indexnow: no URLs found in sitemap
google ping: 404 (deprecated by Google — use Search Console)
bing ping:   410 (deprecated — IndexNow above is what counts)
[index Tue Sep  1 06:00:02 AM IST 2026] done url=https://bhaveshkumawat632.github.io count=0
[index Tue Sep  1 07:00:01 AM IST 2026] live URL: https://bhaveshkumawat632.github.io
indexnow: no URLs found in sitemap
google ping: 404 (deprecated by Google — use Search Console)
bing ping:   410 (deprecated — IndexNow above is what counts)
[index Tue Sep  1 07:00:02 AM IST 2026] done url=https://bhaveshkumawat632.github.io count=0
[index Tue Sep  1 08:00:01 AM IST 2026] live URL: https://bhaveshkumawat632.github.io
indexnow: no URLs found in sitemap
google ping: 404 (deprecated by Google — use Search Console)
bing ping:   410 (deprecated — IndexNow above is what counts)
[index Tue Sep  1 08:00:02 AM IST 2026] done url=https://bhaveshkumawat632.github.io count=0
[index Tue Sep  1 09:00:01 AM IST 2026] live URL: https://bhaveshkumawat632.github.io
indexnow: no URLs found in sitemap
google ping: 404 (deprecated by Google — use Search Console)
bing ping:   410 (deprecated — IndexNow above is what counts)
[index Tue Sep  1 09:00:02 AM IST 2026] done url=https://bhaveshkumawat632.github.io count=0
[index Tue Sep  1 10:00:01 AM IST 2026] live URL: https://bhaveshkumawat632.github.io
indexnow: no URLs found in sitemap
google ping: 404 (deprecated by Google — use Search Console)
bing ping:   410 (deprecated — IndexNow above is what counts)
[index Tue Sep  1 10:00:02 AM IST 2026] done url=https://bhaveshkumawat632.github.io count=0
[index Tue Sep  1 11:00:01 AM IST 2026] live URL: https://bhaveshkumawat632.github.io
indexnow: no URLs found in sitemap
google ping: 404 (deprecated by Google — use Search Console)
bing ping:   410 (deprecated — IndexNow above is what counts)
[index Tue Sep  1 11:00:02 AM IST 2026] done url=https://bhaveshkumawat632.github.io count=0
[index Tue Sep  1 12:00:01 PM IST 2026] live URL: https://bhaveshkumawat632.github.io
indexnow: no URLs found in sitemap
google ping: 404 (deprecated by Google — use Search Console)
bing ping:   410 (deprecated — IndexNow above is what counts)
[index Tue Sep  1 12:00:02 PM IST 2026] done url=https://bhaveshkumawat632.github.io count=0
[index Tue Sep  1 01:00:01 PM IST 2026] live URL: https://bhaveshkumawat632.github.io
indexnow: no URLs found in sitemap
google ping: 404 (deprecated by Google — use Search Console)
bing ping:   410 (deprecated — IndexNow above is what counts)
[index Tue Sep  1 01:00:02 PM IST 2026] done url=https://bhaveshkumawat632.github.io count=0
[index Tue Sep  1 02:00:01 PM IST 2026] live URL: https://bhaveshkumawat632.github.io
indexnow: no URLs found in sitemap
google ping: 404 (deprecated by Google — use Search Console)
bing ping:   410 (deprecated — IndexNow above is what counts)
[index Tue Sep  1 02:00:02 PM IST 2026] done url=https://bhaveshkumawat632.github.io count=0
[index Tue Sep  1 03:00:01 PM IST 2026] live URL: https://bhaveshkumawat632.github.io
indexnow: no URLs found in sitemap
google ping: 404 (deprecated by Google — use Search Console)
bing ping:   410 (deprecated — IndexNow above is what counts)
[index Tue Sep  1 03:00:02 PM IST 2026] done url=https://bhaveshkumawat632.github.io count=0
[index Tue Sep  1 04:00:01 PM IST 2026] live URL: https://bhaveshkumawat632.github.io
indexnow: no URLs found in sitemap
google ping: 404 (deprecated by Google — use Search Console)
bing ping:   410 (deprecated — IndexNow above is what counts)
[index Tue Sep  1 04:00:02 PM IST 2026] done url=https://bhaveshkumawat632.github.io count=0
[index Tue Sep  1 05:00:01 PM IST 2026] live URL: https://bhaveshkumawat632.github.io
indexnow: no URLs found in sitemap
google ping: 404 (deprecated by Google — use Search Console)
bing ping:   410 (deprecated — IndexNow above is what counts)
[index Tue Sep  1 05:00:02 PM IST 2026] done url=https://bhaveshkumawat632.github.io count=0
[index Tue Sep  1 06:00:01 PM IST 2026] live URL: https://bhaveshkumawat632.github.io
indexnow: no URLs found in sitemap
google ping: 404 (deprecated by Google — use Search Console)
bing ping:   410 (deprecated — IndexNow above is what counts)
[index Tue Sep  1 06:00:02 PM IST 2026] done url=https://bhaveshkumawat632.github.io count=0
[index Tue Sep  1 07:00:01 PM IST 2026] live URL: https://bhaveshkumawat632.github.io
indexnow: no URLs found in sitemap
google ping: 404 (deprecated by Google — use Search Console)
bing ping:   410 (deprecated — IndexNow above is what counts)
[index Tue Sep  1 07:00:02 PM IST 2026] done url=https://bhaveshkumawat632.github.io count=0
[index Tue Sep  1 08:00:01 PM IST 2026] live URL: https://bhaveshkumawat632.github.io
indexnow: no URLs found in sitemap
google ping: 404 (deprecated by Google — use Search Console)
bing ping:   410 (deprecated — IndexNow above is what counts)
[index Tue Sep  1 08:00:01 PM IST 2026] done url=https://bhaveshkumawat632.github.io count=0
[index Tue Sep  1 09:00:01 PM IST 2026] live URL: https://bhaveshkumawat632.github.io
indexnow: no URLs found in sitemap
google ping: 404 (deprecated by Google — use Search Console)
bing ping:   410 (deprecated — IndexNow above is what counts)
[index Tue Sep  1 09:00:02 PM IST 2026] done url=https://bhaveshkumawat632.github.io count=0
[index Tue Sep  1 10:00:01 PM IST 2026] live URL: https://bhaveshkumawat632.github.io
indexnow: no URLs found in sitemap
google ping: 404 (deprecated by Google — use Search Console)
bing ping:   410 (deprecated — IndexNow above is what counts)
[index Tue Sep  1 10:00:02 PM IST 2026] done url=https://bhaveshkumawat632.github.io count=0
[index Tue Sep  1 11:00:01 PM IST 2026] live URL: https://bhaveshkumawat632.github.io
indexnow: no URLs found in sitemap
google ping: 404 (deprecated by Google — use Search Console)
bing ping:   410 (deprecated — IndexNow above is what counts)
[index Tue Sep  1 11:00:02 PM IST 2026] done url=https://bhaveshkumawat632.github.io count=0
[index Wed Sep  2 12:00:01 AM IST 2026] live URL: https://bhaveshkumawat632.github.io
indexnow: no URLs found in sitemap
google ping: 404 (deprecated by Google — use Search Console)
bing ping:   410 (deprecated — IndexNow above is what counts)
[index Wed Sep  2 12:00:02 AM IST 2026] done url=https://bhaveshkumawat632.github.io count=0
[index Wed Sep  2 01:00:01 AM IST 2026] live URL: https://bhaveshkumawat632.github.io
indexnow: no URLs found in sitemap
google ping: 404 (deprecated by Google — use Search Console)
bing ping:   410 (deprecated — IndexNow above is what counts)
[index Wed Sep  2 01:00:02 AM IST 2026] done url=https://bhaveshkumawat632.github.io count=0
[index Wed Sep  2 02:00:01 AM IST 2026] live URL: https://bhaveshkumawat632.github.io
indexnow: no URLs found in sitemap
google ping: 404 (deprecated by Google — use Search Console)
bing ping:   410 (deprecated — IndexNow above is what counts)
[index Wed Sep  2 02:00:01 AM IST 2026] done url=https://bhaveshkumawat632.github.io count=0
[index Wed Sep  2 03:00:01 AM IST 2026] live URL: https://bhaveshkumawat632.github.io
indexnow: no URLs found in sitemap
google ping: 404 (deprecated by Google — use Search Console)
bing ping:   410 (deprecated — IndexNow above is what counts)
[index Wed Sep  2 03:00:02 AM IST 2026] done url=https://bhaveshkumawat632.github.io count=0
[index Wed Sep  2 04:00:01 AM IST 2026] live URL: https://bhaveshkumawat632.github.io
indexnow: no URLs found in sitemap
google ping: 404 (deprecated by Google — use Search Console)
bing ping:   410 (deprecated — IndexNow above is what counts)
[index Wed Sep  2 04:00:01 AM IST 2026] done url=https://bhaveshkumawat632.github.io count=0
[index Wed Sep  2 05:00:02 AM IST 2026] live URL: https://bhaveshkumawat632.github.io
indexnow: no URLs found in sitemap
google ping: 404 (deprecated by Google — use Search Console)
bing ping:   410 (deprecated — IndexNow above is what counts)
[index Wed Sep  2 05:00:02 AM IST 2026] done url=https://bhaveshkumawat632.github.io count=0
[index Wed Sep  2 06:00:01 AM IST 2026] live URL: https://bhaveshkumawat632.github.io
indexnow: no URLs found in sitemap
google ping: 404 (deprecated by Google — use Search Console)
bing ping:   410 (deprecated — IndexNow above is what counts)
[index Wed Sep  2 06:00:01 AM IST 2026] done url=https://bhaveshkumawat632.github.io count=0
[index Wed Sep  2 07:00:01 AM IST 2026] live URL: https://bhaveshkumawat632.github.io
indexnow: no URLs found in sitemap
google ping: 404 (deprecated by Google — use Search Console)
bing ping:   410 (deprecated — IndexNow above is what counts)
[index Wed Sep  2 07:00:02 AM IST 2026] done url=https://bhaveshkumawat632.github.io count=0
[index Wed Sep  2 08:00:01 AM IST 2026] live URL: https://bhaveshkumawat632.github.io
indexnow: no URLs found in sitemap
google ping: 404 (deprecated by Google — use Search Console)
bing ping:   410 (deprecated — IndexNow above is what counts)
[index Wed Sep  2 08:00:01 AM IST 2026] done url=https://bhaveshkumawat632.github.io count=0
[index Wed Sep  2 09:00:01 AM IST 2026] live URL: https://bhaveshkumawat632.github.io
indexnow: no URLs found in sitemap
google ping: 404 (deprecated by Google — use Search Console)
bing ping:   410 (deprecated — IndexNow above is what counts)
[index Wed Sep  2 09:00:02 AM IST 2026] done url=https://bhaveshkumawat632.github.io count=0
[index Wed Sep  2 11:00:01 AM IST 2026] live URL: https://bhaveshkumawat632.github.io
indexnow: no URLs found in sitemap
google ping: 404 (deprecated by Google — use Search Console)
bing ping:   410 (deprecated — IndexNow above is what counts)
[index Wed Sep  2 11:00:02 AM IST 2026] done url=https://bhaveshkumawat632.github.io count=0
[index Wed Sep  2 12:00:01 PM IST 2026] live URL: https://bhaveshkumawat632.github.io
indexnow: no URLs found in sitemap
google ping: 404 (deprecated by Google — use Search Console)
bing ping:   410 (deprecated — IndexNow above is what counts)
[index Wed Sep  2 12:00:02 PM IST 2026] done url=https://bhaveshkumawat632.github.io count=0
[index Wed Sep  2 01:00:01 PM IST 2026] live URL: https://bhaveshkumawat632.github.io
indexnow: no URLs found in sitemap
google ping: 404 (deprecated by Google — use Search Console)
bing ping:   410 (deprecated — IndexNow above is what counts)
[index Wed Sep  2 01:00:02 PM IST 2026] done url=https://bhaveshkumawat632.github.io count=0
[index Wed Sep  2 02:00:01 PM IST 2026] live URL: https://bhaveshkumawat632.github.io
indexnow: no URLs found in sitemap
google ping: 404 (deprecated by Google — use Search Console)
bing ping:   410 (deprecated — IndexNow above is what counts)
[index Wed Sep  2 02:00:02 PM IST 2026] done url=https://bhaveshkumawat632.github.io count=0
[index Wed Sep  2 03:00:01 PM IST 2026] live URL: https://bhaveshkumawat632.github.io
indexnow: no URLs found in sitemap
google ping: 404 (deprecated by Google — use Search Console)
bing ping:   410 (deprecated — IndexNow above is what counts)
[index Wed Sep  2 03:00:02 PM IST 2026] done url=https://bhaveshkumawat632.github.io count=0
[index Wed Sep  2 04:00:01 PM IST 2026] live URL: https://bhaveshkumawat632.github.io
indexnow: no URLs found in sitemap
google ping: 404 (deprecated by Google — use Search Console)
bing ping:   410 (deprecated — IndexNow above is what counts)
[index Wed Sep  2 04:00:02 PM IST 2026] done url=https://bhaveshkumawat632.github.io count=0
[index Wed Sep  2 05:00:01 PM IST 2026] live URL: https://bhaveshkumawat632.github.io
indexnow: no URLs found in sitemap
google ping: 404 (deprecated by Google — use Search Console)
bing ping:   410 (deprecated — IndexNow above is what counts)
[index Wed Sep  2 05:00:02 PM IST 2026] done url=https://bhaveshkumawat632.github.io count=0
[index Wed Sep  2 06:00:01 PM IST 2026] live URL: https://bhaveshkumawat632.github.io
indexnow: no URLs found in sitemap
google ping: 404 (deprecated by Google — use Search Console)
bing ping:   410 (deprecated — IndexNow above is what counts)
[index Wed Sep  2 06:00:02 PM IST 2026] done url=https://bhaveshkumawat632.github.io count=0
[index Wed Sep  2 07:00:01 PM IST 2026] live URL: https://bhaveshkumawat632.github.io
indexnow: no URLs found in sitemap
google ping: 404 (deprecated by Google — use Search Console)
bing ping:   410 (deprecated — IndexNow above is what counts)
[index Wed Sep  2 07:00:02 PM IST 2026] done url=https://bhaveshkumawat632.github.io count=0
[index Wed Sep  2 08:00:01 PM IST 2026] live URL: https://bhaveshkumawat632.github.io
indexnow: no URLs found in sitemap
google ping: 404 (deprecated by Google — use Search Console)
bing ping:   410 (deprecated — IndexNow above is what counts)
[index Wed Sep  2 08:00:02 PM IST 2026] done url=https://bhaveshkumawat632.github.io count=0
[index Wed Sep  2 09:00:01 PM IST 2026] live URL: https://bhaveshkumawat632.github.io
indexnow: no URLs found in sitemap
google ping: 404 (deprecated by Google — use Search Console)
bing ping:   410 (deprecated — IndexNow above is what counts)
[index Wed Sep  2 09:00:02 PM IST 2026] done url=https://bhaveshkumawat632.github.io count=0
[index Wed Sep  2 10:00:01 PM IST 2026] live URL: https://bhaveshkumawat632.github.io
indexnow: no URLs found in sitemap
google ping: 404 (deprecated by Google — use Search Console)
bing ping:   410 (deprecated — IndexNow above is what counts)
[index Wed Sep  2 10:00:02 PM IST 2026] done url=https://bhaveshkumawat632.github.io count=0
[index Wed Sep  2 11:00:01 PM IST 2026] live URL: https://bhaveshkumawat632.github.io
indexnow: no URLs found in sitemap
google ping: 404 (deprecated by Google — use Search Console)
bing ping:   410 (deprecated — IndexNow above is what counts)
[index Wed Sep  2 11:00:03 PM IST 2026] done url=https://bhaveshkumawat632.github.io count=0
[index Thu Sep  3 12:00:02 AM IST 2026] live URL: https://bhaveshkumawat632.github.io
indexnow: no URLs found in sitemap
google ping: 404 (deprecated by Google — use Search Console)
bing ping:   410 (deprecated — IndexNow above is what counts)
[index Thu Sep  3 12:00:02 AM IST 2026] done url=https://bhaveshkumawat632.github.io count=0
[index Thu Sep  3 01:00:01 AM IST 2026] live URL: https://bhaveshkumawat632.github.io
indexnow: no URLs found in sitemap
google ping: 404 (deprecated by Google — use Search Console)
bing ping:   410 (deprecated — IndexNow above is what counts)
[index Thu Sep  3 01:00:02 AM IST 2026] done url=https://bhaveshkumawat632.github.io count=0
[index Thu Sep  3 11:00:01 PM IST 2026] live URL: https://bhaveshkumawat632.github.io
indexnow: no URLs found in sitemap
google ping: 404 (deprecated by Google — use Search Console)
bing ping:   410 (deprecated — IndexNow above is what counts)
[index Thu Sep  3 11:00:02 PM IST 2026] done url=https://bhaveshkumawat632.github.io count=0
[index Fri Sep  4 12:00:01 AM IST 2026] live URL: https://bhaveshkumawat632.github.io
indexnow: no URLs found in sitemap
google ping: 404 (deprecated by Google — use Search Console)
bing ping:   410 (deprecated — IndexNow above is what counts)
[index Fri Sep  4 12:00:02 AM IST 2026] done url=https://bhaveshkumawat632.github.io count=0
[index Fri Sep  4 01:00:01 AM IST 2026] live URL: https://bhaveshkumawat632.github.io
indexnow: no URLs found in sitemap
google ping: 404 (deprecated by Google — use Search Console)
bing ping:   410 (deprecated — IndexNow above is what counts)
[index Fri Sep  4 01:00:01 AM IST 2026] done url=https://bhaveshkumawat632.github.io count=0
[index Fri Sep  4 02:00:01 AM IST 2026] live URL: https://bhaveshkumawat632.github.io
indexnow: no URLs found in sitemap
google ping: 404 (deprecated by Google — use Search Console)
bing ping:   410 (deprecated — IndexNow above is what counts)
[index Fri Sep  4 02:00:02 AM IST 2026] done url=https://bhaveshkumawat632.github.io count=0
[index Fri Sep  4 03:00:01 AM IST 2026] live URL: https://bhaveshkumawat632.github.io
indexnow: no URLs found in sitemap
google ping: 404 (deprecated by Google — use Search Console)
bing ping:   410 (deprecated — IndexNow above is what counts)
[index Fri Sep  4 03:00:02 AM IST 2026] done url=https://bhaveshkumawat632.github.io count=0
[index Fri Sep  4 04:00:01 AM IST 2026] live URL: https://bhaveshkumawat632.github.io
indexnow: no URLs found in sitemap
google ping: 404 (deprecated by Google — use Search Console)
bing ping:   410 (deprecated — IndexNow above is what counts)
[index Fri Sep  4 04:00:02 AM IST 2026] done url=https://bhaveshkumawat632.github.io count=0
[index Fri Sep  4 05:00:01 AM IST 2026] live URL: https://bhaveshkumawat632.github.io
indexnow: no URLs found in sitemap
google ping: 404 (deprecated by Google — use Search Console)
bing ping:   410 (deprecated — IndexNow above is what counts)
[index Fri Sep  4 05:00:02 AM IST 2026] done url=https://bhaveshkumawat632.github.io count=0
[index Fri Sep  4 06:00:01 AM IST 2026] live URL: https://bhaveshkumawat632.github.io
indexnow: no URLs found in sitemap
google ping: 404 (deprecated by Google — use Search Console)
bing ping:   410 (deprecated — IndexNow above is what counts)
[index Fri Sep  4 06:00:01 AM IST 2026] done url=https://bhaveshkumawat632.github.io count=0
[index Fri Sep  4 07:00:02 AM IST 2026] live URL: https://bhaveshkumawat632.github.io
indexnow: no URLs found in sitemap
google ping: 404 (deprecated by Google — use Search Console)
bing ping:   410 (deprecated — IndexNow above is what counts)
[index Fri Sep  4 07:00:03 AM IST 2026] done url=https://bhaveshkumawat632.github.io count=0
[index Fri Sep  4 08:00:01 AM IST 2026] live URL: https://bhaveshkumawat632.github.io
indexnow: no URLs found in sitemap
google ping: 404 (deprecated by Google — use Search Console)
bing ping:   410 (deprecated — IndexNow above is what counts)
[index Fri Sep  4 08:00:01 AM IST 2026] done url=https://bhaveshkumawat632.github.io count=0
[index Fri Sep  4 09:00:01 AM IST 2026] live URL: https://bhaveshkumawat632.github.io
indexnow: no URLs found in sitemap
google ping: 404 (deprecated by Google — use Search Console)
bing ping:   410 (deprecated — IndexNow above is what counts)
[index Fri Sep  4 09:00:02 AM IST 2026] done url=https://bhaveshkumawat632.github.io count=0
[index Fri Sep  4 10:00:02 AM IST 2026] live URL: https://bhaveshkumawat632.github.io
indexnow: no URLs found in sitemap
google ping: 404 (deprecated by Google — use Search Console)
bing ping:   410 (deprecated — IndexNow above is what counts)
[index Fri Sep  4 10:00:03 AM IST 2026] done url=https://bhaveshkumawat632.github.io count=0
[index Fri Sep  4 11:00:01 AM IST 2026] live URL: https://bhaveshkumawat632.github.io
indexnow: no URLs found in sitemap
google ping: 404 (deprecated by Google — use Search Console)
bing ping:   410 (deprecated — IndexNow above is what counts)
[index Fri Sep  4 11:00:02 AM IST 2026] done url=https://bhaveshkumawat632.github.io count=0
[index Fri Sep  4 12:00:01 PM IST 2026] live URL: https://bhaveshkumawat632.github.io
indexnow: no URLs found in sitemap
google ping: 404 (deprecated by Google — use Search Console)
bing ping:   410 (deprecated — IndexNow above is what counts)
[index Fri Sep  4 12:00:02 PM IST 2026] done url=https://bhaveshkumawat632.github.io count=0
[index Fri Sep  4 01:00:01 PM IST 2026] live URL: https://bhaveshkumawat632.github.io
indexnow: no URLs found in sitemap
google ping: 404 (deprecated by Google — use Search Console)
bing ping:   410 (deprecated — IndexNow above is what counts)
[index Fri Sep  4 01:00:02 PM IST 2026] done url=https://bhaveshkumawat632.github.io count=0
[index Fri Sep  4 02:00:01 PM IST 2026] live URL: https://bhaveshkumawat632.github.io
indexnow: no URLs found in sitemap
google ping: 404 (deprecated by Google — use Search Console)
bing ping:   410 (deprecated — IndexNow above is what counts)
[index Fri Sep  4 02:00:01 PM IST 2026] done url=https://bhaveshkumawat632.github.io count=0
[index Fri Sep  4 03:00:01 PM IST 2026] live URL: https://bhaveshkumawat632.github.io
indexnow: no URLs found in sitemap
google ping: 404 (deprecated by Google — use Search Console)
bing ping:   410 (deprecated — IndexNow above is what counts)
[index Fri Sep  4 03:00:02 PM IST 2026] done url=https://bhaveshkumawat632.github.io count=0
[index Fri Sep  4 04:00:01 PM IST 2026] live URL: https://bhaveshkumawat632.github.io
indexnow: no URLs found in sitemap
google ping: 404 (deprecated by Google — use Search Console)
bing ping:   410 (deprecated — IndexNow above is what counts)
[index Fri Sep  4 04:00:02 PM IST 2026] done url=https://bhaveshkumawat632.github.io count=0
[index Fri Sep  4 05:00:01 PM IST 2026] live URL: https://bhaveshkumawat632.github.io
indexnow: no URLs found in sitemap
google ping: 404 (deprecated by Google — use Search Console)
bing ping:   410 (deprecated — IndexNow above is what counts)
[index Fri Sep  4 05:00:02 PM IST 2026] done url=https://bhaveshkumawat632.github.io count=0
[index Fri Sep  4 06:00:01 PM IST 2026] live URL: https://bhaveshkumawat632.github.io
indexnow: no URLs found in sitemap
google ping: 404 (deprecated by Google — use Search Console)
bing ping:   410 (deprecated — IndexNow above is what counts)
[index Fri Sep  4 06:00:02 PM IST 2026] done url=https://bhaveshkumawat632.github.io count=0
[index Fri Sep  4 07:00:01 PM IST 2026] live URL: https://bhaveshkumawat632.github.io
indexnow: no URLs found in sitemap
google ping: 404 (deprecated by Google — use Search Console)
bing ping:   410 (deprecated — IndexNow above is what counts)
[index Fri Sep  4 07:00:02 PM IST 2026] done url=https://bhaveshkumawat632.github.io count=0
[index Fri Sep  4 08:00:01 PM IST 2026] live URL: https://bhaveshkumawat632.github.io
indexnow: no URLs found in sitemap
google ping: 404 (deprecated by Google — use Search Console)
bing ping:   410 (deprecated — IndexNow above is what counts)
[index Fri Sep  4 08:00:02 PM IST 2026] done url=https://bhaveshkumawat632.github.io count=0
[index Fri Sep  4 09:00:01 PM IST 2026] live URL: https://bhaveshkumawat632.github.io
indexnow: no URLs found in sitemap
google ping: 404 (deprecated by Google — use Search Console)
bing ping:   410 (deprecated — IndexNow above is what counts)
[index Fri Sep  4 09:00:02 PM IST 2026] done url=https://bhaveshkumawat632.github.io count=0
[index Fri Sep  4 10:00:01 PM IST 2026] live URL: https://bhaveshkumawat632.github.io
indexnow: no URLs found in sitemap
google ping: 404 (deprecated by Google — use Search Console)
bing ping:   410 (deprecated — IndexNow above is what counts)
[index Fri Sep  4 10:00:02 PM IST 2026] done url=https://bhaveshkumawat632.github.io count=0
[index Fri Sep  4 11:00:01 PM IST 2026] live URL: https://bhaveshkumawat632.github.io
indexnow: no URLs found in sitemap
google ping: 404 (deprecated by Google — use Search Console)
bing ping:   410 (deprecated — IndexNow above is what counts)
[index Fri Sep  4 11:00:02 PM IST 2026] done url=https://bhaveshkumawat632.github.io count=0
[index Sat Sep  5 12:00:01 AM IST 2026] live URL: https://bhaveshkumawat632.github.io
indexnow: no URLs found in sitemap
google ping: 404 (deprecated by Google — use Search Console)
bing ping:   410 (deprecated — IndexNow above is what counts)
[index Sat Sep  5 12:00:07 AM IST 2026] done url=https://bhaveshkumawat632.github.io count=0
[index Sat Sep  5 01:00:02 AM IST 2026] live URL: https://bhaveshkumawat632.github.io
indexnow: no URLs found in sitemap
google ping: 404 (deprecated by Google — use Search Console)
bing ping:   410 (deprecated — IndexNow above is what counts)
[index Sat Sep  5 01:00:02 AM IST 2026] done url=https://bhaveshkumawat632.github.io count=0
[index Sat Sep  5 02:00:01 AM IST 2026] live URL: https://bhaveshkumawat632.github.io
indexnow: no URLs found in sitemap
google ping: 404 (deprecated by Google — use Search Console)
bing ping:   410 (deprecated — IndexNow above is what counts)
[index Sat Sep  5 02:00:02 AM IST 2026] done url=https://bhaveshkumawat632.github.io count=0
[index Sat Sep  5 03:00:01 AM IST 2026] live URL: https://bhaveshkumawat632.github.io
indexnow: no URLs found in sitemap
google ping: 404 (deprecated by Google — use Search Console)
bing ping:   410 (deprecated — IndexNow above is what counts)
[index Sat Sep  5 03:00:02 AM IST 2026] done url=https://bhaveshkumawat632.github.io count=0
[index Sat Sep  5 04:00:01 AM IST 2026] live URL: https://bhaveshkumawat632.github.io
indexnow: no URLs found in sitemap
google ping: 404 (deprecated by Google — use Search Console)
bing ping:   410 (deprecated — IndexNow above is what counts)
[index Sat Sep  5 04:00:02 AM IST 2026] done url=https://bhaveshkumawat632.github.io count=0
[index Sat Sep  5 05:00:01 AM IST 2026] live URL: https://bhaveshkumawat632.github.io
indexnow: no URLs found in sitemap
google ping: 404 (deprecated by Google — use Search Console)
bing ping:   410 (deprecated — IndexNow above is what counts)
[index Sat Sep  5 05:00:02 AM IST 2026] done url=https://bhaveshkumawat632.github.io count=0
[index Sat Sep  5 06:00:02 AM IST 2026] live URL: https://bhaveshkumawat632.github.io
indexnow: no URLs found in sitemap
google ping: 404 (deprecated by Google — use Search Console)
bing ping:   410 (deprecated — IndexNow above is what counts)
[index Sat Sep  5 06:00:02 AM IST 2026] done url=https://bhaveshkumawat632.github.io count=0
[index Sat Sep  5 07:00:01 AM IST 2026] live URL: https://bhaveshkumawat632.github.io
indexnow: no URLs found in sitemap
google ping: 404 (deprecated by Google — use Search Console)
bing ping:   410 (deprecated — IndexNow above is what counts)
[index Sat Sep  5 07:00:01 AM IST 2026] done url=https://bhaveshkumawat632.github.io count=0
[index Sat Sep  5 08:00:01 AM IST 2026] live URL: https://bhaveshkumawat632.github.io
indexnow: no URLs found in sitemap
google ping: 404 (deprecated by Google — use Search Console)
bing ping:   410 (deprecated — IndexNow above is what counts)
[index Sat Sep  5 08:00:02 AM IST 2026] done url=https://bhaveshkumawat632.github.io count=0
[index Sat Sep  5 09:00:01 AM IST 2026] live URL: https://bhaveshkumawat632.github.io
indexnow: no URLs found in sitemap
google ping: 404 (deprecated by Google — use Search Console)
bing ping:   410 (deprecated — IndexNow above is what counts)
[index Sat Sep  5 09:00:01 AM IST 2026] done url=https://bhaveshkumawat632.github.io count=0
[index Sat Sep  5 10:00:01 AM IST 2026] live URL: https://bhaveshkumawat632.github.io
indexnow: no URLs found in sitemap
google ping: 404 (deprecated by Google — use Search Console)
bing ping:   410 (deprecated — IndexNow above is what counts)
[index Sat Sep  5 10:00:02 AM IST 2026] done url=https://bhaveshkumawat632.github.io count=0
[index Sat Sep  5 11:00:01 AM IST 2026] live URL: https://bhaveshkumawat632.github.io
indexnow: no URLs found in sitemap
google ping: 404 (deprecated by Google — use Search Console)
bing ping:   410 (deprecated — IndexNow above is what counts)
[index Sat Sep  5 11:00:02 AM IST 2026] done url=https://bhaveshkumawat632.github.io count=0
[index Sat Sep  5 12:00:01 PM IST 2026] live URL: https://bhaveshkumawat632.github.io
indexnow: no URLs found in sitemap
google ping: 404 (deprecated by Google — use Search Console)
bing ping:   410 (deprecated — IndexNow above is what counts)
[index Sat Sep  5 12:00:02 PM IST 2026] done url=https://bhaveshkumawat632.github.io count=0
[index Sat Sep  5 01:00:01 PM IST 2026] live URL: https://bhaveshkumawat632.github.io
indexnow: no URLs found in sitemap
google ping: 404 (deprecated by Google — use Search Console)
bing ping:   410 (deprecated — IndexNow above is what counts)
[index Sat Sep  5 01:00:02 PM IST 2026] done url=https://bhaveshkumawat632.github.io count=0
[index Sat Sep  5 02:00:01 PM IST 2026] live URL: https://bhaveshkumawat632.github.io
indexnow: no URLs found in sitemap
google ping: 404 (deprecated by Google — use Search Console)
bing ping:   410 (deprecated — IndexNow above is what counts)
[index Sat Sep  5 02:00:02 PM IST 2026] done url=https://bhaveshkumawat632.github.io count=0
[index Sat Sep  5 03:00:01 PM IST 2026] live URL: https://bhaveshkumawat632.github.io
indexnow: no URLs found in sitemap
google ping: 404 (deprecated by Google — use Search Console)
bing ping:   410 (deprecated — IndexNow above is what counts)
[index Sat Sep  5 03:00:02 PM IST 2026] done url=https://bhaveshkumawat632.github.io count=0
[index Sat Sep  5 04:00:01 PM IST 2026] live URL: https://bhaveshkumawat632.github.io
indexnow: no URLs found in sitemap
google ping: 404 (deprecated by Google — use Search Console)
bing ping:   410 (deprecated — IndexNow above is what counts)
[index Sat Sep  5 04:00:02 PM IST 2026] done url=https://bhaveshkumawat632.github.io count=0
[index Sat Sep  5 05:00:01 PM IST 2026] live URL: https://bhaveshkumawat632.github.io
indexnow: no URLs found in sitemap
google ping: 404 (deprecated by Google — use Search Console)
bing ping:   410 (deprecated — IndexNow above is what counts)
[index Sat Sep  5 05:00:02 PM IST 2026] done url=https://bhaveshkumawat632.github.io count=0
[index Sat Sep  5 06:00:01 PM IST 2026] live URL: https://bhaveshkumawat632.github.io
indexnow: no URLs found in sitemap
google ping: 404 (deprecated by Google — use Search Console)
bing ping:   410 (deprecated — IndexNow above is what counts)
[index Sat Sep  5 06:00:01 PM IST 2026] done url=https://bhaveshkumawat632.github.io count=0
[index Sat Sep  5 07:00:01 PM IST 2026] live URL: https://bhaveshkumawat632.github.io
indexnow: no URLs found in sitemap
google ping: 404 (deprecated by Google — use Search Console)
bing ping:   410 (deprecated — IndexNow above is what counts)
[index Sat Sep  5 07:00:02 PM IST 2026] done url=https://bhaveshkumawat632.github.io count=0
[index Sat Sep  5 08:00:01 PM IST 2026] live URL: https://bhaveshkumawat632.github.io
indexnow: no URLs found in sitemap
google ping: 404 (deprecated by Google — use Search Console)
bing ping:   410 (deprecated — IndexNow above is what counts)
[index Sat Sep  5 08:00:02 PM IST 2026] done url=https://bhaveshkumawat632.github.io count=0
