[tunnel] starting Cloudflare tunnel (auto-restart)...
[tunnel] exited (Thu Jul 30 09:39:06 PM IST 2026). restarting in 3s...
[tunnel] URL: https://diameter-don-span-vacuum.trycloudflare.com
3s...
[tunnel] exited (Thu Jul 30 09:27:19 PM IST 2026). restarting in 3s...
[tunnel] exited (Thu Jul 30 09:27:20 PM IST 2026). restarting in 3s...
[tunnel] exited (Thu Jul 30 09:27:21 PM IST 2026). restarting in 3s...
[tunnel] exited (Thu Jul 30 09:27:21 PM IST 2026). restarting in 3s...
[tunnel] exited (Thu Jul 30 09:27:26 PM IST 2026). restarting in 3s...
[tunnel] exited (Thu Jul 30 09:27:38 PM IST 2026). restarting in 3s...
[tunnel] exited (Thu Jul 30 09:27:42 PM IST 2026). restarting in 3s...
[tunnel] exited (Thu Jul 30 09:27:43 PM IST 2026). restarting in 3s...
[tunnel] exited (Thu Jul 30 09:27:44 PM IST 2026). restarting in 3s...
[tunnel] exited (Thu Jul 30 09:27:44 PM IST 2026). restarting in 3s...
[tunnel] exited (Thu Jul 30 09:27:45 PM IST 2026). restarting in 3s...
[tunnel] exited (Thu Jul 30 09:27:50 PM IST 2026). restarting in 3s...
[tunnel] exited (Thu Jul 30 09:28:02 PM IST 2026). restarting in 3s...
[tunnel] exited (Thu Jul 30 09:28:05 PM IST 2026). restarting in 3s...
[tunnel] exited (Thu Jul 30 09:28:06 PM IST 2026). restarting in 3s...
[tunnel] exited (Thu Jul 30 09:28:07 PM IST 2026). restarting in 3s...
[tunnel] exited (Thu Jul 30 09:28:07 PM IST 2026). restarting in 3s...
[tunnel] exited (Thu Jul 30 09:28:08 PM IST 2026). restarting in 3s...
[tunnel] exited (Thu Jul 30 09:28:13 PM IST 2026). restarting in 3s...
[tunnel] exited (Thu Jul 30 09:28:25 PM IST 2026). restarting in 3s...
[tunnel] exited (Thu Jul 30 09:28:28 PM IST 2026). restarting in 3s...
[tunnel] exited (Thu Jul 30 09:28:29 PM IST 2026). restarting in 3s...
[tunnel] exited (Thu Jul 30 09:28:30 PM IST 2026). restarting in 3s...
[tunnel] exited (Thu Jul 30 09:28:30 PM IST 2026). restarting in 3s...
[tunnel] exited (Thu Jul 30 09:28:31 PM IST 2026). restarting in 3s...
[tunnel] exited (Thu Jul 30 09:28:36 PM IST 2026). restarting in 3s...
[tunnel] exited (Thu Jul 30 09:28:48 PM IST 2026). restarting in 3s...
[tunnel] exited (Thu Jul 30 09:28:51 PM IST 2026). restarting in 3s...
[tunnel] exited (Thu Jul 30 09:28:52 PM IST 2026). restarting in 3s...
[tunnel] exited (Thu Jul 30 09:28:53 PM IST 2026). restarting in 3s...
[tunnel] exited (Thu Jul 30 09:28:53 PM IST 2026). restarting in 3s...
[tunnel] exited (Thu Jul 30 09:28:54 PM IST 2026). restarting in 3s...
[tunnel] exited (Thu Jul 30 09:28:59 PM IST 2026). restarting in 3s...
[tunnel] exited (Thu Jul 30 09:29:11 PM IST 2026). restarting in 3s...
[tunnel] exited (Thu Jul 30 09:29:14 PM IST 2026). restarting in 3s...
[tunnel] exited (Thu Jul 30 09:29:15 PM IST 2026). restarting in 3s...
[tunnel] exited (Thu Jul 30 09:29:16 PM IST 2026). restarting in 3s...
[tunnel] exited (Thu Jul 30 09:29:16 PM IST 2026). restarting in 3s...
[tunnel] exited (Thu Jul 30 09:29:17 PM IST 2026). restarting in 3s...
[tunnel] exited (Thu Jul 30 09:29:22 PM IST 2026). restarting in 3s...
[tunnel] exited (Thu Jul 30 09:29:34 PM IST 2026). restarting in 3s...
[tunnel] exited (Thu Jul 30 09:29:37 PM IST 2026). restarting in 3s...
[tunnel] exited (Thu Jul 30 09:29:38 PM IST 2026). restarting in 3s...
[tunnel] exited (Thu Jul 30 09:29:39 PM IST 2026). restarting in 3s...
[tunnel] exited (Thu Jul 30 09:29:39 PM IST 2026). restarting in 3s...
[tunnel] exited (Thu Jul 30 09:29:40 PM IST 2026). restarting in 3s...
[tunnel] exited (Thu Jul 30 09:29:45 PM IST 2026). restarting in 3s...
[tunnel] exited (Thu Jul 30 09:29:57 PM IST 2026). restarting in 3s...
[tunnel] exited (Thu Jul 30 09:30:00 PM IST 2026). restarting in 3s...
[tunnel] exited (Thu Jul 30 09:30:01 PM IST 2026). restarting in 3s...
[tunnel] exited (Thu Jul 30 09:30:02 PM IST 2026). restarting in 3s...
[tunnel] exited (Thu Jul 30 09:30:03 PM IST 2026). restarting in 3s...
[tunnel] exited (Thu Jul 30 09:30:03 PM IST 2026). restarting in 3s...
[tunnel] exited (Thu Jul 30 09:30:08 PM IST 2026). restarting in 3s...
[tunnel] exited (Thu Jul 30 09:30:20 PM IST 2026). restarting in 3s...
[tunnel] exited (Thu Jul 30 09:30:23 PM IST 2026). restarting in 3s...
[tunnel] exited (Thu Jul 30 09:30:24 PM IST 2026). restarting in 3s...
[tunnel] exited (Thu Jul 30 09:30:25 PM IST 2026). restarting in 3s...
[tunnel] exited (Thu Jul 30 09:30:26 PM IST 2026). restarting in 3s...
[tunnel] exited (Thu Jul 30 09:30:26 PM IST 2026). restarting in 3s...
[tunnel] exited (Thu Jul 30 09:30:31 PM IST 2026). restarting in 3s...
[tunnel] exited (Thu Jul 30 09:30:43 PM IST 2026). restarting in 3s...
[tunnel] exited (Thu Jul 30 09:30:46 PM IST 2026). restarting in 3s...
[tunnel] exited (Thu Jul 30 09:30:47 PM IST 2026). restarting in 3s...
[tunnel] exited (Thu Jul 30 09:30:48 PM IST 2026). restarting in 3s...
[tunnel] exited (Thu Jul 30 09:30:49 PM IST 2026). restarting in 3s...
[tunnel] exited (Thu Jul 30 09:30:49 PM IST 2026). restarting in 3s...
[tunnel] exited (Thu Jul 30 09:30:54 PM IST 2026). restarting in 3s...
[tunnel] exited (Thu Jul 30 09:31:06 PM IST 2026). restarting in 3s...
[tunnel] exited (Thu Jul 30 09:31:09 PM IST 2026). restarting in 3s...
[tunnel] exited (Thu Jul 30 09:31:11 PM IST 2026). restarting in 3s...
[tunnel] exited (Thu Jul 30 09:31:12 PM IST 2026). restarting in 3s...
[tunnel] exited (Thu Jul 30 09:31:12 PM IST 2026). restarting in 3s...
[tunnel] exited (Thu Jul 30 09:31:13 PM IST 2026). restarting in 3s...
[tunnel] exited (Thu Jul 30 09:31:18 PM IST 2026). restarting in 3s...
[tunnel] exited (Thu Jul 30 09:31:30 PM IST 2026). restarting in 3s...
[tunnel] exited (Thu Jul 30 09:31:33 PM IST 2026). restarting in 3s...
[tunnel] exited (Thu Jul 30 09:31:34 PM IST 2026). restarting in 3s...
[tunnel] exited (Thu Jul 30 09:31:35 PM IST 2026). restarting in 3s...
[tunnel] exited (Thu Jul 30 09:31:35 PM IST 2026). restarting in 3s...
[tunnel] exited (Thu Jul 30 09:31:36 PM IST 2026). restarting in 3s...
[tunnel] exited (Thu Jul 30 09:31:41 PM IST 2026). restarting in 3s...
[tunnel] exited (Thu Jul 30 09:31:53 PM IST 2026). restarting in 3s...
[tunnel] exited (Thu Jul 30 09:31:56 PM IST 2026). restarting in 3s...
[tunnel] exited (Thu Jul 30 09:31:57 PM IST 2026). restarting in 3s...
[tunnel] exited (Thu Jul 30 09:31:58 PM IST 2026). restarting in 3s...
[tunnel] exited (Thu Jul 30 09:31:58 PM IST 2026). restarting in 3s...
[tunnel] exited (Thu Jul 30 09:31:59 PM IST 2026). restarting in 3s...
[tunnel] exited (Thu Jul 30 09:32:04 PM IST 2026). restarting in 3s...
[tunnel] exited (Thu Jul 30 09:32:16 PM IST 2026). restarting in 3s...
[tunnel] exited (Thu Jul 30 09:32:19 PM IST 2026). restarting in 3s...
[tunnel] exited (Thu Jul 30 09:32:20 PM IST 2026). restarting in 3s...
[tunnel] exited (Thu Jul 30 09:32:21 PM IST 2026). restarting in 3s...
[tunnel] exited (Thu Jul 30 09:32:21 PM IST 2026). restarting in 3s...
[tunnel] exited (Thu Jul 30 09:32:22 PM IST 2026). restarting in 3s...
[tunnel] exited (Thu Jul 30 09:32:27 PM IST 2026). restarting in 3s...
[tunnel] exited (Thu Jul 30 09:32:39 PM IST 2026). restarting in 3s...
[tunnel] exited (Thu Jul 30 09:32:42 PM IST 2026). restarting in 3s...
[tunnel] exited (Thu Jul 30 09:32:43 PM IST 2026). restarting in 3s...
[tunnel] exited (Thu Jul 30 09:32:44 PM IST 2026). restarting in 3s...
[tunnel] exited (Thu Jul 30 09:32:44 PM IST 2026). restarting in 3s...
[tunnel] exited (Thu Jul 30 09:32:45 PM IST 2026). restarting in 3s...
[tunnel] exited (Thu Jul 30 09:32:50 PM IST 2026). restarting in 3s...
[tunnel] exited (Thu Jul 30 09:33:02 PM IST 2026). restarting in 3s...
[tunnel] exited (Thu Jul 30 09:33:05 PM IST 2026). restarting in 3s...
[tunnel] exited (Thu Jul 30 09:33:06 PM IST 2026). restarting in 3s...
[tunnel] exited (Thu Jul 30 09:33:07 PM IST 2026). restarting in 3s...
[tunnel] exited (Thu Jul 30 09:33:07 PM IST 2026). restarting in 3s...
[tunnel] exited (Thu Jul 30 09:33:08 PM IST 2026). restarting in 3s...
[tunnel] exited (Thu Jul 30 09:33:13 PM IST 2026). restarting in 3s...
[tunnel] exited (Thu Jul 30 09:33:25 PM IST 2026). restarting in 3s...
[tunnel] exited (Thu Jul 30 09:33:28 PM IST 2026). restarting in 3s...
[tunnel] exited (Thu Jul 30 09:33:29 PM IST 2026). restarting in 3s...
[tunnel] exited (Thu Jul 30 09:33:30 PM IST 2026). restarting in 3s...
[tunnel] exited (Thu Jul 30 09:33:31 PM IST 2026). restarting in 3s...
[tunnel] exited (Thu Jul 30 09:33:31 PM IST 2026). restarting in 3s...
[tunnel] exited (Thu Jul 30 09:33:36 PM IST 2026). restarting in 3s...
[tunnel] exited (Thu Jul 30 09:33:48 PM IST 2026). restarting in 3s...
[tunnel] exited (Thu Jul 30 09:33:51 PM IST 2026). restarting in 3s...
[tunnel] exited (Thu Jul 30 09:33:52 PM IST 2026). restarting in 3s...
[tunnel] exited (Thu Jul 30 09:33:53 PM IST 2026). restarting in 3s...
[tunnel] exited (Thu Jul 30 09:33:54 PM IST 2026). restarting in 3s...
[tunnel] exited (Thu Jul 30 09:33:54 PM IST 2026). restarting in 3s...
[tunnel] exited (Thu Jul 30 09:33:59 PM IST 2026). restarting in 3s...
[tunnel] exited (Thu Jul 30 09:34:11 PM IST 2026). restarting in 3s...
[tunnel] exited (Thu Jul 30 09:34:14 PM IST 2026). restarting in 3s...
[tunnel] exited (Thu Jul 30 09:34:15 PM IST 2026). restarting in 3s...
[tunnel] exited (Thu Jul 30 09:34:16 PM IST 2026). restarting in 3s...
[tunnel] exited (Thu Jul 30 09:34:17 PM IST 2026). restarting in 3s...
[tunnel] exited (Thu Jul 30 09:34:17 PM IST 2026). restarting in 3s...
[tunnel] exited (Thu Jul 30 09:34:22 PM IST 2026). restarting in 3s...
[tunnel] exited (Thu Jul 30 09:34:35 PM IST 2026). restarting in 3s...
[tunnel] exited (Thu Jul 30 09:34:37 PM IST 2026). restarting in 3s...
[tunnel] exited (Thu Jul 30 09:34:39 PM IST 2026). restarting in 3s...
[tunnel] exited (Thu Jul 30 09:34:40 PM IST 2026). restarting in 3s...
[tunnel] exited (Thu Jul 30 09:34:40 PM IST 2026). restarting in 3s...
[tunnel] exited (Thu Jul 30 09:34:41 PM IST 2026). restarting in 3s...
[tunnel] exited (Thu Jul 30 09:34:46 PM IST 2026). restarting in 3s...
[tunnel] exited (Thu Jul 30 09:34:58 PM IST 2026). restarting in 3s...
[tunnel] exited (Thu Jul 30 09:35:01 PM IST 2026). restarting in 3s...
[tunnel] exited (Thu Jul 30 09:35:02 PM IST 2026). restarting in 3s...
[tunnel] exited (Thu Jul 30 09:35:03 PM IST 2026). restarting in 3s...
[tunnel] exited (Thu Jul 30 09:35:03 PM IST 2026). restarting in 3s...
[tunnel] exited (Thu Jul 30 09:35:04 PM IST 2026). restarting in 3s...
[tunnel] exited (Thu Jul 30 09:35:09 PM IST 2026). restarting in 3s...
[tunnel] exited (Thu Jul 30 09:35:21 PM IST 2026). restarting in 3s...
[tunnel] exited (Thu Jul 30 09:35:24 PM IST 2026). restarting in 3s...
[tunnel] exited (Thu Jul 30 09:35:25 PM IST 2026). restarting in 3s...
[tunnel] exited (Thu Jul 30 09:35:26 PM IST 2026). restarting in 3s...
[tunnel] exited (Thu Jul 30 09:35:26 PM IST 2026). restarting in 3s...
[tunnel] exited (Thu Jul 30 09:35:27 PM IST 2026). restarting in 3s...
[tunnel] exited (Thu Jul 30 09:35:32 PM IST 2026). restarting in 3s...
[tunnel] exited (Thu Jul 30 09:35:44 PM IST 2026). restarting in 3s...
[tunnel] exited (Thu Jul 30 09:35:47 PM IST 2026). restarting in 3s...
[tunnel] exited (Thu Jul 30 09:35:48 PM IST 2026). restarting in 3s...
[tunnel] exited (Thu Jul 30 09:35:49 PM IST 2026). restarting in 3s...
[tunnel] exited (Thu Jul 30 09:35:49 PM IST 2026). restarting in 3s...
[tunnel] exited (Thu Jul 30 09:35:50 PM IST 2026). restarting in 3s...
[tunnel] exited (Thu Jul 30 09:35:55 PM IST 2026). restarting in 3s...
[tunnel] exited (Thu Jul 30 09:36:07 PM IST 2026). restarting in 3s...
[tunnel] exited (Thu Jul 30 09:36:10 PM IST 2026). restarting in 3s...
[tunnel] exited (Thu Jul 30 09:36:11 PM IST 2026). restarting in 3s...
[tunnel] exited (Thu Jul 30 09:36:12 PM IST 2026). restarting in 3s...
[tunnel] exited (Thu Jul 30 09:36:12 PM IST 2026). restarting in 3s...
[tunnel] exited (Thu Jul 30 09:36:13 PM IST 2026). restarting in 3s...
[tunnel] exited (Thu Jul 30 09:36:18 PM IST 2026). restarting in 3s...
[tunnel] exited (Thu Jul 30 09:36:30 PM IST 2026). restarting in 3s...
[tunnel] exited (Thu Jul 30 09:36:33 PM IST 2026). restarting in 3s...
[tunnel] exited (Thu Jul 30 09:36:34 PM IST 2026). restarting in 3s...
[tunnel] exited (Thu Jul 30 09:36:35 PM IST 2026). restarting in 3s...
[tunnel] exited (Thu Jul 30 09:36:36 PM IST 2026). restarting in 3s...
[tunnel] exited (Thu Jul 30 09:36:36 PM IST 2026). restarting in 3s...
[tunnel] exited (Thu Jul 30 09:36:41 PM IST 2026). restarting in 3s...
[tunnel] exited (Thu Jul 30 09:36:53 PM IST 2026). restarting in 3s...
[tunnel] exited (Thu Jul 30 09:36:56 PM IST 2026). restarting in 3s...
[tunnel] exited (Thu Jul 30 09:36:57 PM IST 2026). restarting in 3s...
[tunnel] exited (Thu Jul 30 09:36:58 PM IST 2026). restarting in 3s...
[tunnel] exited (Thu Jul 30 09:36:59 PM IST 2026). restarting in 3s...
[tunnel] exited (Thu Jul 30 09:36:59 PM IST 2026). restarting in 3s...
[tunnel] exited (Thu Jul 30 09:37:04 PM IST 2026). restarting in 3s...
[tunnel] exited (Thu Jul 30 09:37:16 PM IST 2026). restarting in 3s...
[tunnel] exited (Thu Jul 30 09:37:19 PM IST 2026). restarting in 3s...
[tunnel] exited (Thu Jul 30 09:37:20 PM IST 2026). restarting in 3s...
[tunnel] exited (Thu Jul 30 09:37:21 PM IST 2026). restarting in 3s...
[tunnel] exited (Thu Jul 30 09:37:22 PM IST 2026). restarting in 3s...
[tunnel] exited (Thu Jul 30 09:37:22 PM IST 2026). restarting in 3s...
[tunnel] exited (Thu Jul 30 09:37:27 PM IST 2026). restarting in 3s...
[tunnel] exited (Thu Jul 30 09:37:39 PM IST 2026). restarting in 3s...
[tunnel] exited (Thu Jul 30 09:37:42 PM IST 2026). restarting in 3s...
[tunnel] exited (Thu Jul 30 09:37:43 PM IST 2026). restarting in 3s...
[tunnel] exited (Thu Jul 30 09:37:44 PM IST 2026). restarting in 3s...
[tunnel] exited (Thu Jul 30 09:37:45 PM IST 2026). restarting in 3s...
[tunnel] exited (Thu Jul 30 09:37:45 PM IST 2026). restarting in 3s...
[tunnel] exited (Thu Jul 30 09:37:50 PM IST 2026). restarting in 3s...
[tunnel] exited (Thu Jul 30 09:38:02 PM IST 2026). restarting in 3s...
[tunnel] exited (Thu Jul 30 09:38:06 PM IST 2026). restarting in 3s...
[tunnel] exited (Thu Jul 30 09:38:07 PM IST 2026). restarting in 3s...
[tunnel] exited (Thu Jul 30 09:38:08 PM IST 2026). restarting in 3s...
[tunnel] exited (Thu Jul 30 09:38:08 PM IST 2026). restarting in 3s...
[tunnel] exited (Thu Jul 30 09:38:08 PM IST 2026). restarting in 3s...
[tunnel] exited (Thu Jul 30 09:38:14 PM IST 2026). restarting in 3s...
[tunnel] exited (Thu Jul 30 09:38:26 PM IST 2026). restarting in 3s...
[tunnel] exited (Thu Jul 30 09:38:29 PM IST 2026). restarting in 3s...
[tunnel] exited (Thu Jul 30 09:38:30 PM IST 2026). restarting in 3s...
[tunnel] exited (Thu Jul 30 09:38:31 PM IST 2026). restarting in 3s...
[tunnel] exited (Thu Jul 30 09:38:31 PM IST 2026). restarting in 3s...
[tunnel] exited (Thu Jul 30 09:38:32 PM IST 2026). restarting in 3s...
[tunnel] exited (Thu Jul 30 09:38:37 PM IST 2026). restarting in 3s...
[tunnel] exited (Thu Jul 30 09:38:49 PM IST 2026). restarting in 3s...
[tunnel] exited (Thu Jul 30 09:38:52 PM IST 2026). restarting in 3s...
[tunnel] exited (Thu Jul 30 09:38:53 PM IST 2026). restarting in 3s...
[tunnel] exited (Thu Jul 30 09:38:54 PM IST 2026). restarting in 3s...
[tunnel] exited (Thu Jul 30 09:38:54 PM IST 2026). restarting in 3s...
[tunnel] exited (Thu Jul 30 09:38:55 PM IST 2026). restarting in 3s...
[tunnel] exited (Thu Jul 30 09:39:00 PM IST 2026). restarting in 3s...
[tunnel] exited (Thu Jul 30 09:39:06 PM IST 2026). restarting in 3s...
[tunnel] exited (Thu Jul 30 09:39:12 PM IST 2026). restarting in 3s...
[tunnel] URL: https://diameter-don-span-vacuum.trycloudflare.com
[tunnel] exited (Thu Jul 30 09:39:14 PM IST 2026). restarting in 3s...
[tunnel] URL: https://diameter-don-span-vacuum.trycloudflare.com
[tunnel] exited (Thu Jul 30 09:39:15 PM IST 2026). restarting in 3s...
[tunnel] exited (Thu Jul 30 09:39:16 PM IST 2026). restarting in 3s...
[tunnel] exited (Thu Jul 30 09:39:17 PM IST 2026). restarting in 3s...
[tunnel] exited (Thu Jul 30 09:39:18 PM IST 2026). restarting in 3s...
[tunnel] exited (Thu Jul 30 09:39:23 PM IST 2026). restarting in 3s...
[tunnel] exited (Thu Jul 30 09:39:35 PM IST 2026). restarting in 3s...
[tunnel] exited (Thu Jul 30 09:39:37 PM IST 2026). restarting in 3s...
[tunnel] exited (Thu Jul 30 09:39:38 PM IST 2026). restarting in 3s...
[tunnel] exited (Thu Jul 30 09:39:39 PM IST 2026). restarting in 3s...
[tunnel] exited (Thu Jul 30 09:39:40 PM IST 2026). restarting in 3s...
[tunnel] exited (Thu Jul 30 09:39:41 PM IST 2026). restarting in 3s...
[tunnel] exited (Thu Jul 30 09:39:46 PM IST 2026). restarting in 3s...
[tunnel] exited (Thu Jul 30 09:39:58 PM IST 2026). restarting in 3s...
[tunnel] exited (Thu Jul 30 09:40:01 PM IST 2026). restarting in 3s...
[tunnel] exited (Thu Jul 30 09:40:01 PM IST 2026). restarting in 3s...
[tunnel] exited (Thu Jul 30 09:40:02 PM IST 2026). restarting in 3s...
[tunnel] exited (Thu Jul 30 09:40:03 PM IST 2026). restarting in 3s...
[tunnel] exited (Thu Jul 30 09:40:04 PM IST 2026). restarting in 3s...
[tunnel] exited (Thu Jul 30 09:40:09 PM IST 2026). restarting in 3s...
[tunnel] exited (Thu Jul 30 09:40:21 PM IST 2026). restarting in 3s...
[tunnel] exited (Thu Jul 30 09:40:24 PM IST 2026). restarting in 3s...
[tunnel] exited (Thu Jul 30 09:40:24 PM IST 2026). restarting in 3s...
[tunnel] exited (Thu Jul 30 09:40:25 PM IST 2026). restarting in 3s...
[tunnel] exited (Thu Jul 30 09:40:26 PM IST 2026). restarting in 3s...
[tunnel] exited (Thu Jul 30 09:40:27 PM IST 2026). restarting in 3s...
[tunnel] exited (Thu Jul 30 09:40:32 PM IST 2026). restarting in 3s...
[tunnel] exited (Thu Jul 30 09:40:44 PM IST 2026). restarting in 3s...
[tunnel] exited (Thu Jul 30 09:40:47 PM IST 2026). restarting in 3s...
[tunnel] exited (Thu Jul 30 09:40:48 PM IST 2026). restarting in 3s...
[tunnel] exited (Thu Jul 30 09:40:48 PM IST 2026). restarting in 3s...
[tunnel] exited (Thu Jul 30 09:40:50 PM IST 2026). restarting in 3s...
[tunnel] exited (Thu Jul 30 09:40:51 PM IST 2026). restarting in 3s...
[tunnel] exited (Thu Jul 30 09:40:56 PM IST 2026). restarting in 3s...
[tunnel] exited (Thu Jul 30 09:41:07 PM IST 2026). restarting in 3s...
[tunnel] exited (Thu Jul 30 09:41:10 PM IST 2026). restarting in 3s...
[tunnel] exited (Thu Jul 30 09:41:11 PM IST 2026). restarting in 3s...
[tunnel] exited (Thu Jul 30 09:41:11 PM IST 2026). restarting in 3s...
[tunnel] exited (Thu Jul 30 09:41:13 PM IST 2026). restarting in 3s...
[tunnel] exited (Thu Jul 30 09:41:14 PM IST 2026). restarting in 3s...
[tunnel] exited (Thu Jul 30 09:41:19 PM IST 2026). restarting in 3s...
[tunnel] exited (Thu Jul 30 09:41:30 PM IST 2026). restarting in 3s...
[tunnel] exited (Thu Jul 30 09:41:33 PM IST 2026). restarting in 3s...
[tunnel] exited (Thu Jul 30 09:41:34 PM IST 2026). restarting in 3s...
[tunnel] exited (Thu Jul 30 09:41:35 PM IST 2026). restarting in 3s...
[tunnel] exited (Thu Jul 30 09:41:36 PM IST 2026). restarting in 3s...
[tunnel] exited (Thu Jul 30 09:41:37 PM IST 2026). restarting in 3s...
[tunnel] exited (Thu Jul 30 09:41:42 PM IST 2026). restarting in 3s...
[tunnel] exited (Thu Jul 30 09:41:54 PM IST 2026). restarting in 3s...
[tunnel] exited (Thu Jul 30 09:41:56 PM IST 2026). restarting in 3s...
[tunnel] exited (Thu Jul 30 09:41:57 PM IST 2026). restarting in 3s...
[tunnel] exited (Thu Jul 30 09:41:58 PM IST 2026). restarting in 3s...
[tunnel] exited (Thu Jul 30 09:41:59 PM IST 2026). restarting in 3s...
[tunnel] exited (Thu Jul 30 09:42:00 PM IST 2026). restarting in 3s...
[tunnel] exited (Thu Jul 30 09:42:05 PM IST 2026). restarting in 3s...
[tunnel] exited (Thu Jul 30 09:42:17 PM IST 2026). restarting in 3s...
[tunnel] exited (Thu Jul 30 09:42:19 PM IST 2026). restarting in 3s...
[tunnel] exited (Thu Jul 30 09:42:20 PM IST 2026). restarting in 3s...
[tunnel] exited (Thu Jul 30 09:42:21 PM IST 2026). restarting in 3s...
[tunnel] exited (Thu Jul 30 09:42:22 PM IST 2026). restarting in 3s...
[tunnel] exited (Thu Jul 30 09:42:23 PM IST 2026). restarting in 3s...
[tunnel] exited (Thu Jul 30 09:42:28 PM IST 2026). restarting in 3s...
[tunnel] exited (Thu Jul 30 09:42:40 PM IST 2026). restarting in 3s...
[tunnel] exited (Thu Jul 30 09:42:42 PM IST 2026). restarting in 3s...
[tunnel] exited (Thu Jul 30 09:42:43 PM IST 2026). restarting in 3s...
[tunnel] exited (Thu Jul 30 09:42:44 PM IST 2026). restarting in 3s...
[tunnel] exited (Thu Jul 30 09:42:45 PM IST 2026). restarting in 3s...
[tunnel] exited (Thu Jul 30 09:42:46 PM IST 2026). restarting in 3s...
[tunnel] exited (Thu Jul 30 09:42:51 PM IST 2026). restarting in 3s...
[tunnel] exited (Thu Jul 30 09:43:03 PM IST 2026). restarting in 3s...
[tunnel] exited (Thu Jul 30 09:43:05 PM IST 2026). restarting in 3s...
[tunnel] exited (Thu Jul 30 09:43:06 PM IST 2026). restarting in 3s...
[tunnel] exited (Thu Jul 30 09:43:07 PM IST 2026). restarting in 3s...
[tunnel] exited (Thu Jul 30 09:43:08 PM IST 2026). restarting in 3s...
[tunnel] exited (Thu Jul 30 09:43:09 PM IST 2026). restarting in 3s...
[tunnel] exited (Thu Jul 30 09:43:14 PM IST 2026). restarting in 3s...
[tunnel] exited (Thu Jul 30 09:43:26 PM IST 2026). restarting in 3s...
[tunnel] exited (Thu Jul 30 09:43:28 PM IST 2026). restarting in 3s...
[tunnel] exited (Thu Jul 30 09:43:29 PM IST 2026). restarting in 3s...
[tunnel] exited (Thu Jul 30 09:43:30 PM IST 2026). restarting in 3s...
[tunnel] exited (Thu Jul 30 09:43:31 PM IST 2026). restarting in 3s...
[tunnel] exited (Thu Jul 30 09:43:32 PM IST 2026). restarting in 3s...
[tunnel] exited (Thu Jul 30 09:43:37 PM IST 2026). restarting in 3s...
[tunnel] exited (Thu Jul 30 09:43:49 PM IST 2026). restarting in 3s...
[tunnel] exited (Thu Jul 30 09:43:52 PM IST 2026). restarting in 3s...
[tunnel] exited (Thu Jul 30 09:43:52 PM IST 2026). restarting in 3s...
[tunnel] exited (Thu Jul 30 09:43:53 PM IST 2026). restarting in 3s...
[tunnel] exited (Thu Jul 30 09:43:54 PM IST 2026). restarting in 3s...
[tunnel] exited (Thu Jul 30 09:43:56 PM IST 2026). restarting in 3s...
[tunnel] exited (Thu Jul 30 09:44:00 PM IST 2026). restarting in 3s...
[tunnel] exited (Thu Jul 30 09:44:12 PM IST 2026). restarting in 3s...
[tunnel] exited (Thu Jul 30 09:44:15 PM IST 2026). restarting in 3s...
[tunnel] exited (Thu Jul 30 09:44:16 PM IST 2026). restarting in 3s...
[tunnel] exited (Thu Jul 30 09:44:16 PM IST 2026). restarting in 3s...
[tunnel] exited (Thu Jul 30 09:44:18 PM IST 2026). restarting in 3s...
[tunnel] exited (Thu Jul 30 09:44:19 PM IST 2026). restarting in 3s...
[tunnel] exited (Thu Jul 30 09:44:24 PM IST 2026). restarting in 3s...
[tunnel] exited (Thu Jul 30 09:44:35 PM IST 2026). restarting in 3s...
[tunnel] exited (Thu Jul 30 09:44:38 PM IST 2026). restarting in 3s...
[tunnel] exited (Thu Jul 30 09:44:39 PM IST 2026). restarting in 3s...
[tunnel] exited (Thu Jul 30 09:44:39 PM IST 2026). restarting in 3s...
[tunnel] exited (Thu Jul 30 09:44:41 PM IST 2026). restarting in 3s...
[tunnel] exited (Thu Jul 30 09:44:42 PM IST 2026). restarting in 3s...
[tunnel] exited (Thu Jul 30 09:44:47 PM IST 2026). restarting in 3s...
[tunnel] exited (Thu Jul 30 09:44:58 PM IST 2026). restarting in 3s...
[tunnel] exited (Thu Jul 30 09:45:01 PM IST 2026). restarting in 3s...
[tunnel] exited (Thu Jul 30 09:45:02 PM IST 2026). restarting in 3s...
[tunnel] exited (Thu Jul 30 09:45:02 PM IST 2026). restarting in 3s...
[tunnel] exited (Thu Jul 30 09:45:04 PM IST 2026). restarting in 3s...
[tunnel] exited (Thu Jul 30 09:45:05 PM IST 2026). restarting in 3s...
[tunnel] exited (Thu Jul 30 09:45:10 PM IST 2026). restarting in 3s...
[tunnel] exited (Thu Jul 30 09:45:22 PM IST 2026). restarting in 3s...
[tunnel] exited (Thu Jul 30 09:45:24 PM IST 2026). restarting in 3s...
[tunnel] exited (Thu Jul 30 09:45:25 PM IST 2026). restarting in 3s...
[tunnel] exited (Thu Jul 30 09:45:26 PM IST 2026). restarting in 3s...
[tunnel] exited (Thu Jul 30 09:45:27 PM IST 2026). restarting in 3s...
[tunnel] exited (Thu Jul 30 09:45:28 PM IST 2026). restarting in 3s...
[tunnel] exited (Thu Jul 30 09:45:33 PM IST 2026). restarting in 3s...
[tunnel] exited (Thu Jul 30 09:45:45 PM IST 2026). restarting in 3s...
[tunnel] exited (Thu Jul 30 09:45:47 PM IST 2026). restarting in 3s...
[tunnel] exited (Thu Jul 30 09:45:48 PM IST 2026). restarting in 3s...
[tunnel] exited (Thu Jul 30 09:45:49 PM IST 2026). restarting in 3s...
[tunnel] exited (Thu Jul 30 09:45:50 PM IST 2026). restarting in 3s...
[tunnel] exited (Thu Jul 30 09:45:51 PM IST 2026). restarting in 3s...
[tunnel] exited (Thu Jul 30 09:45:56 PM IST 2026). restarting in 3s...
[tunnel] exited (Thu Jul 30 09:46:08 PM IST 2026). restarting in 3s...
[tunnel] exited (Thu Jul 30 09:46:10 PM IST 2026). restarting in 3s...
[tunnel] exited (Thu Jul 30 09:46:11 PM IST 2026). restarting in 3s...
[tunnel] exited (Thu Jul 30 09:46:12 PM IST 2026). restarting in 3s...
[tunnel] exited (Thu Jul 30 09:46:13 PM IST 2026). restarting in 3s...
[tunnel] exited (Thu Jul 30 09:46:14 PM IST 2026). restarting in 3s...
[tunnel] exited (Thu Jul 30 09:46:19 PM IST 2026). restarting in 3s...
[tunnel] exited (Thu Jul 30 09:46:31 PM IST 2026). restarting in 3s...
[tunnel] exited (Thu Jul 30 09:46:33 PM IST 2026). restarting in 3s...
[tunnel] exited (Thu Jul 30 09:46:34 PM IST 2026). restarting in 3s...
[tunnel] exited (Thu Jul 30 09:46:35 PM IST 2026). restarting in 3s...
[tunnel] exited (Thu Jul 30 09:46:36 PM IST 2026). restarting in 3s...
[tunnel] exited (Thu Jul 30 09:46:37 PM IST 2026). restarting in 3s...
[tunnel] exited (Thu Jul 30 09:46:42 PM IST 2026). restarting in 3s...
[tunnel] exited (Thu Jul 30 09:46:54 PM IST 2026). restarting in 3s...
[tunnel] exited (Thu Jul 30 09:46:56 PM IST 2026). restarting in 3s...
[tunnel] exited (Thu Jul 30 09:46:57 PM IST 2026). restarting in 3s...
[tunnel] exited (Thu Jul 30 09:46:58 PM IST 2026). restarting in 3s...
[tunnel] exited (Thu Jul 30 09:46:59 PM IST 2026). restarting in 3s...
[tunnel] exited (Thu Jul 30 09:47:00 PM IST 2026). restarting in 3s...
[tunnel] exited (Thu Jul 30 09:47:05 PM IST 2026). restarting in 3s...
[tunnel] exited (Thu Jul 30 09:47:17 PM IST 2026). restarting in 3s...
[tunnel] exited (Thu Jul 30 09:47:20 PM IST 2026). restarting in 3s...
[tunnel] exited (Thu Jul 30 09:47:20 PM IST 2026). restarting in 3s...
[tunnel] exited (Thu Jul 30 09:47:21 PM IST 2026). restarting in 3s...
[tunnel] exited (Thu Jul 30 09:47:22 PM IST 2026). restarting in 3s...
[tunnel] exited (Thu Jul 30 09:47:24 PM IST 2026). restarting in 3s...
[tunnel] exited (Thu Jul 30 09:47:28 PM IST 2026). restarting in 3s...
[tunnel] exited (Thu Jul 30 09:47:40 PM IST 2026). restarting in 3s...
[tunnel] exited (Thu Jul 30 09:47:43 PM IST 2026). restarting in 3s...
[tunnel] exited (Thu Jul 30 09:47:43 PM IST 2026). restarting in 3s...
[tunnel] exited (Thu Jul 30 09:47:44 PM IST 2026). restarting in 3s...
[tunnel] exited (Thu Jul 30 09:47:45 PM IST 2026). restarting in 3s...
[tunnel] exited (Thu Jul 30 09:47:47 PM IST 2026). restarting in 3s...
[tunnel] exited (Thu Jul 30 09:47:51 PM IST 2026). restarting in 3s...
[tunnel] exited (Thu Jul 30 09:48:03 PM IST 2026). restarting in 3s...
[tunnel] exited (Thu Jul 30 09:48:06 PM IST 2026). restarting in 3s...
[tunnel] exited (Thu Jul 30 09:48:07 PM IST 2026). restarting in 3s...
[tunnel] exited (Thu Jul 30 09:48:07 PM IST 2026). restarting in 3s...
[tunnel] exited (Thu Jul 30 09:48:09 PM IST 2026). restarting in 3s...
[tunnel] exited (Thu Jul 30 09:48:10 PM IST 2026). restarting in 3s...
[tunnel] exited (Thu Jul 30 09:48:15 PM IST 2026). restarting in 3s...
[tunnel] exited (Thu Jul 30 09:48:26 PM IST 2026). restarting in 3s...
[tunnel] exited (Thu Jul 30 09:48:29 PM IST 2026). restarting in 3s...
[tunnel] exited (Thu Jul 30 09:48:30 PM IST 2026). restarting in 3s...
[tunnel] exited (Thu Jul 30 09:48:30 PM IST 2026). restarting in 3s...
[tunnel] exited (Thu Jul 30 09:48:32 PM IST 2026). restarting in 3s...
[tunnel] exited (Thu Jul 30 09:48:33 PM IST 2026). restarting in 3s...
[tunnel] exited (Thu Jul 30 09:48:38 PM IST 2026). restarting in 3s...
[tunnel] exited (Thu Jul 30 09:48:49 PM IST 2026). restarting in 3s...
[tunnel] exited (Thu Jul 30 09:48:52 PM IST 2026). restarting in 3s...
[tunnel] exited (Thu Jul 30 09:48:53 PM IST 2026). restarting in 3s...
[tunnel] exited (Thu Jul 30 09:48:54 PM IST 2026). restarting in 3s...
[tunnel] exited (Thu Jul 30 09:48:55 PM IST 2026). restarting in 3s...
[tunnel] exited (Thu Jul 30 09:48:56 PM IST 2026). restarting in 3s...
[tunnel] exited (Thu Jul 30 09:49:01 PM IST 2026). restarting in 3s...
[tunnel] exited (Thu Jul 30 09:49:13 PM IST 2026). restarting in 3s...
[tunnel] exited (Thu Jul 30 09:49:15 PM IST 2026). restarting in 3s...
[tunnel] exited (Thu Jul 30 09:49:16 PM IST 2026). restarting in 3s...
[tunnel] exited (Thu Jul 30 09:49:17 PM IST 2026). restarting in 3s...
[tunnel] exited (Thu Jul 30 09:49:18 PM IST 2026). restarting in 3s...
[tunnel] exited (Thu Jul 30 09:49:19 PM IST 2026). restarting in 3s...
[tunnel] exited (Thu Jul 30 09:49:24 PM IST 2026). restarting in 3s...
[tunnel] exited (Thu Jul 30 09:49:36 PM IST 2026). restarting in 3s...
[tunnel] exited (Thu Jul 30 09:49:38 PM IST 2026). restarting in 3s...
[tunnel] exited (Thu Jul 30 09:49:39 PM IST 2026). restarting in 3s...
[tunnel] exited (Thu Jul 30 09:49:40 PM IST 2026). restarting in 3s...
[tunnel] exited (Thu Jul 30 09:49:41 PM IST 2026). restarting in 3s...
[tunnel] exited (Thu Jul 30 09:49:42 PM IST 2026). restarting in 3s...
[tunnel] exited (Thu Jul 30 09:49:47 PM IST 2026). restarting in 3s...
[tunnel] exited (Thu Jul 30 09:49:59 PM IST 2026). restarting in 3s...
[tunnel] exited (Thu Jul 30 09:50:01 PM IST 2026). restarting in 3s...
[tunnel] exited (Thu Jul 30 09:50:02 PM IST 2026). restarting in 3s...
[tunnel] exited (Thu Jul 30 09:50:03 PM IST 2026). restarting in 3s...
[tunnel] exited (Thu Jul 30 09:50:04 PM IST 2026). restarting in 3s...
[tunnel] exited (Thu Jul 30 09:50:05 PM IST 2026). restarting in 3s...
[tunnel] exited (Thu Jul 30 09:50:10 PM IST 2026). restarting in 3s...
[tunnel] exited (Thu Jul 30 09:50:22 PM IST 2026). restarting in 3s...
[tunnel] exited (Thu Jul 30 09:50:24 PM IST 2026). restarting in 3s...
[tunnel] exited (Thu Jul 30 09:50:25 PM IST 2026). restarting in 3s...
[tunnel] exited (Thu Jul 30 09:50:26 PM IST 2026). restarting in 3s...
[tunnel] exited (Thu Jul 30 09:50:27 PM IST 2026). restarting in 3s...
[tunnel] exited (Thu Jul 30 09:50:28 PM IST 2026). restarting in 3s...
[tunnel] exited (Thu Jul 30 09:50:33 PM IST 2026). restarting in 3s...
[tunnel] exited (Thu Jul 30 09:50:45 PM IST 2026). restarting in 3s...
[tunnel] exited (Thu Jul 30 09:50:47 PM IST 2026). restarting in 3s...
[tunnel] exited (Thu Jul 30 09:50:48 PM IST 2026). restarting in 3s...
[tunnel] exited (Thu Jul 30 09:50:49 PM IST 2026). restarting in 3s...
[tunnel] exited (Thu Jul 30 09:50:50 PM IST 2026). restarting in 3s...
[tunnel] exited (Thu Jul 30 09:50:52 PM IST 2026). restarting in 3s...
[tunnel] exited (Thu Jul 30 09:50:56 PM IST 2026). restarting in 3s...
[tunnel] exited (Thu Jul 30 09:51:08 PM IST 2026). restarting in 3s...
[tunnel] exited (Thu Jul 30 09:51:11 PM IST 2026). restarting in 3s...
[tunnel] exited (Thu Jul 30 09:51:11 PM IST 2026). restarting in 3s...
[tunnel] exited (Thu Jul 30 09:51:12 PM IST 2026). restarting in 3s...
[tunnel] exited (Thu Jul 30 09:51:13 PM IST 2026). restarting in 3s...
[tunnel] exited (Thu Jul 30 09:51:15 PM IST 2026). restarting in 3s...
[tunnel] exited (Thu Jul 30 09:51:19 PM IST 2026). restarting in 3s...
[tunnel] exited (Thu Jul 30 09:51:31 PM IST 2026). restarting in 3s...
[tunnel] exited (Thu Jul 30 09:51:34 PM IST 2026). restarting in 3s...
[tunnel] exited (Thu Jul 30 09:51:34 PM IST 2026). restarting in 3s...
[tunnel] exited (Thu Jul 30 09:51:35 PM IST 2026). restarting in 3s...
[tunnel] exited (Thu Jul 30 09:51:37 PM IST 2026). restarting in 3s...
[tunnel] exited (Thu Jul 30 09:51:38 PM IST 2026). restarting in 3s...
[tunnel] exited (Thu Jul 30 09:51:43 PM IST 2026). restarting in 3s...
[tunnel] exited (Thu Jul 30 09:51:54 PM IST 2026). restarting in 3s...
[tunnel] exited (Thu Jul 30 09:51:57 PM IST 2026). restarting in 3s...
[tunnel] exited (Thu Jul 30 09:51:58 PM IST 2026). restarting in 3s...
[tunnel] exited (Thu Jul 30 09:51:58 PM IST 2026). restarting in 3s...
[tunnel] exited (Thu Jul 30 09:52:00 PM IST 2026). restarting in 3s...
[tunnel] exited (Thu Jul 30 09:52:01 PM IST 2026). restarting in 3s...
[tunnel] exited (Thu Jul 30 09:52:06 PM IST 2026). restarting in 3s...
[tunnel] exited (Thu Jul 30 09:52:17 PM IST 2026). restarting in 3s...
[tunnel] exited (Thu Jul 30 09:52:20 PM IST 2026). restarting in 3s...
[tunnel] exited (Thu Jul 30 09:52:21 PM IST 2026). restarting in 3s...
[tunnel] exited (Thu Jul 30 09:52:21 PM IST 2026). restarting in 3s...
[tunnel] exited (Thu Jul 30 09:52:23 PM IST 2026). restarting in 3s...
[tunnel] exited (Thu Jul 30 09:52:24 PM IST 2026). restarting in 3s...
[tunnel] exited (Thu Jul 30 09:52:29 PM IST 2026). restarting in 3s...
[tunnel] exited (Thu Jul 30 09:52:41 PM IST 2026). restarting in 3s...
[tunnel] exited (Thu Jul 30 09:52:43 PM IST 2026). restarting in 3s...
[tunnel] exited (Thu Jul 30 09:52:44 PM IST 2026). restarting in 3s...
[tunnel] exited (Thu Jul 30 09:52:45 PM IST 2026). restarting in 3s...
[tunnel] exited (Thu Jul 30 09:52:46 PM IST 2026). restarting in 3s...
[tunnel] exited (Thu Jul 30 09:52:47 PM IST 2026). restarting in 3s...
[tunnel] exited (Thu Jul 30 09:52:52 PM IST 2026). restarting in 3s...
[tunnel] exited (Thu Jul 30 09:53:04 PM IST 2026). restarting in 3s...
[tunnel] exited (Thu Jul 30 09:53:06 PM IST 2026). restarting in 3s...
[tunnel] exited (Thu Jul 30 09:53:07 PM IST 2026). restarting in 3s...
[tunnel] exited (Thu Jul 30 09:53:08 PM IST 2026). restarting in 3s...
[tunnel] exited (Thu Jul 30 09:53:09 PM IST 2026). restarting in 3s...
[tunnel] exited (Thu Jul 30 09:53:10 PM IST 2026). restarting in 3s...
[tunnel] exited (Thu Jul 30 09:53:15 PM IST 2026). restarting in 3s...
[tunnel] exited (Thu Jul 30 09:53:27 PM IST 2026). restarting in 3s...
[tunnel] exited (Thu Jul 30 09:53:29 PM IST 2026). restarting in 3s...
[tunnel] exited (Thu Jul 30 09:53:30 PM IST 2026). restarting in 3s...
[tunnel] exited (Thu Jul 30 09:53:31 PM IST 2026). restarting in 3s...
[tunnel] exited (Thu Jul 30 09:53:32 PM IST 2026). restarting in 3s...
[tunnel] exited (Thu Jul 30 09:53:33 PM IST 2026). restarting in 3s...
[tunnel] exited (Thu Jul 30 09:53:38 PM IST 2026). restarting in 3s...
[tunnel] exited (Thu Jul 30 09:53:50 PM IST 2026). restarting in 3s...
[tunnel] exited (Thu Jul 30 09:53:52 PM IST 2026). restarting in 3s...
[tunnel] exited (Thu Jul 30 09:53:53 PM IST 2026). restarting in 3s...
[tunnel] exited (Thu Jul 30 09:53:54 PM IST 2026). restarting in 3s...
[tunnel] exited (Thu Jul 30 09:53:55 PM IST 2026). restarting in 3s...
[tunnel] exited (Thu Jul 30 09:53:56 PM IST 2026). restarting in 3s...
[tunnel] exited (Thu Jul 30 09:54:01 PM IST 2026). restarting in 3s...
[tunnel] exited (Thu Jul 30 09:54:13 PM IST 2026). restarting in 3s...
[tunnel] exited (Thu Jul 30 09:54:15 PM IST 2026). restarting in 3s...
[tunnel] exited (Thu Jul 30 09:54:16 PM IST 2026). restarting in 3s...
[tunnel] exited (Thu Jul 30 09:54:17 PM IST 2026). restarting in 3s...
[tunnel] exited (Thu Jul 30 09:54:18 PM IST 2026). restarting in 3s...
[tunnel] exited (Thu Jul 30 09:54:19 PM IST 2026). restarting in 3s...
[tunnel] exited (Thu Jul 30 09:54:24 PM IST 2026). restarting in 3s...
[tunnel] exited (Thu Jul 30 09:54:36 PM IST 2026). restarting in 3s...
[tunnel] exited (Thu Jul 30 09:54:39 PM IST 2026). restarting in 3s...
[tunnel] exited (Thu Jul 30 09:54:39 PM IST 2026). restarting in 3s...
[tunnel] exited (Thu Jul 30 09:54:40 PM IST 2026). restarting in 3s...
[tunnel] exited (Thu Jul 30 09:54:41 PM IST 2026). restarting in 3s...
[tunnel] exited (Thu Jul 30 09:54:43 PM IST 2026). restarting in 3s...
[tunnel] exited (Thu Jul 30 09:54:47 PM IST 2026). restarting in 3s...
[tunnel] exited (Thu Jul 30 09:54:59 PM IST 2026). restarting in 3s...
[tunnel] exited (Thu Jul 30 09:55:02 PM IST 2026). restarting in 3s...
[tunnel] exited (Thu Jul 30 09:55:02 PM IST 2026). restarting in 3s...
[tunnel] exited (Thu Jul 30 09:55:03 PM IST 2026). restarting in 3s...
[tunnel] exited (Thu Jul 30 09:55:04 PM IST 2026). restarting in 3s...
[tunnel] exited (Thu Jul 30 09:55:06 PM IST 2026). restarting in 3s...
[tunnel] exited (Thu Jul 30 09:55:10 PM IST 2026). restarting in 3s...
[tunnel] exited (Thu Jul 30 09:55:22 PM IST 2026). restarting in 3s...
[tunnel] exited (Thu Jul 30 09:55:25 PM IST 2026). restarting in 3s...
[tunnel] exited (Thu Jul 30 09:55:26 PM IST 2026). restarting in 3s...
[tunnel] exited (Thu Jul 30 09:55:26 PM IST 2026). restarting in 3s...
[tunnel] exited (Thu Jul 30 09:55:28 PM IST 2026). restarting in 3s...
[tunnel] exited (Thu Jul 30 09:55:29 PM IST 2026). restarting in 3s...
[tunnel] exited (Thu Jul 30 09:55:34 PM IST 2026). restarting in 3s...
[tunnel] exited (Thu Jul 30 09:55:45 PM IST 2026). restarting in 3s...
[tunnel] exited (Thu Jul 30 09:55:48 PM IST 2026). restarting in 3s...
[tunnel] exited (Thu Jul 30 09:55:49 PM IST 2026). restarting in 3s...
[tunnel] exited (Thu Jul 30 09:55:49 PM IST 2026). restarting in 3s...
[tunnel] exited (Thu Jul 30 09:55:51 PM IST 2026). restarting in 3s...
[tunnel] exited (Thu Jul 30 09:55:52 PM IST 2026). restarting in 3s...
[tunnel] exited (Thu Jul 30 09:55:57 PM IST 2026). restarting in 3s...
[tunnel] exited (Thu Jul 30 09:56:08 PM IST 2026). restarting in 3s...
[tunnel] exited (Thu Jul 30 09:56:11 PM IST 2026). restarting in 3s...
[tunnel] exited (Thu Jul 30 09:56:12 PM IST 2026). restarting in 3s...
[tunnel] exited (Thu Jul 30 09:56:12 PM IST 2026). restarting in 3s...
[tunnel] exited (Thu Jul 30 09:56:14 PM IST 2026). restarting in 3s...
[tunnel] exited (Thu Jul 30 09:56:15 PM IST 2026). restarting in 3s...
[tunnel] exited (Thu Jul 30 09:56:20 PM IST 2026). restarting in 3s...
[tunnel] exited (Thu Jul 30 09:56:31 PM IST 2026). restarting in 3s...
[tunnel] exited (Thu Jul 30 09:56:34 PM IST 2026). restarting in 3s...
[tunnel] exited (Thu Jul 30 09:56:35 PM IST 2026). restarting in 3s...
[tunnel] exited (Thu Jul 30 09:56:36 PM IST 2026). restarting in 3s...
[tunnel] exited (Thu Jul 30 09:56:37 PM IST 2026). restarting in 3s...
[tunnel] exited (Thu Jul 30 09:56:38 PM IST 2026). restarting in 3s...
[tunnel] exited (Thu Jul 30 09:56:43 PM IST 2026). restarting in 3s...
[tunnel] exited (Thu Jul 30 09:56:55 PM IST 2026). restarting in 3s...
[tunnel] exited (Thu Jul 30 09:56:57 PM IST 2026). restarting in 3s...
[tunnel] exited (Thu Jul 30 09:56:58 PM IST 2026). restarting in 3s...
[tunnel] exited (Thu Jul 30 09:56:59 PM IST 2026). restarting in 3s...
[tunnel] exited (Thu Jul 30 09:57:00 PM IST 2026). restarting in 3s...
[tunnel] exited (Thu Jul 30 09:57:01 PM IST 2026). restarting in 3s...
[tunnel] exited (Thu Jul 30 09:57:06 PM IST 2026). restarting in 3s...
[tunnel] exited (Thu Jul 30 09:57:18 PM IST 2026). restarting in 3s...
[tunnel] exited (Thu Jul 30 09:57:20 PM IST 2026). restarting in 3s...
[tunnel] exited (Thu Jul 30 09:57:21 PM IST 2026). restarting in 3s...
[tunnel] exited (Thu Jul 30 09:57:22 PM IST 2026). restarting in 3s...
[tunnel] exited (Thu Jul 30 09:57:23 PM IST 2026). restarting in 3s...
[tunnel] exited (Thu Jul 30 09:57:24 PM IST 2026). restarting in 3s...
[tunnel] exited (Thu Jul 30 09:57:29 PM IST 2026). restarting in 3s...
[tunnel] exited (Thu Jul 30 09:57:41 PM IST 2026). restarting in 3s...
[tunnel] exited (Thu Jul 30 09:57:43 PM IST 2026). restarting in 3s...
[tunnel] exited (Thu Jul 30 09:57:44 PM IST 2026). restarting in 3s...
[tunnel] exited (Thu Jul 30 09:57:45 PM IST 2026). restarting in 3s...
[tunnel] exited (Thu Jul 30 09:57:46 PM IST 2026). restarting in 3s...
[tunnel] exited (Thu Jul 30 09:57:47 PM IST 2026). restarting in 3s...
[tunnel] exited (Thu Jul 30 09:57:52 PM IST 2026). restarting in 3s...
[tunnel] exited (Thu Jul 30 09:58:04 PM IST 2026). restarting in 3s...
[tunnel] exited (Thu Jul 30 09:58:06 PM IST 2026). restarting in 3s...
[tunnel] exited (Thu Jul 30 09:58:07 PM IST 2026). restarting in 3s...
[tunnel] exited (Thu Jul 30 09:58:08 PM IST 2026). restarting in 3s...
[tunnel] exited (Thu Jul 30 09:58:09 PM IST 2026). restarting in 3s...
[tunnel] exited (Thu Jul 30 09:58:10 PM IST 2026). restarting in 3s...
[tunnel] exited (Thu Jul 30 09:58:15 PM IST 2026). restarting in 3s...
[tunnel] exited (Thu Jul 30 09:58:27 PM IST 2026). restarting in 3s...
[tunnel] exited (Thu Jul 30 09:58:30 PM IST 2026). restarting in 3s...
[tunnel] exited (Thu Jul 30 09:58:30 PM IST 2026). restarting in 3s...
[tunnel] exited (Thu Jul 30 09:58:31 PM IST 2026). restarting in 3s...
[tunnel] exited (Thu Jul 30 09:58:32 PM IST 2026). restarting in 3s...
[tunnel] exited (Thu Jul 30 09:58:34 PM IST 2026). restarting in 3s...
[tunnel] exited (Thu Jul 30 09:58:38 PM IST 2026). restarting in 3s...
[tunnel] exited (Thu Jul 30 09:58:50 PM IST 2026). restarting in 3s...
[tunnel] exited (Thu Jul 30 09:58:53 PM IST 2026). restarting in 3s...
[tunnel] exited (Thu Jul 30 09:58:53 PM IST 2026). restarting in 3s...
[tunnel] exited (Thu Jul 30 09:58:54 PM IST 2026). restarting in 3s...
[tunnel] exited (Thu Jul 30 09:58:55 PM IST 2026). restarting in 3s...
[tunnel] exited (Thu Jul 30 09:58:57 PM IST 2026). restarting in 3s...
[tunnel] exited (Thu Jul 30 09:59:01 PM IST 2026). restarting in 3s...
[tunnel] exited (Thu Jul 30 09:59:13 PM IST 2026). restarting in 3s...
[tunnel] exited (Thu Jul 30 09:59:16 PM IST 2026). restarting in 3s...
[tunnel] exited (Thu Jul 30 09:59:17 PM IST 2026). restarting in 3s...
[tunnel] exited (Thu Jul 30 09:59:17 PM IST 2026). restarting in 3s...
[tunnel] exited (Thu Jul 30 09:59:19 PM IST 2026). restarting in 3s...
[tunnel] exited (Thu Jul 30 09:59:20 PM IST 2026). restarting in 3s...
[tunnel] exited (Thu Jul 30 09:59:25 PM IST 2026). restarting in 3s...
[tunnel] exited (Thu Jul 30 09:59:36 PM IST 2026). restarting in 3s...
[tunnel] exited (Thu Jul 30 09:59:39 PM IST 2026). restarting in 3s...
[tunnel] exited (Thu Jul 30 09:59:40 PM IST 2026). restarting in 3s...
[tunnel] exited (Thu Jul 30 09:59:40 PM IST 2026). restarting in 3s...
[tunnel] exited (Thu Jul 30 09:59:42 PM IST 2026). restarting in 3s...
[tunnel] exited (Thu Jul 30 09:59:43 PM IST 2026). restarting in 3s...
[tunnel] exited (Thu Jul 30 09:59:48 PM IST 2026). restarting in 3s...
[tunnel] exited (Thu Jul 30 09:59:59 PM IST 2026). restarting in 3s...
[tunnel] exited (Thu Jul 30 10:00:02 PM IST 2026). restarting in 3s...
[tunnel] exited (Thu Jul 30 10:00:03 PM IST 2026). restarting in 3s...
[tunnel] exited (Thu Jul 30 10:00:03 PM IST 2026). restarting in 3s...
[tunnel] exited (Thu Jul 30 10:00:05 PM IST 2026). restarting in 3s...
[tunnel] exited (Thu Jul 30 10:00:06 PM IST 2026). restarting in 3s...
[tunnel] exited (Thu Jul 30 10:00:11 PM IST 2026). restarting in 3s...
[tunnel] exited (Thu Jul 30 10:00:22 PM IST 2026). restarting in 3s...
[tunnel] exited (Thu Jul 30 10:00:25 PM IST 2026). restarting in 3s...
[tunnel] exited (Thu Jul 30 10:00:26 PM IST 2026). restarting in 3s...
[tunnel] exited (Thu Jul 30 10:00:27 PM IST 2026). restarting in 3s...
[tunnel] exited (Thu Jul 30 10:00:28 PM IST 2026). restarting in 3s...
[tunnel] exited (Thu Jul 30 10:00:29 PM IST 2026). restarting in 3s...
[tunnel] exited (Thu Jul 30 10:00:34 PM IST 2026). restarting in 3s...
[tunnel] exited (Thu Jul 30 10:00:46 PM IST 2026). restarting in 3s...
[tunnel] exited (Thu Jul 30 10:00:48 PM IST 2026). restarting in 3s...
[tunnel] exited (Thu Jul 30 10:00:49 PM IST 2026). restarting in 3s...
[tunnel] exited (Thu Jul 30 10:00:50 PM IST 2026). restarting in 3s...
[tunnel] exited (Thu Jul 30 10:00:51 PM IST 2026). restarting in 3s...
[tunnel] exited (Thu Jul 30 10:00:52 PM IST 2026). restarting in 3s...
[tunnel] exited (Thu Jul 30 10:00:57 PM IST 2026). restarting in 3s...
[tunnel] exited (Thu Jul 30 10:01:09 PM IST 2026). restarting in 3s...
[tunnel] exited (Thu Jul 30 10:01:11 PM IST 2026). restarting in 3s...
[tunnel] exited (Thu Jul 30 10:01:12 PM IST 2026). restarting in 3s...
[tunnel] exited (Thu Jul 30 10:01:13 PM IST 2026). restarting in 3s...
[tunnel] exited (Thu Jul 30 10:01:14 PM IST 2026). restarting in 3s...
[tunnel] exited (Thu Jul 30 10:01:15 PM IST 2026). restarting in 3s...
[tunnel] exited (Thu Jul 30 10:01:20 PM IST 2026). restarting in 3s...
[tunnel] exited (Thu Jul 30 10:01:32 PM IST 2026). restarting in 3s...
[tunnel] exited (Thu Jul 30 10:01:34 PM IST 2026). restarting in 3s...
[tunnel] exited (Thu Jul 30 10:01:35 PM IST 2026). restarting in 3s...
[tunnel] exited (Thu Jul 30 10:01:36 PM IST 2026). restarting in 3s...
[tunnel] exited (Thu Jul 30 10:01:37 PM IST 2026). restarting in 3s...
[tunnel] exited (Thu Jul 30 10:01:38 PM IST 2026). restarting in 3s...
[tunnel] exited (Thu Jul 30 10:01:43 PM IST 2026). restarting in 3s...
[tunnel] exited (Thu Jul 30 10:01:55 PM IST 2026). restarting in 3s...
[tunnel] exited (Thu Jul 30 10:01:57 PM IST 2026). restarting in 3s...
[tunnel] exited (Thu Jul 30 10:01:58 PM IST 2026). restarting in 3s...
[tunnel] exited (Thu Jul 30 10:01:59 PM IST 2026). restarting in 3s...
[tunnel] exited (Thu Jul 30 10:02:00 PM IST 2026). restarting in 3s...
[tunnel] exited (Thu Jul 30 10:02:02 PM IST 2026). restarting in 3s...
[tunnel] exited (Thu Jul 30 10:02:06 PM IST 2026). restarting in 3s...
[tunnel] exited (Thu Jul 30 10:02:18 PM IST 2026). restarting in 3s...
[tunnel] exited (Thu Jul 30 10:02:21 PM IST 2026). restarting in 3s...
[tunnel] exited (Thu Jul 30 10:02:21 PM IST 2026). restarting in 3s...
[tunnel] exited (Thu Jul 30 10:02:22 PM IST 2026). restarting in 3s...
[tunnel] exited (Thu Jul 30 10:02:23 PM IST 2026). restarting in 3s...
[tunnel] exited (Thu Jul 30 10:02:25 PM IST 2026). restarting in 3s...
[tunnel] exited (Thu Jul 30 10:02:29 PM IST 2026). restarting in 3s...
[tunnel] exited (Thu Jul 30 10:02:41 PM IST 2026). restarting in 3s...
[tunnel] exited (Thu Jul 30 10:02:44 PM IST 2026). restarting in 3s...
[tunnel] exited (Thu Jul 30 10:02:44 PM IST 2026). restarting in 3s...
[tunnel] exited (Thu Jul 30 10:02:45 PM IST 2026). restarting in 3s...
[tunnel] exited (Thu Jul 30 10:02:46 PM IST 2026). restarting in 3s...
[tunnel] exited (Thu Jul 30 10:02:48 PM IST 2026). restarting in 3s...
[tunnel] exited (Thu Jul 30 10:02:53 PM IST 2026). restarting in 3s...
[tunnel] exited (Thu Jul 30 10:03:04 PM IST 2026). restarting in 3s...
[tunnel] exited (Thu Jul 30 10:03:07 PM IST 2026). restarting in 3s...
[tunnel] exited (Thu Jul 30 10:03:08 PM IST 2026). restarting in 3s...
[tunnel] exited (Thu Jul 30 10:03:08 PM IST 2026). restarting in 3s...
[tunnel] exited (Thu Jul 30 10:03:10 PM IST 2026). restarting in 3s...
[tunnel] exited (Thu Jul 30 10:03:11 PM IST 2026). restarting in 3s...
[tunnel] exited (Thu Jul 30 10:03:16 PM IST 2026). restarting in 3s...
[tunnel] exited (Thu Jul 30 10:03:27 PM IST 2026). restarting in 3s...
[tunnel] exited (Thu Jul 30 10:03:30 PM IST 2026). restarting in 3s...
[tunnel] exited (Thu Jul 30 10:03:31 PM IST 2026). restarting in 3s...
[tunnel] exited (Thu Jul 30 10:03:32 PM IST 2026). restarting in 3s...
[tunnel] exited (Thu Jul 30 10:03:33 PM IST 2026). restarting in 3s...
[tunnel] exited (Thu Jul 30 10:03:34 PM IST 2026). restarting in 3s...
[tunnel] exited (Thu Jul 30 10:03:39 PM IST 2026). restarting in 3s...
[tunnel] exited (Thu Jul 30 10:03:50 PM IST 2026). restarting in 3s...
[tunnel] exited (Thu Jul 30 10:03:53 PM IST 2026). restarting in 3s...
[tunnel] exited (Thu Jul 30 10:03:54 PM IST 2026). restarting in 3s...
[tunnel] exited (Thu Jul 30 10:03:55 PM IST 2026). restarting in 3s...
[tunnel] exited (Thu Jul 30 10:03:56 PM IST 2026). restarting in 3s...
[tunnel] exited (Thu Jul 30 10:03:57 PM IST 2026). restarting in 3s...
[tunnel] exited (Thu Jul 30 10:04:02 PM IST 2026). restarting in 3s...
[tunnel] exited (Thu Jul 30 10:04:14 PM IST 2026). restarting in 3s...
[tunnel] exited (Thu Jul 30 10:04:16 PM IST 2026). restarting in 3s...
[tunnel] exited (Thu Jul 30 10:04:17 PM IST 2026). restarting in 3s...
[tunnel] exited (Thu Jul 30 10:04:18 PM IST 2026). restarting in 3s...
[tunnel] exited (Thu Jul 30 10:04:19 PM IST 2026). restarting in 3s...
[tunnel] exited (Thu Jul 30 10:04:20 PM IST 2026). restarting in 3s...
[tunnel] exited (Thu Jul 30 10:04:25 PM IST 2026). restarting in 3s...
[tunnel] exited (Thu Jul 30 10:04:37 PM IST 2026). restarting in 3s...
[tunnel] exited (Thu Jul 30 10:04:39 PM IST 2026). restarting in 3s...
[tunnel] exited (Thu Jul 30 10:04:40 PM IST 2026). restarting in 3s...
[tunnel] exited (Thu Jul 30 10:04:41 PM IST 2026). restarting in 3s...
[tunnel] exited (Thu Jul 30 10:04:42 PM IST 2026). restarting in 3s...
[tunnel] exited (Thu Jul 30 10:04:43 PM IST 2026). restarting in 3s...
[tunnel] exited (Thu Jul 30 10:04:48 PM IST 2026). restarting in 3s...
[tunnel] exited (Thu Jul 30 10:05:00 PM IST 2026). restarting in 3s...
[tunnel] exited (Thu Jul 30 10:05:02 PM IST 2026). restarting in 3s...
[tunnel] exited (Thu Jul 30 10:05:03 PM IST 2026). restarting in 3s...
[tunnel] exited (Thu Jul 30 10:05:04 PM IST 2026). restarting in 3s...
[tunnel] exited (Thu Jul 30 10:05:05 PM IST 2026). restarting in 3s...
[tunnel] exited (Thu Jul 30 10:05:06 PM IST 2026). restarting in 3s...
[tunnel] exited (Thu Jul 30 10:05:11 PM IST 2026). restarting in 3s...
[tunnel] exited (Thu Jul 30 10:05:23 PM IST 2026). restarting in 3s...
[tunnel] exited (Thu Jul 30 10:05:25 PM IST 2026). restarting in 3s...
[tunnel] exited (Thu Jul 30 10:05:26 PM IST 2026). restarting in 3s...
[tunnel] exited (Thu Jul 30 10:05:27 PM IST 2026). restarting in 3s...
[tunnel] exited (Thu Jul 30 10:05:28 PM IST 2026). restarting in 3s...
[tunnel] exited (Thu Jul 30 10:05:29 PM IST 2026). restarting in 3s...
[tunnel] exited (Thu Jul 30 10:05:34 PM IST 2026). restarting in 3s...
[tunnel] exited (Thu Jul 30 10:05:46 PM IST 2026). restarting in 3s...
[tunnel] exited (Thu Jul 30 10:05:49 PM IST 2026). restarting in 3s...
[tunnel] exited (Thu Jul 30 10:05:49 PM IST 2026). restarting in 3s...
[tunnel] exited (Thu Jul 30 10:05:50 PM IST 2026). restarting in 3s...
[tunnel] exited (Thu Jul 30 10:05:51 PM IST 2026). restarting in 3s...
[tunnel] exited (Thu Jul 30 10:05:53 PM IST 2026). restarting in 3s...
[tunnel] exited (Thu Jul 30 10:05:57 PM IST 2026). restarting in 3s...
[tunnel] exited (Thu Jul 30 10:06:09 PM IST 2026). restarting in 3s...
[tunnel] exited (Thu Jul 30 10:06:12 PM IST 2026). restarting in 3s...
[tunnel] exited (Thu Jul 30 10:06:13 PM IST 2026). restarting in 3s...
[tunnel] exited (Thu Jul 30 10:06:13 PM IST 2026). restarting in 3s...
[tunnel] exited (Thu Jul 30 10:06:15 PM IST 2026). restarting in 3s...
[tunnel] exited (Thu Jul 30 10:06:16 PM IST 2026). restarting in 3s...
[tunnel] exited (Thu Jul 30 10:06:20 PM IST 2026). restarting in 3s...
[tunnel] exited (Thu Jul 30 10:06:32 PM IST 2026). restarting in 3s...
[tunnel] exited (Thu Jul 30 10:06:35 PM IST 2026). restarting in 3s...
[tunnel] exited (Thu Jul 30 10:06:36 PM IST 2026). restarting in 3s...
[tunnel] exited (Thu Jul 30 10:06:36 PM IST 2026). restarting in 3s...
[tunnel] exited (Thu Jul 30 10:06:38 PM IST 2026). restarting in 3s...
[tunnel] exited (Thu Jul 30 10:06:39 PM IST 2026). restarting in 3s...
[tunnel] exited (Thu Jul 30 10:06:43 PM IST 2026). restarting in 3s...
[tunnel] exited (Thu Jul 30 10:06:55 PM IST 2026). restarting in 3s...
[tunnel] exited (Thu Jul 30 10:06:58 PM IST 2026). restarting in 3s...
[tunnel] exited (Thu Jul 30 10:06:59 PM IST 2026). restarting in 3s...
[tunnel] exited (Thu Jul 30 10:07:00 PM IST 2026). restarting in 3s...
[tunnel] exited (Thu Jul 30 10:07:01 PM IST 2026). restarting in 3s...
[tunnel] exited (Thu Jul 30 10:07:02 PM IST 2026). restarting in 3s...
[tunnel] exited (Thu Jul 30 10:07:07 PM IST 2026). restarting in 3s...
[tunnel] exited (Thu Jul 30 10:07:18 PM IST 2026). restarting in 3s...
[tunnel] exited (Thu Jul 30 10:07:21 PM IST 2026). restarting in 3s...
[tunnel] exited (Thu Jul 30 10:07:22 PM IST 2026). restarting in 3s...
[tunnel] exited (Thu Jul 30 10:07:23 PM IST 2026). restarting in 3s...
[tunnel] exited (Thu Jul 30 10:07:24 PM IST 2026). restarting in 3s...
[tunnel] exited (Thu Jul 30 10:07:25 PM IST 2026). restarting in 3s...
[tunnel] exited (Thu Jul 30 10:07:30 PM IST 2026). restarting in 3s...
[tunnel] exited (Thu Jul 30 10:07:42 PM IST 2026). restarting in 3s...
[tunnel] exited (Thu Jul 30 10:07:44 PM IST 2026). restarting in 3s...
[tunnel] exited (Thu Jul 30 10:07:45 PM IST 2026). restarting in 3s...
[tunnel] exited (Thu Jul 30 10:07:46 PM IST 2026). restarting in 3s...
[tunnel] exited (Thu Jul 30 10:07:47 PM IST 2026). restarting in 3s...
[tunnel] exited (Thu Jul 30 10:07:48 PM IST 2026). restarting in 3s...
[tunnel] exited (Thu Jul 30 10:07:53 PM IST 2026). restarting in 3s...
[tunnel] exited (Thu Jul 30 10:08:05 PM IST 2026). restarting in 3s...
[tunnel] exited (Thu Jul 30 10:08:07 PM IST 2026). restarting in 3s...
[tunnel] exited (Thu Jul 30 10:08:08 PM IST 2026). restarting in 3s...
[tunnel] exited (Thu Jul 30 10:08:09 PM IST 2026). restarting in 3s...
[tunnel] exited (Thu Jul 30 10:08:10 PM IST 2026). restarting in 3s...
[tunnel] exited (Thu Jul 30 10:08:11 PM IST 2026). restarting in 3s...
[tunnel] exited (Thu Jul 30 10:08:16 PM IST 2026). restarting in 3s...
[tunnel] exited (Thu Jul 30 10:08:28 PM IST 2026). restarting in 3s...
[tunnel] exited (Thu Jul 30 10:08:30 PM IST 2026). restarting in 3s...
[tunnel] exited (Thu Jul 30 10:08:31 PM IST 2026). restarting in 3s...
[tunnel] exited (Thu Jul 30 10:08:32 PM IST 2026). restarting in 3s...
[tunnel] exited (Thu Jul 30 10:08:33 PM IST 2026). restarting in 3s...
[tunnel] exited (Thu Jul 30 10:08:34 PM IST 2026). restarting in 3s...
[tunnel] exited (Thu Jul 30 10:08:39 PM IST 2026). restarting in 3s...
[tunnel] exited (Thu Jul 30 10:08:51 PM IST 2026). restarting in 3s...
[tunnel] exited (Thu Jul 30 10:08:53 PM IST 2026). restarting in 3s...
[tunnel] exited (Thu Jul 30 10:08:54 PM IST 2026). restarting in 3s...
[tunnel] exited (Thu Jul 30 10:08:55 PM IST 2026). restarting in 3s...
[tunnel] exited (Thu Jul 30 10:08:56 PM IST 2026). restarting in 3s...
[tunnel] exited (Thu Jul 30 10:08:57 PM IST 2026). restarting in 3s...
[tunnel] exited (Thu Jul 30 10:09:02 PM IST 2026). restarting in 3s...
[tunnel] exited (Thu Jul 30 10:09:14 PM IST 2026). restarting in 3s...
[tunnel] exited (Thu Jul 30 10:09:16 PM IST 2026). restarting in 3s...
[tunnel] exited (Thu Jul 30 10:09:17 PM IST 2026). restarting in 3s...
[tunnel] exited (Thu Jul 30 10:09:18 PM IST 2026). restarting in 3s...
[tunnel] exited (Thu Jul 30 10:09:19 PM IST 2026). restarting in 3s...
[tunnel] exited (Thu Jul 30 10:09:20 PM IST 2026). restarting in 3s...
[tunnel] exited (Thu Jul 30 10:09:25 PM IST 2026). restarting in 3s...
[tunnel] exited (Thu Jul 30 10:09:37 PM IST 2026). restarting in 3s...
[tunnel] exited (Thu Jul 30 10:09:40 PM IST 2026). restarting in 3s...
[tunnel] exited (Thu Jul 30 10:09:40 PM IST 2026). restarting in 3s...
[tunnel] exited (Thu Jul 30 10:09:41 PM IST 2026). restarting in 3s...
[tunnel] exited (Thu Jul 30 10:09:42 PM IST 2026). restarting in 3s...
[tunnel] exited (Thu Jul 30 10:09:44 PM IST 2026). restarting in 3s...
[tunnel] exited (Thu Jul 30 10:09:48 PM IST 2026). restarting in 3s...
[tunnel] exited (Thu Jul 30 10:10:00 PM IST 2026). restarting in 3s...
[tunnel] exited (Thu Jul 30 10:10:03 PM IST 2026). restarting in 3s...
[tunnel] exited (Thu Jul 30 10:10:04 PM IST 2026). restarting in 3s...
[tunnel] exited (Thu Jul 30 10:10:04 PM IST 2026). restarting in 3s...
[tunnel] exited (Thu Jul 30 10:10:06 PM IST 2026). restarting in 3s...
[tunnel] exited (Thu Jul 30 10:10:07 PM IST 2026). restarting in 3s...
[tunnel] exited (Thu Jul 30 10:10:11 PM IST 2026). restarting in 3s...
[tunnel] exited (Thu Jul 30 10:10:23 PM IST 2026). restarting in 3s...
[tunnel] exited (Thu Jul 30 10:10:26 PM IST 2026). restarting in 3s...
[tunnel] exited (Thu Jul 30 10:10:27 PM IST 2026). restarting in 3s...
[tunnel] exited (Thu Jul 30 10:10:27 PM IST 2026). restarting in 3s...
[tunnel] exited (Thu Jul 30 10:10:29 PM IST 2026). restarting in 3s...
[tunnel] exited (Thu Jul 30 10:10:30 PM IST 2026). restarting in 3s...
[tunnel] exited (Thu Jul 30 10:10:35 PM IST 2026). restarting in 3s...
[tunnel] exited (Thu Jul 30 10:10:46 PM IST 2026). restarting in 3s...
[tunnel] exited (Thu Jul 30 10:10:49 PM IST 2026). restarting in 3s...
[tunnel] exited (Thu Jul 30 10:10:50 PM IST 2026). restarting in 3s...
[tunnel] exited (Thu Jul 30 10:10:51 PM IST 2026). restarting in 3s...
[tunnel] exited (Thu Jul 30 10:10:52 PM IST 2026). restarting in 3s...
[tunnel] exited (Thu Jul 30 10:10:53 PM IST 2026). restarting in 3s...
[tunnel] exited (Thu Jul 30 10:10:58 PM IST 2026). restarting in 3s...
[tunnel] exited (Thu Jul 30 10:11:10 PM IST 2026). restarting in 3s...
[tunnel] exited (Thu Jul 30 10:11:12 PM IST 2026). restarting in 3s...
[tunnel] exited (Thu Jul 30 10:11:13 PM IST 2026). restarting in 3s...
[tunnel] exited (Thu Jul 30 10:11:14 PM IST 2026). restarting in 3s...
[tunnel] exited (Thu Jul 30 10:11:15 PM IST 2026). restarting in 3s...
[tunnel] exited (Thu Jul 30 10:11:16 PM IST 2026). restarting in 3s...
[tunnel] exited (Thu Jul 30 10:11:21 PM IST 2026). restarting in 3s...
[tunnel] exited (Thu Jul 30 10:11:33 PM IST 2026). restarting in 3s...
[tunnel] exited (Thu Jul 30 10:11:35 PM IST 2026). restarting in 3s...
[tunnel] exited (Thu Jul 30 10:11:36 PM IST 2026). restarting in 3s...
[tunnel] exited (Thu Jul 30 10:11:37 PM IST 2026). restarting in 3s...
[tunnel] exited (Thu Jul 30 10:11:38 PM IST 2026). restarting in 3s...
[tunnel] exited (Thu Jul 30 10:11:39 PM IST 2026). restarting in 3s...
[tunnel] exited (Thu Jul 30 10:11:44 PM IST 2026). restarting in 3s...
[tunnel] exited (Thu Jul 30 10:11:56 PM IST 2026). restarting in 3s...
[tunnel] exited (Thu Jul 30 10:11:58 PM IST 2026). restarting in 3s...
[tunnel] exited (Thu Jul 30 10:11:59 PM IST 2026). restarting in 3s...
[tunnel] exited (Thu Jul 30 10:12:00 PM IST 2026). restarting in 3s...
[tunnel] exited (Thu Jul 30 10:12:01 PM IST 2026). restarting in 3s...
[tunnel] exited (Thu Jul 30 10:12:02 PM IST 2026). restarting in 3s...
[tunnel] exited (Thu Jul 30 10:12:07 PM IST 2026). restarting in 3s...
[tunnel] exited (Thu Jul 30 10:12:19 PM IST 2026). restarting in 3s...
[tunnel] exited (Thu Jul 30 10:12:21 PM IST 2026). restarting in 3s...
[tunnel] exited (Thu Jul 30 10:12:22 PM IST 2026). restarting in 3s...
[tunnel] exited (Thu Jul 30 10:12:23 PM IST 2026). restarting in 3s...
[tunnel] exited (Thu Jul 30 10:12:24 PM IST 2026). restarting in 3s...
[tunnel] exited (Thu Jul 30 10:12:25 PM IST 2026). restarting in 3s...
[tunnel] exited (Thu Jul 30 10:12:30 PM IST 2026). restarting in 3s...
[tunnel] exited (Thu Jul 30 10:12:42 PM IST 2026). restarting in 3s...
[tunnel] exited (Thu Jul 30 10:12:44 PM IST 2026). restarting in 3s...
[tunnel] exited (Thu Jul 30 10:12:45 PM IST 2026). restarting in 3s...
[tunnel] exited (Thu Jul 30 10:12:46 PM IST 2026). restarting in 3s...
[tunnel] exited (Thu Jul 30 10:12:47 PM IST 2026). restarting in 3s...
[tunnel] exited (Thu Jul 30 10:12:48 PM IST 2026). restarting in 3s...
[tunnel] exited (Thu Jul 30 10:12:53 PM IST 2026). restarting in 3s...
[tunnel] exited (Thu Jul 30 10:13:05 PM IST 2026). restarting in 3s...
[tunnel] exited (Thu Jul 30 10:13:08 PM IST 2026). restarting in 3s...
[tunnel] exited (Thu Jul 30 10:13:08 PM IST 2026). restarting in 3s...
[tunnel] exited (Thu Jul 30 10:13:09 PM IST 2026). restarting in 3s...
[tunnel] exited (Thu Jul 30 10:13:10 PM IST 2026). restarting in 3s...
[tunnel] exited (Thu Jul 30 10:13:12 PM IST 2026). restarting in 3s...
[tunnel] exited (Thu Jul 30 10:13:16 PM IST 2026). restarting in 3s...
[tunnel] exited (Thu Jul 30 10:13:28 PM IST 2026). restarting in 3s...
[tunnel] exited (Thu Jul 30 10:13:31 PM IST 2026). restarting in 3s...
[tunnel] exited (Thu Jul 30 10:13:31 PM IST 2026). restarting in 3s...
[tunnel] exited (Thu Jul 30 10:13:32 PM IST 2026). restarting in 3s...
[tunnel] exited (Thu Jul 30 10:13:33 PM IST 2026). restarting in 3s...
[tunnel] exited (Thu Jul 30 10:13:35 PM IST 2026). restarting in 3s...
[tunnel] exited (Thu Jul 30 10:13:39 PM IST 2026). restarting in 3s...
[tunnel] exited (Thu Jul 30 10:13:51 PM IST 2026). restarting in 3s...
[tunnel] exited (Thu Jul 30 10:13:54 PM IST 2026). restarting in 3s...
[tunnel] exited (Thu Jul 30 10:13:55 PM IST 2026). restarting in 3s...
[tunnel] exited (Thu Jul 30 10:13:55 PM IST 2026). restarting in 3s...
[tunnel] exited (Thu Jul 30 10:13:57 PM IST 2026). restarting in 3s...
[tunnel] exited (Thu Jul 30 10:13:58 PM IST 2026). restarting in 3s...
[tunnel] exited (Thu Jul 30 10:14:03 PM IST 2026). restarting in 3s...
[tunnel] exited (Thu Jul 30 10:14:14 PM IST 2026). restarting in 3s...
[tunnel] exited (Thu Jul 30 10:14:17 PM IST 2026). restarting in 3s...
[tunnel] exited (Thu Jul 30 10:14:18 PM IST 2026). restarting in 3s...
[tunnel] exited (Thu Jul 30 10:14:18 PM IST 2026). restarting in 3s...
[tunnel] exited (Thu Jul 30 10:14:20 PM IST 2026). restarting in 3s...
[tunnel] exited (Thu Jul 30 10:14:21 PM IST 2026). restarting in 3s...
[tunnel] exited (Thu Jul 30 10:14:26 PM IST 2026). restarting in 3s...
[tunnel] exited (Thu Jul 30 10:14:37 PM IST 2026). restarting in 3s...
[tunnel] exited (Thu Jul 30 10:14:40 PM IST 2026). restarting in 3s...
[tunnel] exited (Thu Jul 30 10:14:41 PM IST 2026). restarting in 3s...
[tunnel] exited (Thu Jul 30 10:14:42 PM IST 2026). restarting in 3s...
[tunnel] exited (Thu Jul 30 10:14:43 PM IST 2026). restarting in 3s...
[tunnel] exited (Thu Jul 30 10:14:44 PM IST 2026). restarting in 3s...
[tunnel] exited (Thu Jul 30 10:14:49 PM IST 2026). restarting in 3s...
[tunnel] exited (Thu Jul 30 10:15:01 PM IST 2026). restarting in 3s...
[tunnel] exited (Thu Jul 30 10:15:03 PM IST 2026). restarting in 3s...
[tunnel] exited (Thu Jul 30 10:15:04 PM IST 2026). restarting in 3s...
[tunnel] exited (Thu Jul 30 10:15:05 PM IST 2026). restarting in 3s...
[tunnel] exited (Thu Jul 30 10:15:06 PM IST 2026). restarting in 3s...
[tunnel] exited (Thu Jul 30 10:15:07 PM IST 2026). restarting in 3s...
[tunnel] exited (Thu Jul 30 10:15:12 PM IST 2026). restarting in 3s...
[tunnel] exited (Thu Jul 30 10:15:24 PM IST 2026). restarting in 3s...
[tunnel] exited (Thu Jul 30 10:15:26 PM IST 2026). restarting in 3s...
[tunnel] exited (Thu Jul 30 10:15:27 PM IST 2026). restarting in 3s...
[tunnel] exited (Thu Jul 30 10:15:28 PM IST 2026). restarting in 3s...
[tunnel] exited (Thu Jul 30 10:15:29 PM IST 2026). restarting in 3s...
[tunnel] exited (Thu Jul 30 10:15:30 PM IST 2026). restarting in 3s...
[tunnel] exited (Thu Jul 30 10:15:35 PM IST 2026). restarting in 3s...
[tunnel] exited (Thu Jul 30 10:15:47 PM IST 2026). restarting in 3s...
[tunnel] exited (Thu Jul 30 10:15:49 PM IST 2026). restarting in 3s...
[tunnel] exited (Thu Jul 30 10:15:50 PM IST 2026). restarting in 3s...
[tunnel] exited (Thu Jul 30 10:15:51 PM IST 2026). restarting in 3s...
[tunnel] exited (Thu Jul 30 10:15:52 PM IST 2026). restarting in 3s...
[tunnel] exited (Thu Jul 30 10:15:53 PM IST 2026). restarting in 3s...
[tunnel] exited (Thu Jul 30 10:15:58 PM IST 2026). restarting in 3s...
[tunnel] exited (Thu Jul 30 10:16:10 PM IST 2026). restarting in 3s...
[tunnel] exited (Thu Jul 30 10:16:12 PM IST 2026). restarting in 3s...
[tunnel] exited (Thu Jul 30 10:16:13 PM IST 2026). restarting in 3s...
[tunnel] exited (Thu Jul 30 10:16:14 PM IST 2026). restarting in 3s...
[tunnel] exited (Thu Jul 30 10:16:15 PM IST 2026). restarting in 3s...
[tunnel] exited (Thu Jul 30 10:16:16 PM IST 2026). restarting in 3s...
[tunnel] exited (Thu Jul 30 10:16:21 PM IST 2026). restarting in 3s...
[tunnel] exited (Thu Jul 30 10:16:33 PM IST 2026). restarting in 3s...
[tunnel] exited (Thu Jul 30 10:16:36 PM IST 2026). restarting in 3s...
[tunnel] exited (Thu Jul 30 10:16:36 PM IST 2026). restarting in 3s...
[tunnel] exited (Thu Jul 30 10:16:37 PM IST 2026). restarting in 3s...
[tunnel] exited (Thu Jul 30 10:16:38 PM IST 2026). restarting in 3s...
[tunnel] exited (Thu Jul 30 10:16:39 PM IST 2026). restarting in 3s...
[tunnel] exited (Thu Jul 30 10:16:44 PM IST 2026). restarting in 3s...
[tunnel] exited (Thu Jul 30 10:16:56 PM IST 2026). restarting in 3s...
[tunnel] exited (Thu Jul 30 10:16:59 PM IST 2026). restarting in 3s...
[tunnel] exited (Thu Jul 30 10:16:59 PM IST 2026). restarting in 3s...
[tunnel] exited (Thu Jul 30 10:17:00 PM IST 2026). restarting in 3s...
[tunnel] exited (Thu Jul 30 10:17:01 PM IST 2026). restarting in 3s...
[tunnel] exited (Thu Jul 30 10:17:03 PM IST 2026). restarting in 3s...
[tunnel] exited (Thu Jul 30 10:17:07 PM IST 2026). restarting in 3s...
[tunnel] exited (Thu Jul 30 10:17:19 PM IST 2026). restarting in 3s...
[tunnel] exited (Thu Jul 30 10:17:22 PM IST 2026). restarting in 3s...
[tunnel] exited (Thu Jul 30 10:17:22 PM IST 2026). restarting in 3s...
[tunnel] exited (Thu Jul 30 10:17:23 PM IST 2026). restarting in 3s...
[tunnel] exited (Thu Jul 30 10:17:24 PM IST 2026). restarting in 3s...
[tunnel] exited (Thu Jul 30 10:17:26 PM IST 2026). restarting in 3s...
[tunnel] exited (Thu Jul 30 10:17:31 PM IST 2026). restarting in 3s...
[tunnel] exited (Thu Jul 30 10:17:42 PM IST 2026). restarting in 3s...
[tunnel] exited (Thu Jul 30 10:17:45 PM IST 2026). restarting in 3s...
[tunnel] exited (Thu Jul 30 10:17:46 PM IST 2026). restarting in 3s...
[tunnel] exited (Thu Jul 30 10:17:46 PM IST 2026). restarting in 3s...
[tunnel] exited (Thu Jul 30 10:17:48 PM IST 2026). restarting in 3s...
[tunnel] exited (Thu Jul 30 10:17:49 PM IST 2026). restarting in 3s...
[tunnel] exited (Thu Jul 30 10:17:54 PM IST 2026). restarting in 3s...
[tunnel] exited (Thu Jul 30 10:18:05 PM IST 2026). restarting in 3s...
[tunnel] exited (Thu Jul 30 10:18:08 PM IST 2026). restarting in 3s...
[tunnel] exited (Thu Jul 30 10:18:09 PM IST 2026). restarting in 3s...
[tunnel] exited (Thu Jul 30 10:18:09 PM IST 2026). restarting in 3s...
[tunnel] exited (Thu Jul 30 10:18:11 PM IST 2026). restarting in 3s...
[tunnel] exited (Thu Jul 30 10:18:12 PM IST 2026). restarting in 3s...
[tunnel] exited (Thu Jul 30 10:18:17 PM IST 2026). restarting in 3s...
[tunnel] exited (Thu Jul 30 10:18:29 PM IST 2026). restarting in 3s...
[tunnel] exited (Thu Jul 30 10:18:31 PM IST 2026). restarting in 3s...
[tunnel] exited (Thu Jul 30 10:18:32 PM IST 2026). restarting in 3s...
[tunnel] exited (Thu Jul 30 10:18:33 PM IST 2026). restarting in 3s...
[tunnel] exited (Thu Jul 30 10:18:34 PM IST 2026). restarting in 3s...
[tunnel] exited (Thu Jul 30 10:18:35 PM IST 2026). restarting in 3s...
[tunnel] exited (Thu Jul 30 10:18:40 PM IST 2026). restarting in 3s...
[tunnel] exited (Thu Jul 30 10:18:52 PM IST 2026). restarting in 3s...
[tunnel] exited (Thu Jul 30 10:18:54 PM IST 2026). restarting in 3s...
[tunnel] exited (Thu Jul 30 10:18:55 PM IST 2026). restarting in 3s...
[tunnel] exited (Thu Jul 30 10:18:56 PM IST 2026). restarting in 3s...
[tunnel] exited (Thu Jul 30 10:18:57 PM IST 2026). restarting in 3s...
[tunnel] exited (Thu Jul 30 10:18:58 PM IST 2026). restarting in 3s...
[tunnel] exited (Thu Jul 30 10:19:03 PM IST 2026). restarting in 3s...
[tunnel] exited (Thu Jul 30 10:19:15 PM IST 2026). restarting in 3s...
[tunnel] exited (Thu Jul 30 10:19:17 PM IST 2026). restarting in 3s...
[tunnel] exited (Thu Jul 30 10:19:18 PM IST 2026). restarting in 3s...
[tunnel] exited (Thu Jul 30 10:19:19 PM IST 2026). restarting in 3s...
[tunnel] exited (Thu Jul 30 10:19:20 PM IST 2026). restarting in 3s...
[tunnel] exited (Thu Jul 30 10:19:21 PM IST 2026). restarting in 3s...
[tunnel] exited (Thu Jul 30 10:19:26 PM IST 2026). restarting in 3s...
[tunnel] exited (Thu Jul 30 10:19:38 PM IST 2026). restarting in 3s...
[tunnel] exited (Thu Jul 30 10:19:40 PM IST 2026). restarting in 3s...
[tunnel] exited (Thu Jul 30 10:19:41 PM IST 2026). restarting in 3s...
[tunnel] exited (Thu Jul 30 10:19:42 PM IST 2026). restarting in 3s...
[tunnel] exited (Thu Jul 30 10:19:43 PM IST 2026). restarting in 3s...
[tunnel] exited (Thu Jul 30 10:19:44 PM IST 2026). restarting in 3s...
[tunnel] exited (Thu Jul 30 10:19:49 PM IST 2026). restarting in 3s...
[tunnel] exited (Thu Jul 30 10:20:01 PM IST 2026). restarting in 3s...
[tunnel] exited (Thu Jul 30 10:20:03 PM IST 2026). restarting in 3s...
[tunnel] exited (Thu Jul 30 10:20:04 PM IST 2026). restarting in 3s...
[tunnel] exited (Thu Jul 30 10:20:05 PM IST 2026). restarting in 3s...
[tunnel] exited (Thu Jul 30 10:20:06 PM IST 2026). restarting in 3s...
[tunnel] exited (Thu Jul 30 10:20:07 PM IST 2026). restarting in 3s...
[tunnel] exited (Thu Jul 30 10:20:12 PM IST 2026). restarting in 3s...
[tunnel] exited (Thu Jul 30 10:20:24 PM IST 2026). restarting in 3s...
[tunnel] exited (Thu Jul 30 10:20:27 PM IST 2026). restarting in 3s...
[tunnel] exited (Thu Jul 30 10:20:27 PM IST 2026). restarting in 3s...
[tunnel] exited (Thu Jul 30 10:20:28 PM IST 2026). restarting in 3s...
[tunnel] exited (Thu Jul 30 10:20:29 PM IST 2026). restarting in 3s...
[tunnel] exited (Thu Jul 30 10:20:31 PM IST 2026). restarting in 3s...
[tunnel] exited (Thu Jul 30 10:20:35 PM IST 2026). restarting in 3s...
[tunnel] exited (Thu Jul 30 10:20:47 PM IST 2026). restarting in 3s...
[tunnel] exited (Thu Jul 30 10:20:50 PM IST 2026). restarting in 3s...
[tunnel] exited (Thu Jul 30 10:20:50 PM IST 2026). restarting in 3s...
[tunnel] exited (Thu Jul 30 10:20:51 PM IST 2026). restarting in 3s...
[tunnel] exited (Thu Jul 30 10:20:52 PM IST 2026). restarting in 3s...
[tunnel] exited (Thu Jul 30 10:20:54 PM IST 2026). restarting in 3s...
[tunnel] exited (Thu Jul 30 10:20:58 PM IST 2026). restarting in 3s...
[tunnel] exited (Thu Jul 30 10:21:10 PM IST 2026). restarting in 3s...
[tunnel] exited (Thu Jul 30 10:21:13 PM IST 2026). restarting in 3s...
[tunnel] exited (Thu Jul 30 10:21:14 PM IST 2026). restarting in 3s...
[tunnel] exited (Thu Jul 30 10:21:14 PM IST 2026). restarting in 3s...
[tunnel] exited (Thu Jul 30 10:21:16 PM IST 2026). restarting in 3s...
[tunnel] exited (Thu Jul 30 10:21:17 PM IST 2026). restarting in 3s...
[tunnel] exited (Thu Jul 30 10:21:22 PM IST 2026). restarting in 3s...
[tunnel] exited (Thu Jul 30 10:21:33 PM IST 2026). restarting in 3s...
[tunnel] exited (Thu Jul 30 10:21:36 PM IST 2026). restarting in 3s...
[tunnel] exited (Thu Jul 30 10:21:37 PM IST 2026). restarting in 3s...
[tunnel] exited (Thu Jul 30 10:21:37 PM IST 2026). restarting in 3s...
[tunnel] exited (Thu Jul 30 10:21:39 PM IST 2026). restarting in 3s...
[tunnel] exited (Thu Jul 30 10:21:40 PM IST 2026). restarting in 3s...
[tunnel] exited (Thu Jul 30 10:21:45 PM IST 2026). restarting in 3s...
[tunnel] exited (Thu Jul 30 10:21:56 PM IST 2026). restarting in 3s...
[tunnel] exited (Thu Jul 30 10:21:59 PM IST 2026). restarting in 3s...
[tunnel] exited (Thu Jul 30 10:22:00 PM IST 2026). restarting in 3s...
[tunnel] exited (Thu Jul 30 10:22:00 PM IST 2026). restarting in 3s...
[tunnel] exited (Thu Jul 30 10:22:02 PM IST 2026). restarting in 3s...
[tunnel] exited (Thu Jul 30 10:22:03 PM IST 2026). restarting in 3s...
[tunnel] exited (Thu Jul 30 10:22:08 PM IST 2026). restarting in 3s...
[tunnel] exited (Thu Jul 30 10:22:20 PM IST 2026). restarting in 3s...
[tunnel] exited (Thu Jul 30 10:22:22 PM IST 2026). restarting in 3s...
[tunnel] exited (Thu Jul 30 10:22:23 PM IST 2026). restarting in 3s...
[tunnel] exited (Thu Jul 30 10:22:24 PM IST 2026). restarting in 3s...
[tunnel] exited (Thu Jul 30 10:22:25 PM IST 2026). restarting in 3s...
[tunnel] exited (Thu Jul 30 10:22:26 PM IST 2026). restarting in 3s...
[tunnel] exited (Thu Jul 30 10:22:31 PM IST 2026). restarting in 3s...
[tunnel] exited (Thu Jul 30 10:22:43 PM IST 2026). restarting in 3s...
[tunnel] exited (Thu Jul 30 10:22:45 PM IST 2026). restarting in 3s...
[tunnel] exited (Thu Jul 30 10:22:46 PM IST 2026). restarting in 3s...
[tunnel] exited (Thu Jul 30 10:22:47 PM IST 2026). restarting in 3s...
[tunnel] exited (Thu Jul 30 10:22:48 PM IST 2026). restarting in 3s...
[tunnel] exited (Thu Jul 30 10:22:49 PM IST 2026). restarting in 3s...
[tunnel] exited (Thu Jul 30 10:22:54 PM IST 2026). restarting in 3s...
[tunnel] exited (Thu Jul 30 10:23:06 PM IST 2026). restarting in 3s...
[tunnel] exited (Thu Jul 30 10:23:08 PM IST 2026). restarting in 3s...
[tunnel] exited (Thu Jul 30 10:23:09 PM IST 2026). restarting in 3s...
[tunnel] exited (Thu Jul 30 10:23:10 PM IST 2026). restarting in 3s...
[tunnel] exited (Thu Jul 30 10:23:11 PM IST 2026). restarting in 3s...
[tunnel] exited (Thu Jul 30 10:23:12 PM IST 2026). restarting in 3s...
[tunnel] exited (Thu Jul 30 10:23:17 PM IST 2026). restarting in 3s...
[tunnel] exited (Thu Jul 30 10:23:29 PM IST 2026). restarting in 3s...
[tunnel] exited (Thu Jul 30 10:23:31 PM IST 2026). restarting in 3s...
[tunnel] exited (Thu Jul 30 10:23:32 PM IST 2026). restarting in 3s...
[tunnel] exited (Thu Jul 30 10:23:33 PM IST 2026). restarting in 3s...
[tunnel] exited (Thu Jul 30 10:23:34 PM IST 2026). restarting in 3s...
[tunnel] exited (Thu Jul 30 10:23:35 PM IST 2026). restarting in 3s...
[tunnel] exited (Thu Jul 30 10:23:40 PM IST 2026). restarting in 3s...
[tunnel] exited (Thu Jul 30 10:23:52 PM IST 2026). restarting in 3s...
[tunnel] exited (Thu Jul 30 10:23:55 PM IST 2026). restarting in 3s...
[tunnel] exited (Thu Jul 30 10:23:55 PM IST 2026). restarting in 3s...
[tunnel] exited (Thu Jul 30 10:23:56 PM IST 2026). restarting in 3s...
[tunnel] exited (Thu Jul 30 10:23:57 PM IST 2026). restarting in 3s...
[tunnel] exited (Thu Jul 30 10:23:59 PM IST 2026). restarting in 3s...
[tunnel] exited (Thu Jul 30 10:24:03 PM IST 2026). restarting in 3s...
[tunnel] exited (Thu Jul 30 10:24:15 PM IST 2026). restarting in 3s...
[tunnel] exited (Thu Jul 30 10:24:18 PM IST 2026). restarting in 3s...
[tunnel] exited (Thu Jul 30 10:24:18 PM IST 2026). restarting in 3s...
[tunnel] exited (Thu Jul 30 10:24:19 PM IST 2026). restarting in 3s...
[tunnel] exited (Thu Jul 30 10:24:20 PM IST 2026). restarting in 3s...
[tunnel] exited (Thu Jul 30 10:24:22 PM IST 2026). restarting in 3s...
[tunnel] exited (Thu Jul 30 10:24:26 PM IST 2026). restarting in 3s...
[tunnel] exited (Thu Jul 30 10:24:38 PM IST 2026). restarting in 3s...
[tunnel] exited (Thu Jul 30 10:24:41 PM IST 2026). restarting in 3s...
[tunnel] exited (Thu Jul 30 10:24:41 PM IST 2026). restarting in 3s...
[tunnel] exited (Thu Jul 30 10:24:42 PM IST 2026). restarting in 3s...
[tunnel] exited (Thu Jul 30 10:24:43 PM IST 2026). restarting in 3s...
[tunnel] exited (Thu Jul 30 10:24:45 PM IST 2026). restarting in 3s...
[tunnel] exited (Thu Jul 30 10:24:49 PM IST 2026). restarting in 3s...
[tunnel] exited (Thu Jul 30 10:25:01 PM IST 2026). restarting in 3s...
[tunnel] exited (Thu Jul 30 10:25:04 PM IST 2026). restarting in 3s...
[tunnel] exited (Thu Jul 30 10:25:05 PM IST 2026). restarting in 3s...
[tunnel] exited (Thu Jul 30 10:25:05 PM IST 2026). restarting in 3s...
[tunnel] exited (Thu Jul 30 10:25:07 PM IST 2026). restarting in 3s...
[tunnel] exited (Thu Jul 30 10:25:08 PM IST 2026). restarting in 3s...
[tunnel] exited (Thu Jul 30 10:25:13 PM IST 2026). restarting in 3s...
[tunnel] exited (Thu Jul 30 10:25:24 PM IST 2026). restarting in 3s...
[tunnel] exited (Thu Jul 30 10:25:27 PM IST 2026). restarting in 3s...
[tunnel] exited (Thu Jul 30 10:25:28 PM IST 2026). restarting in 3s...
[tunnel] exited (Thu Jul 30 10:25:28 PM IST 2026). restarting in 3s...
[tunnel] exited (Thu Jul 30 10:25:30 PM IST 2026). restarting in 3s...
[tunnel] exited (Thu Jul 30 10:25:31 PM IST 2026). restarting in 3s...
[tunnel] exited (Thu Jul 30 10:25:36 PM IST 2026). restarting in 3s...
[tunnel] exited (Thu Jul 30 10:25:47 PM IST 2026). restarting in 3s...
[tunnel] exited (Thu Jul 30 10:25:50 PM IST 2026). restarting in 3s...
[tunnel] exited (Thu Jul 30 10:25:51 PM IST 2026). restarting in 3s...
[tunnel] exited (Thu Jul 30 10:25:52 PM IST 2026). restarting in 3s...
[tunnel] exited (Thu Jul 30 10:25:53 PM IST 2026). restarting in 3s...
[tunnel] exited (Thu Jul 30 10:25:54 PM IST 2026). restarting in 3s...
[tunnel] exited (Thu Jul 30 10:25:59 PM IST 2026). restarting in 3s...
[tunnel] exited (Thu Jul 30 10:26:11 PM IST 2026). restarting in 3s...
[tunnel] exited (Thu Jul 30 10:26:13 PM IST 2026). restarting in 3s...
[tunnel] exited (Thu Jul 30 10:26:14 PM IST 2026). restarting in 3s...
[tunnel] exited (Thu Jul 30 10:26:15 PM IST 2026). restarting in 3s...
[tunnel] exited (Thu Jul 30 10:26:16 PM IST 2026). restarting in 3s...
[tunnel] exited (Thu Jul 30 10:26:17 PM IST 2026). restarting in 3s...
[tunnel] exited (Thu Jul 30 10:26:22 PM IST 2026). restarting in 3s...
[tunnel] exited (Thu Jul 30 10:26:34 PM IST 2026). restarting in 3s...
[tunnel] exited (Thu Jul 30 10:26:36 PM IST 2026). restarting in 3s...
[tunnel] exited (Thu Jul 30 10:26:37 PM IST 2026). restarting in 3s...
[tunnel] exited (Thu Jul 30 10:26:38 PM IST 2026). restarting in 3s...
[tunnel] exited (Thu Jul 30 10:26:39 PM IST 2026). restarting in 3s...
[tunnel] exited (Thu Jul 30 10:26:40 PM IST 2026). restarting in 3s...
[tunnel] exited (Thu Jul 30 10:26:45 PM IST 2026). restarting in 3s...
[tunnel] exited (Thu Jul 30 10:26:57 PM IST 2026). restarting in 3s...
[tunnel] exited (Thu Jul 30 10:26:59 PM IST 2026). restarting in 3s...
[tunnel] exited (Thu Jul 30 10:27:00 PM IST 2026). restarting in 3s...
[tunnel] exited (Thu Jul 30 10:27:01 PM IST 2026). restarting in 3s...
[tunnel] exited (Thu Jul 30 10:27:02 PM IST 2026). restarting in 3s...
[tunnel] exited (Thu Jul 30 10:27:03 PM IST 2026). restarting in 3s...
[tunnel] exited (Thu Jul 30 10:27:08 PM IST 2026). restarting in 3s...
[tunnel] exited (Thu Jul 30 10:27:20 PM IST 2026). restarting in 3s...
[tunnel] exited (Thu Jul 30 10:27:22 PM IST 2026). restarting in 3s...
[tunnel] exited (Thu Jul 30 10:27:23 PM IST 2026). restarting in 3s...
[tunnel] exited (Thu Jul 30 10:27:24 PM IST 2026). restarting in 3s...
[tunnel] exited (Thu Jul 30 10:27:25 PM IST 2026). restarting in 3s...
[tunnel] exited (Thu Jul 30 10:27:26 PM IST 2026). restarting in 3s...
[tunnel] exited (Thu Jul 30 10:27:31 PM IST 2026). restarting in 3s...
[tunnel] exited (Thu Jul 30 10:27:43 PM IST 2026). restarting in 3s...
[tunnel] exited (Thu Jul 30 10:27:46 PM IST 2026). restarting in 3s...
[tunnel] exited (Thu Jul 30 10:27:46 PM IST 2026). restarting in 3s...
[tunnel] exited (Thu Jul 30 10:27:47 PM IST 2026). restarting in 3s...
[tunnel] exited (Thu Jul 30 10:27:48 PM IST 2026). restarting in 3s...
[tunnel] exited (Thu Jul 30 10:27:50 PM IST 2026). restarting in 3s...
[tunnel] exited (Thu Jul 30 10:27:54 PM IST 2026). restarting in 3s...
[tunnel] exited (Thu Jul 30 10:28:06 PM IST 2026). restarting in 3s...
[tunnel] exited (Thu Jul 30 10:28:09 PM IST 2026). restarting in 3s...
[tunnel] exited (Thu Jul 30 10:28:09 PM IST 2026). restarting in 3s...
[tunnel] exited (Thu Jul 30 10:28:10 PM IST 2026). restarting in 3s...
[tunnel] exited (Thu Jul 30 10:28:11 PM IST 2026). restarting in 3s...
[tunnel] exited (Thu Jul 30 10:28:13 PM IST 2026). restarting in 3s...
[tunnel] exited (Thu Jul 30 10:28:17 PM IST 2026). restarting in 3s...
[tunnel] exited (Thu Jul 30 10:28:29 PM IST 2026). restarting in 3s...
[tunnel] exited (Thu Jul 30 10:28:32 PM IST 2026). restarting in 3s...
[tunnel] exited (Thu Jul 30 10:28:32 PM IST 2026). restarting in 3s...
[tunnel] exited (Thu Jul 30 10:28:33 PM IST 2026). restarting in 3s...
[tunnel] exited (Thu Jul 30 10:28:34 PM IST 2026). restarting in 3s...
[tunnel] exited (Thu Jul 30 10:28:36 PM IST 2026). restarting in 3s...
[tunnel] exited (Thu Jul 30 10:28:41 PM IST 2026). restarting in 3s...
[tunnel] exited (Thu Jul 30 10:28:52 PM IST 2026). restarting in 3s...
[tunnel] exited (Thu Jul 30 10:28:55 PM IST 2026). restarting in 3s...
[tunnel] exited (Thu Jul 30 10:28:56 PM IST 2026). restarting in 3s...
[tunnel] exited (Thu Jul 30 10:28:56 PM IST 2026). restarting in 3s...
[tunnel] exited (Thu Jul 30 10:28:58 PM IST 2026). restarting in 3s...
[tunnel] exited (Thu Jul 30 10:28:59 PM IST 2026). restarting in 3s...
[tunnel] exited (Thu Jul 30 10:29:04 PM IST 2026). restarting in 3s...
[tunnel] exited (Thu Jul 30 10:29:15 PM IST 2026). restarting in 3s...
[tunnel] exited (Thu Jul 30 10:29:18 PM IST 2026). restarting in 3s...
[tunnel] exited (Thu Jul 30 10:29:19 PM IST 2026). restarting in 3s...
[tunnel] exited (Thu Jul 30 10:29:19 PM IST 2026). restarting in 3s...
[tunnel] exited (Thu Jul 30 10:29:21 PM IST 2026). restarting in 3s...
[tunnel] exited (Thu Jul 30 10:29:22 PM IST 2026). restarting in 3s...
[tunnel] exited (Thu Jul 30 10:29:27 PM IST 2026). restarting in 3s...
[tunnel] exited (Thu Jul 30 10:29:38 PM IST 2026). restarting in 3s...
[tunnel] exited (Thu Jul 30 10:29:41 PM IST 2026). restarting in 3s...
[tunnel] exited (Thu Jul 30 10:29:42 PM IST 2026). restarting in 3s...
[tunnel] exited (Thu Jul 30 10:29:43 PM IST 2026). restarting in 3s...
[tunnel] exited (Thu Jul 30 10:29:44 PM IST 2026). restarting in 3s...
[tunnel] exited (Thu Jul 30 10:29:45 PM IST 2026). restarting in 3s...
[tunnel] exited (Thu Jul 30 10:29:50 PM IST 2026). restarting in 3s...
[tunnel] exited (Thu Jul 30 10:30:02 PM IST 2026). restarting in 3s...
[tunnel] exited (Thu Jul 30 10:30:04 PM IST 2026). restarting in 3s...
[tunnel] exited (Thu Jul 30 10:30:05 PM IST 2026). restarting in 3s...
[tunnel] exited (Thu Jul 30 10:30:06 PM IST 2026). restarting in 3s...
[tunnel] exited (Thu Jul 30 10:30:07 PM IST 2026). restarting in 3s...
[tunnel] exited (Thu Jul 30 10:30:08 PM IST 2026). restarting in 3s...
[tunnel] exited (Thu Jul 30 10:30:13 PM IST 2026). restarting in 3s...
[tunnel] exited (Thu Jul 30 10:30:25 PM IST 2026). restarting in 3s...
[tunnel] exited (Thu Jul 30 10:30:27 PM IST 2026). restarting in 3s...
[tunnel] exited (Thu Jul 30 10:30:28 PM IST 2026). restarting in 3s...
[tunnel] exited (Thu Jul 30 10:30:29 PM IST 2026). restarting in 3s...
[tunnel] exited (Thu Jul 30 10:30:30 PM IST 2026). restarting in 3s...
[tunnel] exited (Thu Jul 30 10:30:31 PM IST 2026). restarting in 3s...
[tunnel] exited (Thu Jul 30 10:30:36 PM IST 2026). restarting in 3s...
[tunnel] exited (Thu Jul 30 10:30:48 PM IST 2026). restarting in 3s...
[tunnel] exited (Thu Jul 30 10:30:50 PM IST 2026). restarting in 3s...
[tunnel] exited (Thu Jul 30 10:30:51 PM IST 2026). restarting in 3s...
[tunnel] exited (Thu Jul 30 10:30:52 PM IST 2026). restarting in 3s...
[tunnel] exited (Thu Jul 30 10:30:53 PM IST 2026). restarting in 3s...
[tunnel] exited (Thu Jul 30 10:30:54 PM IST 2026). restarting in 3s...
[tunnel] exited (Thu Jul 30 10:30:59 PM IST 2026). restarting in 3s...
[tunnel] exited (Thu Jul 30 10:31:11 PM IST 2026). restarting in 3s...
[tunnel] exited (Thu Jul 30 10:31:13 PM IST 2026). restarting in 3s...
[tunnel] exited (Thu Jul 30 10:31:14 PM IST 2026). restarting in 3s...
[tunnel] exited (Thu Jul 30 10:31:15 PM IST 2026). restarting in 3s...
[tunnel] exited (Thu Jul 30 10:31:16 PM IST 2026). restarting in 3s...
[tunnel] exited (Thu Jul 30 10:31:17 PM IST 2026). restarting in 3s...
[tunnel] exited (Thu Jul 30 10:31:22 PM IST 2026). restarting in 3s...
[tunnel] exited (Thu Jul 30 10:31:34 PM IST 2026). restarting in 3s...
[tunnel] exited (Thu Jul 30 10:31:37 PM IST 2026). restarting in 3s...
[tunnel] exited (Thu Jul 30 10:31:37 PM IST 2026). restarting in 3s...
[tunnel] exited (Thu Jul 30 10:31:38 PM IST 2026). restarting in 3s...
[tunnel] exited (Thu Jul 30 10:31:39 PM IST 2026). restarting in 3s...
[tunnel] exited (Thu Jul 30 10:31:41 PM IST 2026). restarting in 3s...
[tunnel] exited (Thu Jul 30 10:31:45 PM IST 2026). restarting in 3s...
[tunnel] exited (Thu Jul 30 10:31:57 PM IST 2026). restarting in 3s...
[tunnel] exited (Thu Jul 30 10:32:00 PM IST 2026). restarting in 3s...
[tunnel] exited (Thu Jul 30 10:32:00 PM IST 2026). restarting in 3s...
[tunnel] exited (Thu Jul 30 10:32:01 PM IST 2026). restarting in 3s...
[tunnel] exited (Thu Jul 30 10:32:02 PM IST 2026). restarting in 3s...
[tunnel] exited (Thu Jul 30 10:32:04 PM IST 2026). restarting in 3s...
[tunnel] exited (Thu Jul 30 10:32:08 PM IST 2026). restarting in 3s...
[tunnel] exited (Thu Jul 30 10:32:20 PM IST 2026). restarting in 3s...
[tunnel] exited (Thu Jul 30 10:32:23 PM IST 2026). restarting in 3s...
[tunnel] exited (Thu Jul 30 10:32:24 PM IST 2026). restarting in 3s...
[tunnel] exited (Thu Jul 30 10:32:24 PM IST 2026). restarting in 3s...
[tunnel] exited (Thu Jul 30 10:32:26 PM IST 2026). restarting in 3s...
[tunnel] exited (Thu Jul 30 10:32:27 PM IST 2026). restarting in 3s...
[tunnel] exited (Thu Jul 30 10:32:32 PM IST 2026). restarting in 3s...
[tunnel] exited (Thu Jul 30 10:32:43 PM IST 2026). restarting in 3s...
[tunnel] exited (Thu Jul 30 10:32:46 PM IST 2026). restarting in 3s...
[tunnel] exited (Thu Jul 30 10:32:47 PM IST 2026). restarting in 3s...
[tunnel] exited (Thu Jul 30 10:32:47 PM IST 2026). restarting in 3s...
[tunnel] exited (Thu Jul 30 10:32:49 PM IST 2026). restarting in 3s...
[tunnel] exited (Thu Jul 30 10:32:50 PM IST 2026). restarting in 3s...
[tunnel] exited (Thu Jul 30 10:32:55 PM IST 2026). restarting in 3s...
[tunnel] exited (Thu Jul 30 10:33:06 PM IST 2026). restarting in 3s...
[tunnel] exited (Thu Jul 30 10:33:09 PM IST 2026). restarting in 3s...
[tunnel] exited (Thu Jul 30 10:33:10 PM IST 2026). restarting in 3s...
[tunnel] exited (Thu Jul 30 10:33:10 PM IST 2026). restarting in 3s...
[tunnel] exited (Thu Jul 30 10:33:12 PM IST 2026). restarting in 3s...
[tunnel] exited (Thu Jul 30 10:33:13 PM IST 2026). restarting in 3s...
[tunnel] exited (Thu Jul 30 10:33:18 PM IST 2026). restarting in 3s...
[tunnel] exited (Thu Jul 30 10:33:29 PM IST 2026). restarting in 3s...
[tunnel] exited (Thu Jul 30 10:33:32 PM IST 2026). restarting in 3s...
[tunnel] exited (Thu Jul 30 10:33:33 PM IST 2026). restarting in 3s...
[tunnel] exited (Thu Jul 30 10:33:33 PM IST 2026). restarting in 3s...
[tunnel] exited (Thu Jul 30 10:33:35 PM IST 2026). restarting in 3s...
[tunnel] exited (Thu Jul 30 10:33:36 PM IST 2026). restarting in 3s...
[tunnel] exited (Thu Jul 30 10:33:41 PM IST 2026). restarting in 3s...
[tunnel] exited (Thu Jul 30 10:33:53 PM IST 2026). restarting in 3s...
[tunnel] exited (Thu Jul 30 10:33:55 PM IST 2026). restarting in 3s...
[tunnel] exited (Thu Jul 30 10:33:56 PM IST 2026). restarting in 3s...
[tunnel] exited (Thu Jul 30 10:33:57 PM IST 2026). restarting in 3s...
[tunnel] exited (Thu Jul 30 10:33:58 PM IST 2026). restarting in 3s...
[tunnel] exited (Thu Jul 30 10:33:59 PM IST 2026). restarting in 3s...
[tunnel] exited (Thu Jul 30 10:34:04 PM IST 2026). restarting in 3s...
[tunnel] exited (Thu Jul 30 10:34:16 PM IST 2026). restarting in 3s...
[tunnel] exited (Thu Jul 30 10:34:18 PM IST 2026). restarting in 3s...
[tunnel] exited (Thu Jul 30 10:34:19 PM IST 2026). restarting in 3s...
[tunnel] exited (Thu Jul 30 10:34:20 PM IST 2026). restarting in 3s...
[tunnel] exited (Thu Jul 30 10:34:21 PM IST 2026). restarting in 3s...
[tunnel] exited (Thu Jul 30 10:34:22 PM IST 2026). restarting in 3s...
[tunnel] exited (Thu Jul 30 10:34:27 PM IST 2026). restarting in 3s...
[tunnel] exited (Thu Jul 30 10:34:39 PM IST 2026). restarting in 3s...
[tunnel] exited (Thu Jul 30 10:34:41 PM IST 2026). restarting in 3s...
[tunnel] exited (Thu Jul 30 10:34:42 PM IST 2026). restarting in 3s...
[tunnel] exited (Thu Jul 30 10:34:43 PM IST 2026). restarting in 3s...
[tunnel] exited (Thu Jul 30 10:34:44 PM IST 2026). restarting in 3s...
[tunnel] exited (Thu Jul 30 10:34:45 PM IST 2026). restarting in 3s...
[tunnel] exited (Thu Jul 30 10:34:50 PM IST 2026). restarting in 3s...
[tunnel] exited (Thu Jul 30 10:35:02 PM IST 2026). restarting in 3s...
[tunnel] exited (Thu Jul 30 10:35:04 PM IST 2026). restarting in 3s...
[tunnel] exited (Thu Jul 30 10:35:05 PM IST 2026). restarting in 3s...
[tunnel] exited (Thu Jul 30 10:35:06 PM IST 2026). restarting in 3s...
[tunnel] exited (Thu Jul 30 10:35:07 PM IST 2026). restarting in 3s...
[tunnel] exited (Thu Jul 30 10:35:08 PM IST 2026). restarting in 3s...
[tunnel] exited (Thu Jul 30 10:35:13 PM IST 2026). restarting in 3s...
[tunnel] exited (Thu Jul 30 10:35:25 PM IST 2026). restarting in 3s...
[tunnel] exited (Thu Jul 30 10:35:28 PM IST 2026). restarting in 3s...
[tunnel] exited (Thu Jul 30 10:35:28 PM IST 2026). restarting in 3s...
[tunnel] exited (Thu Jul 30 10:35:29 PM IST 2026). restarting in 3s...
[tunnel] exited (Thu Jul 30 10:35:30 PM IST 2026). restarting in 3s...
[tunnel] exited (Thu Jul 30 10:35:32 PM IST 2026). restarting in 3s...
[tunnel] exited (Thu Jul 30 10:35:36 PM IST 2026). restarting in 3s...
[tunnel] exited (Thu Jul 30 10:35:48 PM IST 2026). restarting in 3s...
[tunnel] exited (Thu Jul 30 10:35:51 PM IST 2026). restarting in 3s...
[tunnel] exited (Thu Jul 30 10:35:51 PM IST 2026). restarting in 3s...
[tunnel] exited (Thu Jul 30 10:35:52 PM IST 2026). restarting in 3s...
[tunnel] exited (Thu Jul 30 10:35:53 PM IST 2026). restarting in 3s...
[tunnel] exited (Thu Jul 30 10:35:55 PM IST 2026). restarting in 3s...
[tunnel] exited (Thu Jul 30 10:35:59 PM IST 2026). restarting in 3s...
[tunnel] exited (Thu Jul 30 10:36:11 PM IST 2026). restarting in 3s...
[tunnel] exited (Thu Jul 30 10:36:14 PM IST 2026). restarting in 3s...
[tunnel] exited (Thu Jul 30 10:36:15 PM IST 2026). restarting in 3s...
[tunnel] exited (Thu Jul 30 10:36:15 PM IST 2026). restarting in 3s...
[tunnel] exited (Thu Jul 30 10:36:17 PM IST 2026). restarting in 3s...
[tunnel] exited (Thu Jul 30 10:36:18 PM IST 2026). restarting in 3s...
[tunnel] exited (Thu Jul 30 10:36:23 PM IST 2026). restarting in 3s...
[tunnel] exited (Thu Jul 30 10:36:34 PM IST 2026). restarting in 3s...
[tunnel] exited (Thu Jul 30 10:36:37 PM IST 2026). restarting in 3s...
[tunnel] exited (Thu Jul 30 10:36:38 PM IST 2026). restarting in 3s...
[tunnel] exited (Thu Jul 30 10:36:38 PM IST 2026). restarting in 3s...
[tunnel] exited (Thu Jul 30 10:36:40 PM IST 2026). restarting in 3s...
[tunnel] exited (Thu Jul 30 10:36:41 PM IST 2026). restarting in 3s...
[tunnel] exited (Thu Jul 30 10:36:46 PM IST 2026). restarting in 3s...
[tunnel] exited (Thu Jul 30 10:36:57 PM IST 2026). restarting in 3s...
[tunnel] exited (Thu Jul 30 10:37:00 PM IST 2026). restarting in 3s...
[tunnel] exited (Thu Jul 30 10:37:01 PM IST 2026). restarting in 3s...
[tunnel] exited (Thu Jul 30 10:37:01 PM IST 2026). restarting in 3s...
[tunnel] exited (Thu Jul 30 10:37:03 PM IST 2026). restarting in 3s...
[tunnel] exited (Thu Jul 30 10:37:04 PM IST 2026). restarting in 3s...
[tunnel] exited (Thu Jul 30 10:37:09 PM IST 2026). restarting in 3s...
[tunnel] exited (Thu Jul 30 10:37:21 PM IST 2026). restarting in 3s...
[tunnel] exited (Thu Jul 30 10:37:24 PM IST 2026). restarting in 3s...
[tunnel] exited (Thu Jul 30 10:37:25 PM IST 2026). restarting in 3s...
[tunnel] exited (Thu Jul 30 10:37:25 PM IST 2026). restarting in 3s...
[tunnel] exited (Thu Jul 30 10:37:27 PM IST 2026). restarting in 3s...
[tunnel] exited (Thu Jul 30 10:37:28 PM IST 2026). restarting in 3s...
[tunnel] exited (Thu Jul 30 10:37:33 PM IST 2026). restarting in 3s...
[tunnel] exited (Thu Jul 30 10:37:44 PM IST 2026). restarting in 3s...
[tunnel] exited (Thu Jul 30 10:37:47 PM IST 2026). restarting in 3s...
[tunnel] exited (Thu Jul 30 10:37:48 PM IST 2026). restarting in 3s...
[tunnel] exited (Thu Jul 30 10:37:48 PM IST 2026). restarting in 3s...
[tunnel] exited (Thu Jul 30 10:37:50 PM IST 2026). restarting in 3s...
[tunnel] exited (Thu Jul 30 10:37:51 PM IST 2026). restarting in 3s...
[tunnel] exited (Thu Jul 30 10:37:56 PM IST 2026). restarting in 3s...
[tunnel] exited (Thu Jul 30 10:38:07 PM IST 2026). restarting in 3s...
[tunnel] exited (Thu Jul 30 10:38:10 PM IST 2026). restarting in 3s...
[tunnel] exited (Thu Jul 30 10:38:11 PM IST 2026). restarting in 3s...
[tunnel] exited (Thu Jul 30 10:38:11 PM IST 2026). restarting in 3s...
[tunnel] exited (Thu Jul 30 10:38:13 PM IST 2026). restarting in 3s...
[tunnel] exited (Thu Jul 30 10:38:14 PM IST 2026). restarting in 3s...
[tunnel] exited (Thu Jul 30 10:38:19 PM IST 2026). restarting in 3s...
[tunnel] exited (Thu Jul 30 10:38:30 PM IST 2026). restarting in 3s...
[tunnel] exited (Thu Jul 30 10:38:34 PM IST 2026). restarting in 3s...
[tunnel] exited (Thu Jul 30 10:38:34 PM IST 2026). restarting in 3s...
[tunnel] exited (Thu Jul 30 10:38:34 PM IST 2026). restarting in 3s...
[tunnel] exited (Thu Jul 30 10:38:36 PM IST 2026). restarting in 3s...
[tunnel] exited (Thu Jul 30 10:38:37 PM IST 2026). restarting in 3s...
[tunnel] exited (Thu Jul 30 10:38:42 PM IST 2026). restarting in 3s...
[tunnel] exited (Thu Jul 30 10:38:53 PM IST 2026). restarting in 3s...
[tunnel] exited (Thu Jul 30 10:38:57 PM IST 2026). restarting in 3s...
[tunnel] exited (Thu Jul 30 10:38:57 PM IST 2026). restarting in 3s...
[tunnel] exited (Thu Jul 30 10:38:58 PM IST 2026). restarting in 3s...
[tunnel] exited (Thu Jul 30 10:39:00 PM IST 2026). restarting in 3s...
[tunnel] exited (Thu Jul 30 10:39:01 PM IST 2026). restarting in 3s...
[tunnel] exited (Thu Jul 30 10:39:05 PM IST 2026). restarting in 3s...
[tunnel] exited (Thu Jul 30 10:39:17 PM IST 2026). restarting in 3s...
[tunnel] exited (Thu Jul 30 10:39:20 PM IST 2026). restarting in 3s...
[tunnel] exited (Thu Jul 30 10:39:21 PM IST 2026). restarting in 3s...
[tunnel] exited (Thu Jul 30 10:39:21 PM IST 2026). restarting in 3s...
[tunnel] exited (Thu Jul 30 10:39:23 PM IST 2026). restarting in 3s...
[tunnel] exited (Thu Jul 30 10:39:24 PM IST 2026). restarting in 3s...
[tunnel] exited (Thu Jul 30 10:39:28 PM IST 2026). restarting in 3s...
[tunnel] exited (Thu Jul 30 10:39:40 PM IST 2026). restarting in 3s...
[tunnel] exited (Thu Jul 30 10:39:43 PM IST 2026). restarting in 3s...
[tunnel] exited (Thu Jul 30 10:39:44 PM IST 2026). restarting in 3s...
[tunnel] exited (Thu Jul 30 10:39:44 PM IST 2026). restarting in 3s...
[tunnel] exited (Thu Jul 30 10:39:46 PM IST 2026). restarting in 3s...
[tunnel] exited (Thu Jul 30 10:39:47 PM IST 2026). restarting in 3s...
[tunnel] exited (Thu Jul 30 10:39:51 PM IST 2026). restarting in 3s...
[tunnel] exited (Thu Jul 30 10:40:03 PM IST 2026). restarting in 3s...
[tunnel] exited (Thu Jul 30 10:40:06 PM IST 2026). restarting in 3s...
[tunnel] exited (Thu Jul 30 10:40:07 PM IST 2026). restarting in 3s...
[tunnel] exited (Thu Jul 30 10:40:07 PM IST 2026). restarting in 3s...
[tunnel] exited (Thu Jul 30 10:40:09 PM IST 2026). restarting in 3s...
[tunnel] exited (Thu Jul 30 10:40:10 PM IST 2026). restarting in 3s...
[tunnel] exited (Thu Jul 30 10:40:14 PM IST 2026). restarting in 3s...
[tunnel] exited (Thu Jul 30 10:40:26 PM IST 2026). restarting in 3s...
[tunnel] exited (Thu Jul 30 10:40:29 PM IST 2026). restarting in 3s...
[tunnel] exited (Thu Jul 30 10:40:30 PM IST 2026). restarting in 3s...
[tunnel] exited (Thu Jul 30 10:40:30 PM IST 2026). restarting in 3s...
[tunnel] exited (Thu Jul 30 10:40:32 PM IST 2026). restarting in 3s...
[tunnel] exited (Thu Jul 30 10:40:33 PM IST 2026). restarting in 3s...
[tunnel] exited (Thu Jul 30 10:40:38 PM IST 2026). restarting in 3s...
[tunnel] exited (Thu Jul 30 10:40:49 PM IST 2026). restarting in 3s...
[tunnel] exited (Thu Jul 30 10:40:52 PM IST 2026). restarting in 3s...
[tunnel] exited (Thu Jul 30 10:40:53 PM IST 2026). restarting in 3s...
[tunnel] exited (Thu Jul 30 10:40:53 PM IST 2026). restarting in 3s...
[tunnel] exited (Thu Jul 30 10:40:55 PM IST 2026). restarting in 3s...
[tunnel] exited (Thu Jul 30 10:40:56 PM IST 2026). restarting in 3s...
[tunnel] exited (Thu Jul 30 10:41:01 PM IST 2026). restarting in 3s...
[tunnel] exited (Thu Jul 30 10:41:12 PM IST 2026). restarting in 3s...
[tunnel] exited (Thu Jul 30 10:41:15 PM IST 2026). restarting in 3s...
[tunnel] exited (Thu Jul 30 10:41:16 PM IST 2026). restarting in 3s...
[tunnel] exited (Thu Jul 30 10:41:16 PM IST 2026). restarting in 3s...
[tunnel] exited (Thu Jul 30 10:41:18 PM IST 2026). restarting in 3s...
[tunnel] exited (Thu Jul 30 10:41:19 PM IST 2026). restarting in 3s...
[tunnel] exited (Thu Jul 30 10:41:24 PM IST 2026). restarting in 3s...
[tunnel] exited (Thu Jul 30 10:41:35 PM IST 2026). restarting in 3s...
[tunnel] exited (Thu Jul 30 10:41:38 PM IST 2026). restarting in 3s...
[tunnel] exited (Thu Jul 30 10:41:39 PM IST 2026). restarting in 3s...
[tunnel] exited (Thu Jul 30 10:41:39 PM IST 2026). restarting in 3s...
[tunnel] exited (Thu Jul 30 10:41:41 PM IST 2026). restarting in 3s...
[tunnel] exited (Thu Jul 30 10:41:42 PM IST 2026). restarting in 3s...
[tunnel] exited (Thu Jul 30 10:41:47 PM IST 2026). restarting in 3s...
[tunnel] exited (Thu Jul 30 10:41:58 PM IST 2026). restarting in 3s...
[tunnel] exited (Thu Jul 30 10:42:02 PM IST 2026). restarting in 3s...
[tunnel] exited (Thu Jul 30 10:42:02 PM IST 2026). restarting in 3s...
[tunnel] exited (Thu Jul 30 10:42:02 PM IST 2026). restarting in 3s...
[tunnel] exited (Thu Jul 30 10:42:04 PM IST 2026). restarting in 3s...
[tunnel] exited (Thu Jul 30 10:42:05 PM IST 2026). restarting in 3s...
[tunnel] exited (Thu Jul 30 10:42:10 PM IST 2026). restarting in 3s...
[tunnel] exited (Thu Jul 30 10:42:21 PM IST 2026). restarting in 3s...
[tunnel] exited (Thu Jul 30 10:42:25 PM IST 2026). restarting in 3s...
[tunnel] exited (Thu Jul 30 10:42:25 PM IST 2026). restarting in 3s...
[tunnel] exited (Thu Jul 30 10:42:25 PM IST 2026). restarting in 3s...
[tunnel] exited (Thu Jul 30 10:42:27 PM IST 2026). restarting in 3s...
[tunnel] exited (Thu Jul 30 10:42:28 PM IST 2026). restarting in 3s...
[tunnel] exited (Thu Jul 30 10:42:33 PM IST 2026). restarting in 3s...
[tunnel] exited (Thu Jul 30 10:42:45 PM IST 2026). restarting in 3s...
[tunnel] exited (Thu Jul 30 10:42:48 PM IST 2026). restarting in 3s...
[tunnel] exited (Thu Jul 30 10:42:49 PM IST 2026). restarting in 3s...
[tunnel] exited (Thu Jul 30 10:42:49 PM IST 2026). restarting in 3s...
[tunnel] exited (Thu Jul 30 10:42:51 PM IST 2026). restarting in 3s...
[tunnel] exited (Thu Jul 30 10:42:52 PM IST 2026). restarting in 3s...
[tunnel] exited (Thu Jul 30 10:42:56 PM IST 2026). restarting in 3s...
[tunnel] exited (Thu Jul 30 10:43:08 PM IST 2026). restarting in 3s...
[tunnel] exited (Thu Jul 30 10:43:11 PM IST 2026). restarting in 3s...
[tunnel] exited (Thu Jul 30 10:43:12 PM IST 2026). restarting in 3s...
[tunnel] exited (Thu Jul 30 10:43:12 PM IST 2026). restarting in 3s...
[tunnel] exited (Thu Jul 30 10:43:14 PM IST 2026). restarting in 3s...
[tunnel] exited (Thu Jul 30 10:43:15 PM IST 2026). restarting in 3s...
[tunnel] exited (Thu Jul 30 10:43:19 PM IST 2026). restarting in 3s...
[tunnel] exited (Thu Jul 30 10:43:31 PM IST 2026). restarting in 3s...
[tunnel] exited (Thu Jul 30 10:43:34 PM IST 2026). restarting in 3s...
[tunnel] exited (Thu Jul 30 10:43:35 PM IST 2026). restarting in 3s...
[tunnel] exited (Thu Jul 30 10:43:35 PM IST 2026). restarting in 3s...
[tunnel] exited (Thu Jul 30 10:43:37 PM IST 2026). restarting in 3s...
[tunnel] exited (Thu Jul 30 10:43:38 PM IST 2026). restarting in 3s...
[tunnel] exited (Thu Jul 30 10:43:42 PM IST 2026). restarting in 3s...
[tunnel] exited (Thu Jul 30 10:43:54 PM IST 2026). restarting in 3s...
[tunnel] exited (Thu Jul 30 10:43:57 PM IST 2026). restarting in 3s...
[tunnel] exited (Thu Jul 30 10:43:58 PM IST 2026). restarting in 3s...
[tunnel] exited (Thu Jul 30 10:43:58 PM IST 2026). restarting in 3s...
[tunnel] exited (Thu Jul 30 10:44:00 PM IST 2026). restarting in 3s...
[tunnel] exited (Thu Jul 30 10:44:01 PM IST 2026). restarting in 3s...
[tunnel] exited (Thu Jul 30 10:44:06 PM IST 2026). restarting in 3s...
[tunnel] exited (Thu Jul 30 10:44:17 PM IST 2026). restarting in 3s...
[tunnel] exited (Thu Jul 30 10:44:20 PM IST 2026). restarting in 3s...
[tunnel] exited (Thu Jul 30 10:44:21 PM IST 2026). restarting in 3s...
[tunnel] exited (Thu Jul 30 10:44:21 PM IST 2026). restarting in 3s...
[tunnel] exited (Thu Jul 30 10:44:23 PM IST 2026). restarting in 3s...
[tunnel] exited (Thu Jul 30 10:44:24 PM IST 2026). restarting in 3s...
[tunnel] exited (Thu Jul 30 10:44:29 PM IST 2026). restarting in 3s...
[tunnel] exited (Thu Jul 30 10:44:40 PM IST 2026). restarting in 3s...
[tunnel] exited (Thu Jul 30 10:44:43 PM IST 2026). restarting in 3s...
[tunnel] exited (Thu Jul 30 10:44:44 PM IST 2026). restarting in 3s...
[tunnel] exited (Thu Jul 30 10:44:44 PM IST 2026). restarting in 3s...
[tunnel] exited (Thu Jul 30 10:44:46 PM IST 2026). restarting in 3s...
[tunnel] exited (Thu Jul 30 10:44:47 PM IST 2026). restarting in 3s...
[tunnel] exited (Thu Jul 30 10:44:52 PM IST 2026). restarting in 3s...
[tunnel] exited (Thu Jul 30 10:45:03 PM IST 2026). restarting in 3s...
[tunnel] exited (Thu Jul 30 10:45:06 PM IST 2026). restarting in 3s...
[tunnel] exited (Thu Jul 30 10:45:07 PM IST 2026). restarting in 3s...
[tunnel] exited (Thu Jul 30 10:45:07 PM IST 2026). restarting in 3s...
[tunnel] exited (Thu Jul 30 10:45:09 PM IST 2026). restarting in 3s...
[tunnel] exited (Thu Jul 30 10:45:10 PM IST 2026). restarting in 3s...
[tunnel] exited (Thu Jul 30 10:45:15 PM IST 2026). restarting in 3s...
[tunnel] exited (Thu Jul 30 10:45:26 PM IST 2026). restarting in 3s...
[tunnel] exited (Thu Jul 30 10:45:29 PM IST 2026). restarting in 3s...
[tunnel] exited (Thu Jul 30 10:45:30 PM IST 2026). restarting in 3s...
[tunnel] exited (Thu Jul 30 10:45:30 PM IST 2026). restarting in 3s...
[tunnel] exited (Thu Jul 30 10:45:32 PM IST 2026). restarting in 3s...
[tunnel] exited (Thu Jul 30 10:45:33 PM IST 2026). restarting in 3s...
[tunnel] exited (Thu Jul 30 10:45:38 PM IST 2026). restarting in 3s...
[tunnel] exited (Thu Jul 30 10:45:49 PM IST 2026). restarting in 3s...
[tunnel] exited (Thu Jul 30 10:45:53 PM IST 2026). restarting in 3s...
[tunnel] exited (Thu Jul 30 10:45:53 PM IST 2026). restarting in 3s...
[tunnel] exited (Thu Jul 30 10:45:53 PM IST 2026). restarting in 3s...
[tunnel] exited (Thu Jul 30 10:45:56 PM IST 2026). restarting in 3s...
[tunnel] exited (Thu Jul 30 10:45:56 PM IST 2026). restarting in 3s...
[tunnel] exited (Thu Jul 30 10:46:01 PM IST 2026). restarting in 3s...
[tunnel] exited (Thu Jul 30 10:46:12 PM IST 2026). restarting in 3s...
[tunnel] exited (Thu Jul 30 10:46:16 PM IST 2026). restarting in 3s...
[tunnel] exited (Thu Jul 30 10:46:16 PM IST 2026). restarting in 3s...
[tunnel] exited (Thu Jul 30 10:46:16 PM IST 2026). restarting in 3s...
[tunnel] exited (Thu Jul 30 10:46:19 PM IST 2026). restarting in 3s...
[tunnel] exited (Thu Jul 30 10:46:19 PM IST 2026). restarting in 3s...
[tunnel] exited (Thu Jul 30 10:46:24 PM IST 2026). restarting in 3s...
[tunnel] exited (Thu Jul 30 10:46:36 PM IST 2026). restarting in 3s...
[tunnel] exited (Thu Jul 30 10:46:39 PM IST 2026). restarting in 3s...
[tunnel] exited (Thu Jul 30 10:46:40 PM IST 2026). restarting in 3s...
[tunnel] exited (Thu Jul 30 10:46:40 PM IST 2026). restarting in 3s...
[tunnel] exited (Thu Jul 30 10:46:42 PM IST 2026). restarting in 3s...
[tunnel] exited (Thu Jul 30 10:46:43 PM IST 2026). restarting in 3s...
[tunnel] exited (Thu Jul 30 10:46:47 PM IST 2026). restarting in 3s...
[tunnel] exited (Thu Jul 30 10:46:59 PM IST 2026). restarting in 3s...
[tunnel] exited (Thu Jul 30 10:47:02 PM IST 2026). restarting in 3s...
[tunnel] exited (Thu Jul 30 10:47:03 PM IST 2026). restarting in 3s...
[tunnel] exited (Thu Jul 30 10:47:03 PM IST 2026). restarting in 3s...
[tunnel] exited (Thu Jul 30 10:47:05 PM IST 2026). restarting in 3s...
[tunnel] exited (Thu Jul 30 10:47:06 PM IST 2026). restarting in 3s...
[tunnel] exited (Thu Jul 30 10:47:10 PM IST 2026). restarting in 3s...
[tunnel] exited (Thu Jul 30 10:47:22 PM IST 2026). restarting in 3s...
[tunnel] exited (Thu Jul 30 10:47:25 PM IST 2026). restarting in 3s...
[tunnel] exited (Thu Jul 30 10:47:26 PM IST 2026). restarting in 3s...
[tunnel] exited (Thu Jul 30 10:47:26 PM IST 2026). restarting in 3s...
[tunnel] exited (Thu Jul 30 10:47:28 PM IST 2026). restarting in 3s...
[tunnel] exited (Thu Jul 30 10:47:29 PM IST 2026). restarting in 3s...
[tunnel] exited (Thu Jul 30 10:47:33 PM IST 2026). restarting in 3s...
[tunnel] exited (Thu Jul 30 10:47:45 PM IST 2026). restarting in 3s...
[tunnel] exited (Thu Jul 30 10:47:48 PM IST 2026). restarting in 3s...
[tunnel] exited (Thu Jul 30 10:47:49 PM IST 2026). restarting in 3s...
[tunnel] exited (Thu Jul 30 10:47:49 PM IST 2026). restarting in 3s...
[tunnel] exited (Thu Jul 30 10:47:51 PM IST 2026). restarting in 3s...
[tunnel] exited (Thu Jul 30 10:47:52 PM IST 2026). restarting in 3s...
[tunnel] exited (Thu Jul 30 10:47:57 PM IST 2026). restarting in 3s...
[tunnel] exited (Thu Jul 30 10:48:08 PM IST 2026). restarting in 3s...
[tunnel] exited (Thu Jul 30 10:48:11 PM IST 2026). restarting in 3s...
[tunnel] exited (Thu Jul 30 10:48:12 PM IST 2026). restarting in 3s...
[tunnel] exited (Thu Jul 30 10:48:12 PM IST 2026). restarting in 3s...
[tunnel] exited (Thu Jul 30 10:48:14 PM IST 2026). restarting in 3s...
[tunnel] exited (Thu Jul 30 10:48:15 PM IST 2026). restarting in 3s...
[tunnel] exited (Thu Jul 30 10:48:20 PM IST 2026). restarting in 3s...
[tunnel] exited (Thu Jul 30 10:48:31 PM IST 2026). restarting in 3s...
[tunnel] exited (Thu Jul 30 10:48:34 PM IST 2026). restarting in 3s...
[tunnel] exited (Thu Jul 30 10:48:35 PM IST 2026). restarting in 3s...
[tunnel] exited (Thu Jul 30 10:48:35 PM IST 2026). restarting in 3s...
[tunnel] exited (Thu Jul 30 10:48:37 PM IST 2026). restarting in 3s...
[tunnel] exited (Thu Jul 30 10:48:38 PM IST 2026). restarting in 3s...
[tunnel] exited (Thu Jul 30 10:48:43 PM IST 2026). restarting in 3s...
[tunnel] exited (Thu Jul 30 10:48:54 PM IST 2026). restarting in 3s...
[tunnel] exited (Thu Jul 30 10:48:57 PM IST 2026). restarting in 3s...
[tunnel] exited (Thu Jul 30 10:48:58 PM IST 2026). restarting in 3s...
[tunnel] exited (Thu Jul 30 10:48:58 PM IST 2026). restarting in 3s...
[tunnel] exited (Thu Jul 30 10:49:00 PM IST 2026). restarting in 3s...
[tunnel] exited (Thu Jul 30 10:49:01 PM IST 2026). restarting in 3s...
[tunnel] exited (Thu Jul 30 10:49:06 PM IST 2026). restarting in 3s...
[tunnel] exited (Thu Jul 30 10:49:17 PM IST 2026). restarting in 3s...
[tunnel] exited (Thu Jul 30 10:49:21 PM IST 2026). restarting in 3s...
[tunnel] exited (Thu Jul 30 10:49:21 PM IST 2026). restarting in 3s...
[tunnel] exited (Thu Jul 30 10:49:21 PM IST 2026). restarting in 3s...
[tunnel] exited (Thu Jul 30 10:49:23 PM IST 2026). restarting in 3s...
[tunnel] exited (Thu Jul 30 10:49:24 PM IST 2026). restarting in 3s...
[tunnel] exited (Thu Jul 30 10:49:29 PM IST 2026). restarting in 3s...
[tunnel] exited (Thu Jul 30 10:49:40 PM IST 2026). restarting in 3s...
[tunnel] exited (Thu Jul 30 10:49:44 PM IST 2026). restarting in 3s...
[tunnel] exited (Thu Jul 30 10:49:44 PM IST 2026). restarting in 3s...
[tunnel] exited (Thu Jul 30 10:49:44 PM IST 2026). restarting in 3s...
[tunnel] exited (Thu Jul 30 10:49:46 PM IST 2026). restarting in 3s...
[tunnel] exited (Thu Jul 30 10:49:48 PM IST 2026). restarting in 3s...
[tunnel] exited (Thu Jul 30 10:49:52 PM IST 2026). restarting in 3s...
[tunnel] exited (Thu Jul 30 10:50:04 PM IST 2026). restarting in 3s...
[tunnel] exited (Thu Jul 30 10:50:07 PM IST 2026). restarting in 3s...
[tunnel] exited (Thu Jul 30 10:50:08 PM IST 2026). restarting in 3s...
[tunnel] exited (Thu Jul 30 10:50:08 PM IST 2026). restarting in 3s...
[tunnel] exited (Thu Jul 30 10:50:10 PM IST 2026). restarting in 3s...
[tunnel] exited (Thu Jul 30 10:50:11 PM IST 2026). restarting in 3s...
[tunnel] exited (Thu Jul 30 10:50:15 PM IST 2026). restarting in 3s...
[tunnel] exited (Thu Jul 30 10:50:27 PM IST 2026). restarting in 3s...
[tunnel] exited (Thu Jul 30 10:50:30 PM IST 2026). restarting in 3s...
[tunnel] exited (Thu Jul 30 10:50:31 PM IST 2026). restarting in 3s...
[tunnel] exited (Thu Jul 30 10:50:31 PM IST 2026). restarting in 3s...
[tunnel] exited (Thu Jul 30 10:50:33 PM IST 2026). restarting in 3s...
[tunnel] exited (Thu Jul 30 10:50:34 PM IST 2026). restarting in 3s...
[tunnel] exited (Thu Jul 30 10:50:38 PM IST 2026). restarting in 3s...
[tunnel] exited (Thu Jul 30 10:50:50 PM IST 2026). restarting in 3s...
[tunnel] exited (Thu Jul 30 10:50:53 PM IST 2026). restarting in 3s...
[tunnel] exited (Thu Jul 30 10:50:54 PM IST 2026). restarting in 3s...
[tunnel] exited (Thu Jul 30 10:50:54 PM IST 2026). restarting in 3s...
[tunnel] exited (Thu Jul 30 10:50:56 PM IST 2026). restarting in 3s...
[tunnel] exited (Thu Jul 30 10:50:57 PM IST 2026). restarting in 3s...
[tunnel] exited (Thu Jul 30 10:51:01 PM IST 2026). restarting in 3s...
[tunnel] exited (Thu Jul 30 10:51:13 PM IST 2026). restarting in 3s...
[tunnel] exited (Thu Jul 30 10:51:16 PM IST 2026). restarting in 3s...
[tunnel] exited (Thu Jul 30 10:51:17 PM IST 2026). restarting in 3s...
[tunnel] exited (Thu Jul 30 10:51:17 PM IST 2026). restarting in 3s...
[tunnel] exited (Thu Jul 30 10:51:19 PM IST 2026). restarting in 3s...
[tunnel] exited (Thu Jul 30 10:51:20 PM IST 2026). restarting in 3s...
[tunnel] exited (Thu Jul 30 10:51:24 PM IST 2026). restarting in 3s...
[tunnel] exited (Thu Jul 30 10:51:36 PM IST 2026). restarting in 3s...
[tunnel] exited (Thu Jul 30 10:51:39 PM IST 2026). restarting in 3s...
[tunnel] exited (Thu Jul 30 10:51:40 PM IST 2026). restarting in 3s...
[tunnel] exited (Thu Jul 30 10:51:40 PM IST 2026). restarting in 3s...
[tunnel] exited (Thu Jul 30 10:51:42 PM IST 2026). restarting in 3s...
[tunnel] exited (Thu Jul 30 10:51:43 PM IST 2026). restarting in 3s...
[tunnel] exited (Thu Jul 30 10:51:48 PM IST 2026). restarting in 3s...
[tunnel] exited (Thu Jul 30 10:51:59 PM IST 2026). restarting in 3s...
[tunnel] exited (Thu Jul 30 10:52:02 PM IST 2026). restarting in 3s...
[tunnel] exited (Thu Jul 30 10:52:03 PM IST 2026). restarting in 3s...
[tunnel] exited (Thu Jul 30 10:52:03 PM IST 2026). restarting in 3s...
[tunnel] exited (Thu Jul 30 10:52:05 PM IST 2026). restarting in 3s...
[tunnel] exited (Thu Jul 30 10:52:06 PM IST 2026). restarting in 3s...
[tunnel] exited (Thu Jul 30 10:52:11 PM IST 2026). restarting in 3s...
[tunnel] exited (Thu Jul 30 10:52:22 PM IST 2026). restarting in 3s...
[tunnel] exited (Thu Jul 30 10:52:26 PM IST 2026). restarting in 3s...
[tunnel] exited (Thu Jul 30 10:52:26 PM IST 2026). restarting in 3s...
[tunnel] exited (Thu Jul 30 10:52:26 PM IST 2026). restarting in 3s...
[tunnel] exited (Thu Jul 30 10:52:28 PM IST 2026). restarting in 3s...
[tunnel] exited (Thu Jul 30 10:52:29 PM IST 2026). restarting in 3s...
[tunnel] exited (Thu Jul 30 10:52:34 PM IST 2026). restarting in 3s...
[tunnel] exited (Thu Jul 30 10:52:45 PM IST 2026). restarting in 3s...
[tunnel] exited (Thu Jul 30 10:52:49 PM IST 2026). restarting in 3s...
[tunnel] exited (Thu Jul 30 10:52:49 PM IST 2026). restarting in 3s...
[tunnel] exited (Thu Jul 30 10:52:49 PM IST 2026). restarting in 3s...
[tunnel] exited (Thu Jul 30 10:52:51 PM IST 2026). restarting in 3s...
[tunnel] exited (Thu Jul 30 10:52:52 PM IST 2026). restarting in 3s...
[tunnel] exited (Thu Jul 30 10:52:57 PM IST 2026). restarting in 3s...
[tunnel] exited (Thu Jul 30 10:53:09 PM IST 2026). restarting in 3s...
[tunnel] exited (Thu Jul 30 10:53:12 PM IST 2026). restarting in 3s...
[tunnel] exited (Thu Jul 30 10:53:13 PM IST 2026). restarting in 3s...
[tunnel] exited (Thu Jul 30 10:53:13 PM IST 2026). restarting in 3s...
[tunnel] exited (Thu Jul 30 10:53:15 PM IST 2026). restarting in 3s...
[tunnel] exited (Thu Jul 30 10:53:16 PM IST 2026). restarting in 3s...
[tunnel] exited (Thu Jul 30 10:53:20 PM IST 2026). restarting in 3s...
[tunnel] exited (Thu Jul 30 10:53:32 PM IST 2026). restarting in 3s...
[tunnel] exited (Thu Jul 30 10:53:35 PM IST 2026). restarting in 3s...
[tunnel] exited (Thu Jul 30 10:53:36 PM IST 2026). restarting in 3s...
[tunnel] exited (Thu Jul 30 10:53:36 PM IST 2026). restarting in 3s...
[tunnel] exited (Thu Jul 30 10:53:38 PM IST 2026). restarting in 3s...
[tunnel] exited (Thu Jul 30 10:53:39 PM IST 2026). restarting in 3s...
[tunnel] exited (Thu Jul 30 10:53:43 PM IST 2026). restarting in 3s...
[tunnel] exited (Thu Jul 30 10:53:55 PM IST 2026). restarting in 3s...
[tunnel] exited (Thu Jul 30 10:53:58 PM IST 2026). restarting in 3s...
[tunnel] exited (Thu Jul 30 10:53:59 PM IST 2026). restarting in 3s...
[tunnel] exited (Thu Jul 30 10:53:59 PM IST 2026). restarting in 3s...
[tunnel] exited (Thu Jul 30 10:54:01 PM IST 2026). restarting in 3s...
[tunnel] exited (Thu Jul 30 10:54:02 PM IST 2026). restarting in 3s...
[tunnel] exited (Thu Jul 30 10:54:06 PM IST 2026). restarting in 3s...
[tunnel] exited (Thu Jul 30 10:54:18 PM IST 2026). restarting in 3s...
[tunnel] exited (Thu Jul 30 10:54:21 PM IST 2026). restarting in 3s...
[tunnel] exited (Thu Jul 30 10:54:22 PM IST 2026). restarting in 3s...
[tunnel] exited (Thu Jul 30 10:54:22 PM IST 2026). restarting in 3s...
[tunnel] exited (Thu Jul 30 10:54:24 PM IST 2026). restarting in 3s...
[tunnel] exited (Thu Jul 30 10:54:25 PM IST 2026). restarting in 3s...
[tunnel] exited (Thu Jul 30 10:54:29 PM IST 2026). restarting in 3s...
[tunnel] exited (Thu Jul 30 10:54:41 PM IST 2026). restarting in 3s...
[tunnel] exited (Thu Jul 30 10:54:44 PM IST 2026). restarting in 3s...
[tunnel] exited (Thu Jul 30 10:54:45 PM IST 2026). restarting in 3s...
[tunnel] exited (Thu Jul 30 10:54:45 PM IST 2026). restarting in 3s...
[tunnel] exited (Thu Jul 30 10:54:47 PM IST 2026). restarting in 3s...
[tunnel] exited (Thu Jul 30 10:54:48 PM IST 2026). restarting in 3s...
[tunnel] exited (Thu Jul 30 10:54:52 PM IST 2026). restarting in 3s...
[tunnel] exited (Thu Jul 30 10:55:04 PM IST 2026). restarting in 3s...
[tunnel] exited (Thu Jul 30 10:55:07 PM IST 2026). restarting in 3s...
[tunnel] exited (Thu Jul 30 10:55:08 PM IST 2026). restarting in 3s...
[tunnel] exited (Thu Jul 30 10:55:08 PM IST 2026). restarting in 3s...
[tunnel] exited (Thu Jul 30 10:55:10 PM IST 2026). restarting in 3s...
[tunnel] exited (Thu Jul 30 10:55:11 PM IST 2026). restarting in 3s...
[tunnel] exited (Thu Jul 30 10:55:16 PM IST 2026). restarting in 3s...
[tunnel] exited (Thu Jul 30 10:55:27 PM IST 2026). restarting in 3s...
[tunnel] exited (Thu Jul 30 10:55:30 PM IST 2026). restarting in 3s...
[tunnel] exited (Thu Jul 30 10:55:31 PM IST 2026). restarting in 3s...
[tunnel] exited (Thu Jul 30 10:55:31 PM IST 2026). restarting in 3s...
[tunnel] exited (Thu Jul 30 10:55:33 PM IST 2026). restarting in 3s...
[tunnel] exited (Thu Jul 30 10:55:34 PM IST 2026). restarting in 3s...
[tunnel] exited (Thu Jul 30 10:55:39 PM IST 2026). restarting in 3s...
[tunnel] exited (Thu Jul 30 10:55:50 PM IST 2026). restarting in 3s...
[tunnel] exited (Thu Jul 30 10:55:54 PM IST 2026). restarting in 3s...
[tunnel] exited (Thu Jul 30 10:55:54 PM IST 2026). restarting in 3s...
[tunnel] exited (Thu Jul 30 10:55:54 PM IST 2026). restarting in 3s...
[tunnel] exited (Thu Jul 30 10:55:56 PM IST 2026). restarting in 3s...
[tunnel] exited (Thu Jul 30 10:55:57 PM IST 2026). restarting in 3s...
[tunnel] exited (Thu Jul 30 10:56:02 PM IST 2026). restarting in 3s...
[tunnel] exited (Thu Jul 30 10:56:13 PM IST 2026). restarting in 3s...
[tunnel] exited (Thu Jul 30 10:56:17 PM IST 2026). restarting in 3s...
[tunnel] exited (Thu Jul 30 10:56:17 PM IST 2026). restarting in 3s...
[tunnel] exited (Thu Jul 30 10:56:17 PM IST 2026). restarting in 3s...
[tunnel] exited (Thu Jul 30 10:56:19 PM IST 2026). restarting in 3s...
[tunnel] exited (Thu Jul 30 10:56:20 PM IST 2026). restarting in 3s...
[tunnel] exited (Thu Jul 30 10:56:25 PM IST 2026). restarting in 3s...
[tunnel] exited (Thu Jul 30 10:56:36 PM IST 2026). restarting in 3s...
[tunnel] exited (Thu Jul 30 10:56:40 PM IST 2026). restarting in 3s...
[tunnel] exited (Thu Jul 30 10:56:40 PM IST 2026). restarting in 3s...
[tunnel] exited (Thu Jul 30 10:56:41 PM IST 2026). restarting in 3s...
[tunnel] exited (Thu Jul 30 10:56:43 PM IST 2026). restarting in 3s...
[tunnel] exited (Thu Jul 30 10:56:44 PM IST 2026). restarting in 3s...
[tunnel] exited (Thu Jul 30 10:56:48 PM IST 2026). restarting in 3s...
[tunnel] exited (Thu Jul 30 10:57:00 PM IST 2026). restarting in 3s...
[tunnel] exited (Thu Jul 30 10:57:03 PM IST 2026). restarting in 3s...
[tunnel] exited (Thu Jul 30 10:57:04 PM IST 2026). restarting in 3s...
[tunnel] exited (Thu Jul 30 10:57:04 PM IST 2026). restarting in 3s...
[tunnel] exited (Thu Jul 30 10:57:06 PM IST 2026). restarting in 3s...
[tunnel] exited (Thu Jul 30 10:57:07 PM IST 2026). restarting in 3s...
[tunnel] exited (Thu Jul 30 10:57:11 PM IST 2026). restarting in 3s...
[tunnel] exited (Thu Jul 30 10:57:23 PM IST 2026). restarting in 3s...
[tunnel] exited (Thu Jul 30 10:57:26 PM IST 2026). restarting in 3s...
[tunnel] exited (Thu Jul 30 10:57:27 PM IST 2026). restarting in 3s...
[tunnel] exited (Thu Jul 30 10:57:27 PM IST 2026). restarting in 3s...
[tunnel] exited (Thu Jul 30 10:57:29 PM IST 2026). restarting in 3s...
[tunnel] exited (Thu Jul 30 10:57:30 PM IST 2026). restarting in 3s...
[tunnel] exited (Thu Jul 30 10:57:34 PM IST 2026). restarting in 3s...
[tunnel] exited (Thu Jul 30 10:57:46 PM IST 2026). restarting in 3s...
[tunnel] exited (Thu Jul 30 10:57:49 PM IST 2026). restarting in 3s...
[tunnel] exited (Thu Jul 30 10:57:50 PM IST 2026). restarting in 3s...
[tunnel] exited (Thu Jul 30 10:57:50 PM IST 2026). restarting in 3s...
[tunnel] exited (Thu Jul 30 10:57:52 PM IST 2026). restarting in 3s...
[tunnel] exited (Thu Jul 30 10:57:53 PM IST 2026). restarting in 3s...
[tunnel] exited (Thu Jul 30 10:57:57 PM IST 2026). restarting in 3s...
[tunnel] exited (Thu Jul 30 10:58:09 PM IST 2026). restarting in 3s...
[tunnel] exited (Thu Jul 30 10:58:12 PM IST 2026). restarting in 3s...
[tunnel] exited (Thu Jul 30 10:58:13 PM IST 2026). restarting in 3s...
[tunnel] exited (Thu Jul 30 10:58:13 PM IST 2026). restarting in 3s...
[tunnel] exited (Thu Jul 30 10:58:15 PM IST 2026). restarting in 3s...
[tunnel] exited (Thu Jul 30 10:58:16 PM IST 2026). restarting in 3s...
[tunnel] exited (Thu Jul 30 10:58:20 PM IST 2026). restarting in 3s...
[tunnel] exited (Thu Jul 30 10:58:32 PM IST 2026). restarting in 3s...
[tunnel] exited (Thu Jul 30 10:58:35 PM IST 2026). restarting in 3s...
[tunnel] exited (Thu Jul 30 10:58:36 PM IST 2026). restarting in 3s...
[tunnel] exited (Thu Jul 30 10:58:36 PM IST 2026). restarting in 3s...
[tunnel] exited (Thu Jul 30 10:58:38 PM IST 2026). restarting in 3s...
[tunnel] exited (Thu Jul 30 10:58:39 PM IST 2026). restarting in 3s...
[tunnel] exited (Thu Jul 30 10:58:43 PM IST 2026). restarting in 3s...
[tunnel] exited (Thu Jul 30 10:58:55 PM IST 2026). restarting in 3s...
[tunnel] exited (Thu Jul 30 10:58:58 PM IST 2026). restarting in 3s...
[tunnel] exited (Thu Jul 30 10:58:59 PM IST 2026). restarting in 3s...
[tunnel] exited (Thu Jul 30 10:58:59 PM IST 2026). restarting in 3s...
[tunnel] exited (Thu Jul 30 10:59:01 PM IST 2026). restarting in 3s...
[tunnel] exited (Thu Jul 30 10:59:02 PM IST 2026). restarting in 3s...
[tunnel] exited (Thu Jul 30 10:59:07 PM IST 2026). restarting in 3s...
[tunnel] exited (Thu Jul 30 10:59:18 PM IST 2026). restarting in 3s...
[tunnel] exited (Thu Jul 30 10:59:22 PM IST 2026). restarting in 3s...
[tunnel] exited (Thu Jul 30 10:59:22 PM IST 2026). restarting in 3s...
[tunnel] exited (Thu Jul 30 10:59:22 PM IST 2026). restarting in 3s...
[tunnel] exited (Thu Jul 30 10:59:24 PM IST 2026). restarting in 3s...
[tunnel] exited (Thu Jul 30 10:59:25 PM IST 2026). restarting in 3s...
[tunnel] exited (Thu Jul 30 10:59:30 PM IST 2026). restarting in 3s...
[tunnel] exited (Thu Jul 30 10:59:41 PM IST 2026). restarting in 3s...
[tunnel] exited (Thu Jul 30 10:59:45 PM IST 2026). restarting in 3s...
[tunnel] exited (Thu Jul 30 10:59:45 PM IST 2026). restarting in 3s...
[tunnel] exited (Thu Jul 30 10:59:45 PM IST 2026). restarting in 3s...
[tunnel] exited (Thu Jul 30 10:59:47 PM IST 2026). restarting in 3s...
[tunnel] exited (Thu Jul 30 10:59:48 PM IST 2026). restarting in 3s...
[tunnel] exited (Thu Jul 30 10:59:53 PM IST 2026). restarting in 3s...
[tunnel] exited (Thu Jul 30 11:00:04 PM IST 2026). restarting in 3s...
[tunnel] exited (Thu Jul 30 11:00:08 PM IST 2026). restarting in 3s...
[tunnel] exited (Thu Jul 30 11:00:08 PM IST 2026). restarting in 3s...
[tunnel] exited (Thu Jul 30 11:00:08 PM IST 2026). restarting in 3s...
[tunnel] exited (Thu Jul 30 11:00:10 PM IST 2026). restarting in 3s...
[tunnel] exited (Thu Jul 30 11:00:11 PM IST 2026). restarting in 3s...
[tunnel] exited (Thu Jul 30 11:00:16 PM IST 2026). restarting in 3s...
[tunnel] exited (Thu Jul 30 11:00:28 PM IST 2026). restarting in 3s...
[tunnel] exited (Thu Jul 30 11:00:31 PM IST 2026). restarting in 3s...
[tunnel] exited (Thu Jul 30 11:00:32 PM IST 2026). restarting in 3s...
[tunnel] exited (Thu Jul 30 11:00:32 PM IST 2026). restarting in 3s...
[tunnel] exited (Thu Jul 30 11:00:34 PM IST 2026). restarting in 3s...
[tunnel] exited (Thu Jul 30 11:00:35 PM IST 2026). restarting in 3s...
[tunnel] exited (Thu Jul 30 11:00:39 PM IST 2026). restarting in 3s...
[tunnel] exited (Thu Jul 30 11:00:51 PM IST 2026). restarting in 3s...
[tunnel] exited (Thu Jul 30 11:00:54 PM IST 2026). restarting in 3s...
[tunnel] exited (Thu Jul 30 11:00:55 PM IST 2026). restarting in 3s...
[tunnel] exited (Thu Jul 30 11:00:55 PM IST 2026). restarting in 3s...
[tunnel] exited (Thu Jul 30 11:00:57 PM IST 2026). restarting in 3s...
[tunnel] exited (Thu Jul 30 11:00:58 PM IST 2026). restarting in 3s...
[tunnel] exited (Thu Jul 30 11:01:02 PM IST 2026). restarting in 3s...
[tunnel] exited (Thu Jul 30 11:01:14 PM IST 2026). restarting in 3s...
[tunnel] exited (Thu Jul 30 11:01:17 PM IST 2026). restarting in 3s...
[tunnel] exited (Thu Jul 30 11:01:18 PM IST 2026). restarting in 3s...
[tunnel] exited (Thu Jul 30 11:01:18 PM IST 2026). restarting in 3s...
[tunnel] exited (Thu Jul 30 11:01:20 PM IST 2026). restarting in 3s...
[tunnel] exited (Thu Jul 30 11:01:21 PM IST 2026). restarting in 3s...
[tunnel] exited (Thu Jul 30 11:01:25 PM IST 2026). restarting in 3s...
[tunnel] exited (Thu Jul 30 11:01:37 PM IST 2026). restarting in 3s...
[tunnel] exited (Thu Jul 30 11:01:40 PM IST 2026). restarting in 3s...
[tunnel] exited (Thu Jul 30 11:01:41 PM IST 2026). restarting in 3s...
[tunnel] exited (Thu Jul 30 11:01:41 PM IST 2026). restarting in 3s...
[tunnel] exited (Thu Jul 30 11:01:43 PM IST 2026). restarting in 3s...
[tunnel] exited (Thu Jul 30 11:01:44 PM IST 2026). restarting in 3s...
[tunnel] exited (Thu Jul 30 11:01:48 PM IST 2026). restarting in 3s...
[tunnel] exited (Thu Jul 30 11:02:00 PM IST 2026). restarting in 3s...
[tunnel] exited (Thu Jul 30 11:02:03 PM IST 2026). restarting in 3s...
[tunnel] exited (Thu Jul 30 11:02:04 PM IST 2026). restarting in 3s...
[tunnel] exited (Thu Jul 30 11:02:04 PM IST 2026). restarting in 3s...
[tunnel] exited (Thu Jul 30 11:02:06 PM IST 2026). restarting in 3s...
[tunnel] exited (Thu Jul 30 11:02:07 PM IST 2026). restarting in 3s...
[tunnel] exited (Thu Jul 30 11:02:11 PM IST 2026). restarting in 3s...
[tunnel] exited (Thu Jul 30 11:02:23 PM IST 2026). restarting in 3s...
[tunnel] exited (Thu Jul 30 11:02:26 PM IST 2026). restarting in 3s...
[tunnel] exited (Thu Jul 30 11:02:27 PM IST 2026). restarting in 3s...
[tunnel] exited (Thu Jul 30 11:02:27 PM IST 2026). restarting in 3s...
[tunnel] exited (Thu Jul 30 11:02:29 PM IST 2026). restarting in 3s...
[tunnel] exited (Thu Jul 30 11:02:30 PM IST 2026). restarting in 3s...
[tunnel] exited (Thu Jul 30 11:02:34 PM IST 2026). restarting in 3s...
[tunnel] exited (Thu Jul 30 11:02:46 PM IST 2026). restarting in 3s...
[tunnel] exited (Thu Jul 30 11:02:50 PM IST 2026). restarting in 3s...
[tunnel] exited (Thu Jul 30 11:02:50 PM IST 2026). restarting in 3s...
[tunnel] exited (Thu Jul 30 11:02:50 PM IST 2026). restarting in 3s...
[tunnel] exited (Thu Jul 30 11:02:52 PM IST 2026). restarting in 3s...
[tunnel] exited (Thu Jul 30 11:02:53 PM IST 2026). restarting in 3s...
[tunnel] exited (Thu Jul 30 11:02:58 PM IST 2026). restarting in 3s...
[tunnel] exited (Thu Jul 30 11:03:09 PM IST 2026). restarting in 3s...
[tunnel] exited (Thu Jul 30 11:03:13 PM IST 2026). restarting in 3s...
[tunnel] exited (Thu Jul 30 11:03:13 PM IST 2026). restarting in 3s...
[tunnel] exited (Thu Jul 30 11:03:13 PM IST 2026). restarting in 3s...
[tunnel] exited (Thu Jul 30 11:03:15 PM IST 2026). restarting in 3s...
[tunnel] exited (Thu Jul 30 11:03:16 PM IST 2026). restarting in 3s...
[tunnel] exited (Thu Jul 30 11:03:21 PM IST 2026). restarting in 3s...
[tunnel] exited (Thu Jul 30 11:03:32 PM IST 2026). restarting in 3s...
[tunnel] exited (Thu Jul 30 11:03:36 PM IST 2026). restarting in 3s...
[tunnel] exited (Thu Jul 30 11:03:36 PM IST 2026). restarting in 3s...
[tunnel] exited (Thu Jul 30 11:03:36 PM IST 2026). restarting in 3s...
[tunnel] exited (Thu Jul 30 11:03:38 PM IST 2026). restarting in 3s...
[tunnel] exited (Thu Jul 30 11:03:39 PM IST 2026). restarting in 3s...
[tunnel] exited (Thu Jul 30 11:03:44 PM IST 2026). restarting in 3s...
[tunnel] exited (Thu Jul 30 11:03:56 PM IST 2026). restarting in 3s...
[tunnel] exited (Thu Jul 30 11:03:59 PM IST 2026). restarting in 3s...
[tunnel] exited (Thu Jul 30 11:04:00 PM IST 2026). restarting in 3s...
[tunnel] exited (Thu Jul 30 11:04:00 PM IST 2026). restarting in 3s...
[tunnel] exited (Thu Jul 30 11:04:02 PM IST 2026). restarting in 3s...
[tunnel] exited (Thu Jul 30 11:04:03 PM IST 2026). restarting in 3s...
[tunnel] exited (Thu Jul 30 11:04:07 PM IST 2026). restarting in 3s...
[tunnel] exited (Thu Jul 30 11:04:19 PM IST 2026). restarting in 3s...
[tunnel] exited (Thu Jul 30 11:04:22 PM IST 2026). restarting in 3s...
[tunnel] exited (Thu Jul 30 11:04:23 PM IST 2026). restarting in 3s...
[tunnel] exited (Thu Jul 30 11:04:23 PM IST 2026). restarting in 3s...
[tunnel] exited (Thu Jul 30 11:04:25 PM IST 2026). restarting in 3s...
[tunnel] exited (Thu Jul 30 11:04:26 PM IST 2026). restarting in 3s...
[tunnel] exited (Thu Jul 30 11:04:30 PM IST 2026). restarting in 3s...
[tunnel] exited (Thu Jul 30 11:04:42 PM IST 2026). restarting in 3s...
[tunnel] exited (Thu Jul 30 11:04:45 PM IST 2026). restarting in 3s...
[tunnel] exited (Thu Jul 30 11:04:46 PM IST 2026). restarting in 3s...
[tunnel] exited (Thu Jul 30 11:04:46 PM IST 2026). restarting in 3s...
[tunnel] exited (Thu Jul 30 11:04:48 PM IST 2026). restarting in 3s...
[tunnel] exited (Thu Jul 30 11:04:49 PM IST 2026). restarting in 3s...
[tunnel] exited (Thu Jul 30 11:04:53 PM IST 2026). restarting in 3s...
[tunnel] exited (Thu Jul 30 11:05:05 PM IST 2026). restarting in 3s...
[tunnel] exited (Thu Jul 30 11:05:08 PM IST 2026). restarting in 3s...
[tunnel] exited (Thu Jul 30 11:05:09 PM IST 2026). restarting in 3s...
[tunnel] exited (Thu Jul 30 11:05:09 PM IST 2026). restarting in 3s...
[tunnel] exited (Thu Jul 30 11:05:11 PM IST 2026). restarting in 3s...
[tunnel] exited (Thu Jul 30 11:05:12 PM IST 2026). restarting in 3s...
[tunnel] exited (Thu Jul 30 11:05:16 PM IST 2026). restarting in 3s...
[tunnel] exited (Thu Jul 30 11:05:28 PM IST 2026). restarting in 3s...
[tunnel] exited (Thu Jul 30 11:05:31 PM IST 2026). restarting in 3s...
[tunnel] exited (Thu Jul 30 11:05:32 PM IST 2026). restarting in 3s...
[tunnel] exited (Thu Jul 30 11:05:32 PM IST 2026). restarting in 3s...
[tunnel] exited (Thu Jul 30 11:05:34 PM IST 2026). restarting in 3s...
[tunnel] exited (Thu Jul 30 11:05:35 PM IST 2026). restarting in 3s...
[tunnel] exited (Thu Jul 30 11:05:39 PM IST 2026). restarting in 3s...
[tunnel] exited (Thu Jul 30 11:05:51 PM IST 2026). restarting in 3s...
[tunnel] exited (Thu Jul 30 11:05:54 PM IST 2026). restarting in 3s...
[tunnel] exited (Thu Jul 30 11:05:55 PM IST 2026). restarting in 3s...
[tunnel] exited (Thu Jul 30 11:05:55 PM IST 2026). restarting in 3s...
[tunnel] exited (Thu Jul 30 11:05:57 PM IST 2026). restarting in 3s...
[tunnel] exited (Thu Jul 30 11:05:58 PM IST 2026). restarting in 3s...
[tunnel] exited (Thu Jul 30 11:06:02 PM IST 2026). restarting in 3s...
[tunnel] exited (Thu Jul 30 11:06:14 PM IST 2026). restarting in 3s...
[tunnel] exited (Thu Jul 30 11:06:17 PM IST 2026). restarting in 3s...
[tunnel] exited (Thu Jul 30 11:06:18 PM IST 2026). restarting in 3s...
[tunnel] exited (Thu Jul 30 11:06:18 PM IST 2026). restarting in 3s...
[tunnel] exited (Thu Jul 30 11:06:20 PM IST 2026). restarting in 3s...
[tunnel] exited (Thu Jul 30 11:06:21 PM IST 2026). restarting in 3s...
[tunnel] exited (Thu Jul 30 11:06:26 PM IST 2026). restarting in 3s...
[tunnel] exited (Thu Jul 30 11:06:37 PM IST 2026). restarting in 3s...
[tunnel] exited (Thu Jul 30 11:06:41 PM IST 2026). restarting in 3s...
[tunnel] exited (Thu Jul 30 11:06:41 PM IST 2026). restarting in 3s...
[tunnel] exited (Thu Jul 30 11:06:41 PM IST 2026). restarting in 3s...
[tunnel] exited (Thu Jul 30 11:06:43 PM IST 2026). restarting in 3s...
[tunnel] exited (Thu Jul 30 11:06:44 PM IST 2026). restarting in 3s...
[tunnel] exited (Thu Jul 30 11:06:49 PM IST 2026). restarting in 3s...
[tunnel] exited (Thu Jul 30 11:07:00 PM IST 2026). restarting in 3s...
[tunnel] exited (Thu Jul 30 11:07:04 PM IST 2026). restarting in 3s...
[tunnel] exited (Thu Jul 30 11:07:04 PM IST 2026). restarting in 3s...
[tunnel] exited (Thu Jul 30 11:07:04 PM IST 2026). restarting in 3s...
[tunnel] exited (Thu Jul 30 11:07:07 PM IST 2026). restarting in 3s...
[tunnel] exited (Thu Jul 30 11:07:08 PM IST 2026). restarting in 3s...
[tunnel] exited (Thu Jul 30 11:07:12 PM IST 2026). restarting in 3s...
[tunnel] exited (Thu Jul 30 11:07:24 PM IST 2026). restarting in 3s...
[tunnel] exited (Thu Jul 30 11:07:27 PM IST 2026). restarting in 3s...
[tunnel] exited (Thu Jul 30 11:07:28 PM IST 2026). restarting in 3s...
[tunnel] exited (Thu Jul 30 11:07:28 PM IST 2026). restarting in 3s...
[tunnel] exited (Thu Jul 30 11:07:30 PM IST 2026). restarting in 3s...
[tunnel] exited (Thu Jul 30 11:07:31 PM IST 2026). restarting in 3s...
[tunnel] exited (Thu Jul 30 11:07:35 PM IST 2026). restarting in 3s...
[tunnel] exited (Thu Jul 30 11:07:47 PM IST 2026). restarting in 3s...
[tunnel] exited (Thu Jul 30 11:07:50 PM IST 2026). restarting in 3s...
[tunnel] exited (Thu Jul 30 11:07:51 PM IST 2026). restarting in 3s...
[tunnel] exited (Thu Jul 30 11:07:51 PM IST 2026). restarting in 3s...
[tunnel] exited (Thu Jul 30 11:07:53 PM IST 2026). restarting in 3s...
[tunnel] exited (Thu Jul 30 11:07:54 PM IST 2026). restarting in 3s...
[tunnel] exited (Thu Jul 30 11:07:58 PM IST 2026). restarting in 3s...
[tunnel] exited (Thu Jul 30 11:08:10 PM IST 2026). restarting in 3s...
[tunnel] exited (Thu Jul 30 11:08:13 PM IST 2026). restarting in 3s...
[tunnel] exited (Thu Jul 30 11:08:14 PM IST 2026). restarting in 3s...
[tunnel] exited (Thu Jul 30 11:08:14 PM IST 2026). restarting in 3s...
[tunnel] exited (Thu Jul 30 11:08:16 PM IST 2026). restarting in 3s...
[tunnel] exited (Thu Jul 30 11:08:17 PM IST 2026). restarting in 3s...
[tunnel] exited (Thu Jul 30 11:08:21 PM IST 2026). restarting in 3s...
[tunnel] exited (Thu Jul 30 11:08:33 PM IST 2026). restarting in 3s...
[tunnel] exited (Thu Jul 30 11:08:36 PM IST 2026). restarting in 3s...
[tunnel] exited (Thu Jul 30 11:08:37 PM IST 2026). restarting in 3s...
[tunnel] exited (Thu Jul 30 11:08:37 PM IST 2026). restarting in 3s...
[tunnel] exited (Thu Jul 30 11:08:39 PM IST 2026). restarting in 3s...
[tunnel] exited (Thu Jul 30 11:08:40 PM IST 2026). restarting in 3s...
[tunnel] exited (Thu Jul 30 11:08:44 PM IST 2026). restarting in 3s...
[tunnel] exited (Thu Jul 30 11:08:56 PM IST 2026). restarting in 3s...
[tunnel] exited (Thu Jul 30 11:08:59 PM IST 2026). restarting in 3s...
[tunnel] exited (Thu Jul 30 11:09:00 PM IST 2026). restarting in 3s...
[tunnel] exited (Thu Jul 30 11:09:00 PM IST 2026). restarting in 3s...
[tunnel] exited (Thu Jul 30 11:09:02 PM IST 2026). restarting in 3s...
[tunnel] exited (Thu Jul 30 11:09:03 PM IST 2026). restarting in 3s...
[tunnel] exited (Thu Jul 30 11:09:07 PM IST 2026). restarting in 3s...
[tunnel] exited (Thu Jul 30 11:09:19 PM IST 2026). restarting in 3s...
[tunnel] exited (Thu Jul 30 11:09:22 PM IST 2026). restarting in 3s...
[tunnel] exited (Thu Jul 30 11:09:23 PM IST 2026). restarting in 3s...
[tunnel] exited (Thu Jul 30 11:09:23 PM IST 2026). restarting in 3s...
[tunnel] exited (Thu Jul 30 11:09:25 PM IST 2026). restarting in 3s...
[tunnel] exited (Thu Jul 30 11:09:26 PM IST 2026). restarting in 3s...
[tunnel] exited (Thu Jul 30 11:09:30 PM IST 2026). restarting in 3s...
[tunnel] exited (Thu Jul 30 11:09:42 PM IST 2026). restarting in 3s...
[tunnel] exited (Thu Jul 30 11:09:45 PM IST 2026). restarting in 3s...
[tunnel] exited (Thu Jul 30 11:09:46 PM IST 2026). restarting in 3s...
[tunnel] exited (Thu Jul 30 11:09:46 PM IST 2026). restarting in 3s...
[tunnel] exited (Thu Jul 30 11:09:48 PM IST 2026). restarting in 3s...
[tunnel] exited (Thu Jul 30 11:09:49 PM IST 2026). restarting in 3s...
[tunnel] exited (Thu Jul 30 11:09:54 PM IST 2026). restarting in 3s...
[tunnel] exited (Thu Jul 30 11:10:05 PM IST 2026). restarting in 3s...
[tunnel] exited (Thu Jul 30 11:10:09 PM IST 2026). restarting in 3s...
[tunnel] exited (Thu Jul 30 11:10:09 PM IST 2026). restarting in 3s...
[tunnel] exited (Thu Jul 30 11:10:09 PM IST 2026). restarting in 3s...
[tunnel] exited (Thu Jul 30 11:10:11 PM IST 2026). restarting in 3s...
[tunnel] exited (Thu Jul 30 11:10:12 PM IST 2026). restarting in 3s...
[tunnel] exited (Thu Jul 30 11:10:17 PM IST 2026). restarting in 3s...
[tunnel] exited (Thu Jul 30 11:10:28 PM IST 2026). restarting in 3s...
[tunnel] exited (Thu Jul 30 11:10:32 PM IST 2026). restarting in 3s...
[tunnel] exited (Thu Jul 30 11:10:32 PM IST 2026). restarting in 3s...
[tunnel] exited (Thu Jul 30 11:10:32 PM IST 2026). restarting in 3s...
[tunnel] exited (Thu Jul 30 11:10:34 PM IST 2026). restarting in 3s...
[tunnel] exited (Thu Jul 30 11:10:35 PM IST 2026). restarting in 3s...
[tunnel] exited (Thu Jul 30 11:10:40 PM IST 2026). restarting in 3s...
[tunnel] exited (Thu Jul 30 11:10:51 PM IST 2026). restarting in 3s...
[tunnel] exited (Thu Jul 30 11:10:55 PM IST 2026). restarting in 3s...
[tunnel] exited (Thu Jul 30 11:10:56 PM IST 2026). restarting in 3s...
[tunnel] exited (Thu Jul 30 11:10:56 PM IST 2026). restarting in 3s...
[tunnel] exited (Thu Jul 30 11:10:58 PM IST 2026). restarting in 3s...
[tunnel] exited (Thu Jul 30 11:10:59 PM IST 2026). restarting in 3s...
[tunnel] exited (Thu Jul 30 11:11:03 PM IST 2026). restarting in 3s...
[tunnel] exited (Thu Jul 30 11:11:15 PM IST 2026). restarting in 3s...
[tunnel] exited (Thu Jul 30 11:11:18 PM IST 2026). restarting in 3s...
[tunnel] exited (Thu Jul 30 11:11:19 PM IST 2026). restarting in 3s...
[tunnel] exited (Thu Jul 30 11:11:19 PM IST 2026). restarting in 3s...
[tunnel] exited (Thu Jul 30 11:11:21 PM IST 2026). restarting in 3s...
[tunnel] exited (Thu Jul 30 11:11:22 PM IST 2026). restarting in 3s...
[tunnel] exited (Thu Jul 30 11:11:26 PM IST 2026). restarting in 3s...
[tunnel] exited (Thu Jul 30 11:11:38 PM IST 2026). restarting in 3s...
[tunnel] exited (Thu Jul 30 11:11:41 PM IST 2026). restarting in 3s...
[tunnel] exited (Thu Jul 30 11:11:42 PM IST 2026). restarting in 3s...
[tunnel] exited (Thu Jul 30 11:11:42 PM IST 2026). restarting in 3s...
[tunnel] exited (Thu Jul 30 11:11:44 PM IST 2026). restarting in 3s...
[tunnel] exited (Thu Jul 30 11:11:45 PM IST 2026). restarting in 3s...
[tunnel] exited (Thu Jul 30 11:11:49 PM IST 2026). restarting in 3s...
[tunnel] exited (Thu Jul 30 11:12:01 PM IST 2026). restarting in 3s...
[tunnel] exited (Thu Jul 30 11:12:04 PM IST 2026). restarting in 3s...
[tunnel] exited (Thu Jul 30 11:12:05 PM IST 2026). restarting in 3s...
[tunnel] exited (Thu Jul 30 11:12:05 PM IST 2026). restarting in 3s...
[tunnel] exited (Thu Jul 30 11:12:07 PM IST 2026). restarting in 3s...
[tunnel] exited (Thu Jul 30 11:12:08 PM IST 2026). restarting in 3s...
[tunnel] exited (Thu Jul 30 11:12:12 PM IST 2026). restarting in 3s...
[tunnel] exited (Thu Jul 30 11:12:24 PM IST 2026). restarting in 3s...
[tunnel] exited (Thu Jul 30 11:12:27 PM IST 2026). restarting in 3s...
[tunnel] exited (Thu Jul 30 11:12:28 PM IST 2026). restarting in 3s...
[tunnel] exited (Thu Jul 30 11:12:28 PM IST 2026). restarting in 3s...
[tunnel] exited (Thu Jul 30 11:12:30 PM IST 2026). restarting in 3s...
[tunnel] exited (Thu Jul 30 11:12:31 PM IST 2026). restarting in 3s...
[tunnel] exited (Thu Jul 30 11:12:35 PM IST 2026). restarting in 3s...
[tunnel] exited (Thu Jul 30 11:12:47 PM IST 2026). restarting in 3s...
[tunnel] exited (Thu Jul 30 11:12:50 PM IST 2026). restarting in 3s...
[tunnel] exited (Thu Jul 30 11:12:51 PM IST 2026). restarting in 3s...
[tunnel] exited (Thu Jul 30 11:12:51 PM IST 2026). restarting in 3s...
[tunnel] exited (Thu Jul 30 11:12:53 PM IST 2026). restarting in 3s...
[tunnel] exited (Thu Jul 30 11:12:54 PM IST 2026). restarting in 3s...
[tunnel] exited (Thu Jul 30 11:12:58 PM IST 2026). restarting in 3s...
[tunnel] exited (Thu Jul 30 11:13:10 PM IST 2026). restarting in 3s...
[tunnel] exited (Thu Jul 30 11:13:13 PM IST 2026). restarting in 3s...
[tunnel] exited (Thu Jul 30 11:13:14 PM IST 2026). restarting in 3s...
[tunnel] exited (Thu Jul 30 11:13:14 PM IST 2026). restarting in 3s...
[tunnel] exited (Thu Jul 30 11:13:16 PM IST 2026). restarting in 3s...
[tunnel] exited (Thu Jul 30 11:13:17 PM IST 2026). restarting in 3s...
[tunnel] exited (Thu Jul 30 11:13:21 PM IST 2026). restarting in 3s...
[tunnel] exited (Thu Jul 30 11:13:33 PM IST 2026). restarting in 3s...
[tunnel] exited (Thu Jul 30 11:13:37 PM IST 2026). restarting in 3s...
[tunnel] exited (Thu Jul 30 11:13:37 PM IST 2026). restarting in 3s...
[tunnel] exited (Thu Jul 30 11:13:37 PM IST 2026). restarting in 3s...
[tunnel] exited (Thu Jul 30 11:13:39 PM IST 2026). restarting in 3s...
[tunnel] exited (Thu Jul 30 11:13:40 PM IST 2026). restarting in 3s...
[tunnel] exited (Thu Jul 30 11:13:45 PM IST 2026). restarting in 3s...
[tunnel] exited (Thu Jul 30 11:13:56 PM IST 2026). restarting in 3s...
[tunnel] exited (Thu Jul 30 11:14:00 PM IST 2026). restarting in 3s...
[tunnel] exited (Thu Jul 30 11:14:00 PM IST 2026). restarting in 3s...
[tunnel] exited (Thu Jul 30 11:14:00 PM IST 2026). restarting in 3s...
[tunnel] exited (Thu Jul 30 11:14:02 PM IST 2026). restarting in 3s...
[tunnel] exited (Thu Jul 30 11:14:03 PM IST 2026). restarting in 3s...
[tunnel] exited (Thu Jul 30 11:14:08 PM IST 2026). restarting in 3s...
[tunnel] exited (Thu Jul 30 11:14:19 PM IST 2026). restarting in 3s...
[tunnel] exited (Thu Jul 30 11:14:23 PM IST 2026). restarting in 3s...
[tunnel] exited (Thu Jul 30 11:14:23 PM IST 2026). restarting in 3s...
[tunnel] exited (Thu Jul 30 11:14:24 PM IST 2026). restarting in 3s...
[tunnel] exited (Thu Jul 30 11:14:26 PM IST 2026). restarting in 3s...
[tunnel] exited (Thu Jul 30 11:14:26 PM IST 2026). restarting in 3s...
[tunnel] exited (Thu Jul 30 11:14:31 PM IST 2026). restarting in 3s...
[tunnel] exited (Thu Jul 30 11:14:43 PM IST 2026). restarting in 3s...
[tunnel] exited (Thu Jul 30 11:14:46 PM IST 2026). restarting in 3s...
[tunnel] exited (Thu Jul 30 11:14:47 PM IST 2026). restarting in 3s...
[tunnel] exited (Thu Jul 30 11:14:47 PM IST 2026). restarting in 3s...
[tunnel] exited (Thu Jul 30 11:14:49 PM IST 2026). restarting in 3s...
[tunnel] exited (Thu Jul 30 11:14:50 PM IST 2026). restarting in 3s...
[tunnel] exited (Thu Jul 30 11:14:54 PM IST 2026). restarting in 3s...
[tunnel] exited (Thu Jul 30 11:15:06 PM IST 2026). restarting in 3s...
[tunnel] exited (Thu Jul 30 11:15:09 PM IST 2026). restarting in 3s...
[tunnel] exited (Thu Jul 30 11:15:10 PM IST 2026). restarting in 3s...
[tunnel] exited (Thu Jul 30 11:15:10 PM IST 2026). restarting in 3s...
[tunnel] exited (Thu Jul 30 11:15:12 PM IST 2026). restarting in 3s...
[tunnel] exited (Thu Jul 30 11:15:13 PM IST 2026). restarting in 3s...
[tunnel] exited (Thu Jul 30 11:15:17 PM IST 2026). restarting in 3s...
[tunnel] exited (Thu Jul 30 11:15:29 PM IST 2026). restarting in 3s...
[tunnel] exited (Thu Jul 30 11:15:32 PM IST 2026). restarting in 3s...
[tunnel] exited (Thu Jul 30 11:15:33 PM IST 2026). restarting in 3s...
[tunnel] exited (Thu Jul 30 11:15:33 PM IST 2026). restarting in 3s...
[tunnel] exited (Thu Jul 30 11:15:35 PM IST 2026). restarting in 3s...
[tunnel] exited (Thu Jul 30 11:15:36 PM IST 2026). restarting in 3s...
[tunnel] exited (Thu Jul 30 11:15:40 PM IST 2026). restarting in 3s...
[tunnel] exited (Thu Jul 30 11:15:52 PM IST 2026). restarting in 3s...
[tunnel] exited (Thu Jul 30 11:15:55 PM IST 2026). restarting in 3s...
[tunnel] exited (Thu Jul 30 11:15:56 PM IST 2026). restarting in 3s...
[tunnel] exited (Thu Jul 30 11:15:56 PM IST 2026). restarting in 3s...
[tunnel] exited (Thu Jul 30 11:15:58 PM IST 2026). restarting in 3s...
[tunnel] exited (Thu Jul 30 11:15:59 PM IST 2026). restarting in 3s...
[tunnel] exited (Thu Jul 30 11:16:03 PM IST 2026). restarting in 3s...
[tunnel] exited (Thu Jul 30 11:16:15 PM IST 2026). restarting in 3s...
[tunnel] exited (Thu Jul 30 11:16:18 PM IST 2026). restarting in 3s...
[tunnel] exited (Thu Jul 30 11:16:19 PM IST 2026). restarting in 3s...
[tunnel] exited (Thu Jul 30 11:16:19 PM IST 2026). restarting in 3s...
[tunnel] exited (Thu Jul 30 11:16:21 PM IST 2026). restarting in 3s...
[tunnel] exited (Thu Jul 30 11:16:22 PM IST 2026). restarting in 3s...
[tunnel] exited (Thu Jul 30 11:16:26 PM IST 2026). restarting in 3s...
[tunnel] exited (Thu Jul 30 11:16:38 PM IST 2026). restarting in 3s...
[tunnel] exited (Thu Jul 30 11:16:41 PM IST 2026). restarting in 3s...
[tunnel] exited (Thu Jul 30 11:16:42 PM IST 2026). restarting in 3s...
[tunnel] exited (Thu Jul 30 11:16:42 PM IST 2026). restarting in 3s...
[tunnel] exited (Thu Jul 30 11:16:44 PM IST 2026). restarting in 3s...
[tunnel] exited (Thu Jul 30 11:16:45 PM IST 2026). restarting in 3s...
[tunnel] exited (Thu Jul 30 11:16:49 PM IST 2026). restarting in 3s...
[tunnel] exited (Thu Jul 30 11:17:01 PM IST 2026). restarting in 3s...
[tunnel] exited (Thu Jul 30 11:17:04 PM IST 2026). restarting in 3s...
[tunnel] exited (Thu Jul 30 11:17:05 PM IST 2026). restarting in 3s...
[tunnel] exited (Thu Jul 30 11:17:05 PM IST 2026). restarting in 3s...
[tunnel] exited (Thu Jul 30 11:17:07 PM IST 2026). restarting in 3s...
[tunnel] exited (Thu Jul 30 11:17:08 PM IST 2026). restarting in 3s...
[tunnel] exited (Thu Jul 30 11:17:12 PM IST 2026). restarting in 3s...
[tunnel] exited (Thu Jul 30 11:17:24 PM IST 2026). restarting in 3s...
[tunnel] exited (Thu Jul 30 11:17:28 PM IST 2026). restarting in 3s...
[tunnel] exited (Thu Jul 30 11:17:28 PM IST 2026). restarting in 3s...
[tunnel] exited (Thu Jul 30 11:17:28 PM IST 2026). restarting in 3s...
[tunnel] exited (Thu Jul 30 11:17:30 PM IST 2026). restarting in 3s...
[tunnel] exited (Thu Jul 30 11:17:31 PM IST 2026). restarting in 3s...
[tunnel] exited (Thu Jul 30 11:17:36 PM IST 2026). restarting in 3s...
[tunnel] exited (Thu Jul 30 11:17:47 PM IST 2026). restarting in 3s...
[tunnel] exited (Thu Jul 30 11:17:51 PM IST 2026). restarting in 3s...
[tunnel] exited (Thu Jul 30 11:17:51 PM IST 2026). restarting in 3s...
[tunnel] exited (Thu Jul 30 11:17:51 PM IST 2026). restarting in 3s...
[tunnel] exited (Thu Jul 30 11:17:53 PM IST 2026). restarting in 3s...
[tunnel] exited (Thu Jul 30 11:17:54 PM IST 2026). restarting in 3s...
[tunnel] exited (Thu Jul 30 11:17:59 PM IST 2026). restarting in 3s...
[tunnel] exited (Thu Jul 30 11:18:10 PM IST 2026). restarting in 3s...
[tunnel] exited (Thu Jul 30 11:18:14 PM IST 2026). restarting in 3s...
[tunnel] exited (Thu Jul 30 11:18:14 PM IST 2026). restarting in 3s...
[tunnel] exited (Thu Jul 30 11:18:15 PM IST 2026). restarting in 3s...
[tunnel] exited (Thu Jul 30 11:18:17 PM IST 2026). restarting in 3s...
[tunnel] exited (Thu Jul 30 11:18:17 PM IST 2026). restarting in 3s...
[tunnel] exited (Thu Jul 30 11:18:22 PM IST 2026). restarting in 3s...
[tunnel] exited (Thu Jul 30 11:18:34 PM IST 2026). restarting in 3s...
[tunnel] exited (Thu Jul 30 11:18:37 PM IST 2026). restarting in 3s...
[tunnel] exited (Thu Jul 30 11:18:38 PM IST 2026). restarting in 3s...
[tunnel] exited (Thu Jul 30 11:18:38 PM IST 2026). restarting in 3s...
[tunnel] exited (Thu Jul 30 11:18:40 PM IST 2026). restarting in 3s...
[tunnel] exited (Thu Jul 30 11:18:41 PM IST 2026). restarting in 3s...
[tunnel] exited (Thu Jul 30 11:18:45 PM IST 2026). restarting in 3s...
[tunnel] exited (Thu Jul 30 11:18:57 PM IST 2026). restarting in 3s...
[tunnel] exited (Thu Jul 30 11:19:00 PM IST 2026). restarting in 3s...
[tunnel] exited (Thu Jul 30 11:19:01 PM IST 2026). restarting in 3s...
[tunnel] exited (Thu Jul 30 11:19:01 PM IST 2026). restarting in 3s...
[tunnel] exited (Thu Jul 30 11:19:03 PM IST 2026). restarting in 3s...
[tunnel] exited (Thu Jul 30 11:19:04 PM IST 2026). restarting in 3s...
[tunnel] exited (Thu Jul 30 11:19:08 PM IST 2026). restarting in 3s...
[tunnel] exited (Thu Jul 30 11:19:20 PM IST 2026). restarting in 3s...
[tunnel] exited (Thu Jul 30 11:19:23 PM IST 2026). restarting in 3s...
[tunnel] exited (Thu Jul 30 11:19:24 PM IST 2026). restarting in 3s...
[tunnel] exited (Thu Jul 30 11:19:24 PM IST 2026). restarting in 3s...
[tunnel] exited (Thu Jul 30 11:19:26 PM IST 2026). restarting in 3s...
[tunnel] exited (Thu Jul 30 11:19:27 PM IST 2026). restarting in 3s...
[tunnel] exited (Thu Jul 30 11:19:31 PM IST 2026). restarting in 3s...
[tunnel] exited (Thu Jul 30 11:19:43 PM IST 2026). restarting in 3s...
[tunnel] exited (Thu Jul 30 11:19:46 PM IST 2026). restarting in 3s...
[tunnel] exited (Thu Jul 30 11:19:47 PM IST 2026). restarting in 3s...
[tunnel] exited (Thu Jul 30 11:19:47 PM IST 2026). restarting in 3s...
[tunnel] exited (Thu Jul 30 11:19:49 PM IST 2026). restarting in 3s...
[tunnel] exited (Thu Jul 30 11:19:50 PM IST 2026). restarting in 3s...
[tunnel] exited (Thu Jul 30 11:19:54 PM IST 2026). restarting in 3s...
[tunnel] exited (Thu Jul 30 11:20:06 PM IST 2026). restarting in 3s...
[tunnel] exited (Thu Jul 30 11:20:09 PM IST 2026). restarting in 3s...
[tunnel] exited (Thu Jul 30 11:20:10 PM IST 2026). restarting in 3s...
[tunnel] exited (Thu Jul 30 11:20:10 PM IST 2026). restarting in 3s...
[tunnel] exited (Thu Jul 30 11:20:12 PM IST 2026). restarting in 3s...
[tunnel] exited (Thu Jul 30 11:20:13 PM IST 2026). restarting in 3s...
[tunnel] exited (Thu Jul 30 11:20:17 PM IST 2026). restarting in 3s...
[tunnel] exited (Thu Jul 30 11:20:29 PM IST 2026). restarting in 3s...
[tunnel] exited (Thu Jul 30 11:20:32 PM IST 2026). restarting in 3s...
[tunnel] exited (Thu Jul 30 11:20:33 PM IST 2026). restarting in 3s...
[tunnel] exited (Thu Jul 30 11:20:33 PM IST 2026). restarting in 3s...
[tunnel] exited (Thu Jul 30 11:20:35 PM IST 2026). restarting in 3s...
[tunnel] exited (Thu Jul 30 11:20:36 PM IST 2026). restarting in 3s...
[tunnel] exited (Thu Jul 30 11:20:40 PM IST 2026). restarting in 3s...
[tunnel] exited (Thu Jul 30 11:20:52 PM IST 2026). restarting in 3s...
[tunnel] exited (Thu Jul 30 11:20:56 PM IST 2026). restarting in 3s...
[tunnel] exited (Thu Jul 30 11:20:56 PM IST 2026). restarting in 3s...
[tunnel] exited (Thu Jul 30 11:20:56 PM IST 2026). restarting in 3s...
[tunnel] exited (Thu Jul 30 11:20:58 PM IST 2026). restarting in 3s...
[tunnel] exited (Thu Jul 30 11:20:59 PM IST 2026). restarting in 3s...
[tunnel] exited (Thu Jul 30 11:21:04 PM IST 2026). restarting in 3s...
[tunnel] exited (Thu Jul 30 11:21:15 PM IST 2026). restarting in 3s...
[tunnel] exited (Thu Jul 30 11:21:19 PM IST 2026). restarting in 3s...
[tunnel] exited (Thu Jul 30 11:21:19 PM IST 2026). restarting in 3s...
[tunnel] exited (Thu Jul 30 11:21:19 PM IST 2026). restarting in 3s...
[tunnel] exited (Thu Jul 30 11:21:21 PM IST 2026). restarting in 3s...
[tunnel] exited (Thu Jul 30 11:21:22 PM IST 2026). restarting in 3s...
[tunnel] exited (Thu Jul 30 11:21:27 PM IST 2026). restarting in 3s...
[tunnel] exited (Thu Jul 30 11:21:38 PM IST 2026). restarting in 3s...
[tunnel] exited (Thu Jul 30 11:21:42 PM IST 2026). restarting in 3s...
[tunnel] exited (Thu Jul 30 11:21:42 PM IST 2026). restarting in 3s...
[tunnel] exited (Thu Jul 30 11:21:42 PM IST 2026). restarting in 3s...
[tunnel] exited (Thu Jul 30 11:21:44 PM IST 2026). restarting in 3s...
[tunnel] exited (Thu Jul 30 11:21:45 PM IST 2026). restarting in 3s...
[tunnel] exited (Thu Jul 30 11:21:50 PM IST 2026). restarting in 3s...
[tunnel] exited (Thu Jul 30 11:22:02 PM IST 2026). restarting in 3s...
[tunnel] exited (Thu Jul 30 11:22:05 PM IST 2026). restarting in 3s...
[tunnel] exited (Thu Jul 30 11:22:06 PM IST 2026). restarting in 3s...
[tunnel] exited (Thu Jul 30 11:22:06 PM IST 2026). restarting in 3s...
[tunnel] exited (Thu Jul 30 11:22:08 PM IST 2026). restarting in 3s...
[tunnel] exited (Thu Jul 30 11:22:09 PM IST 2026). restarting in 3s...
[tunnel] exited (Thu Jul 30 11:22:13 PM IST 2026). restarting in 3s...
[tunnel] exited (Thu Jul 30 11:22:25 PM IST 2026). restarting in 3s...
[tunnel] exited (Thu Jul 30 11:22:28 PM IST 2026). restarting in 3s...
[tunnel] exited (Thu Jul 30 11:22:29 PM IST 2026). restarting in 3s...
[tunnel] exited (Thu Jul 30 11:22:29 PM IST 2026). restarting in 3s...
[tunnel] exited (Thu Jul 30 11:22:31 PM IST 2026). restarting in 3s...
[tunnel] exited (Thu Jul 30 11:22:32 PM IST 2026). restarting in 3s...
[tunnel] exited (Thu Jul 30 11:22:36 PM IST 2026). restarting in 3s...
[tunnel] exited (Thu Jul 30 11:22:48 PM IST 2026). restarting in 3s...
[tunnel] exited (Thu Jul 30 11:22:51 PM IST 2026). restarting in 3s...
[tunnel] exited (Thu Jul 30 11:22:52 PM IST 2026). restarting in 3s...
[tunnel] exited (Thu Jul 30 11:22:52 PM IST 2026). restarting in 3s...
[tunnel] exited (Thu Jul 30 11:22:54 PM IST 2026). restarting in 3s...
[tunnel] exited (Thu Jul 30 11:22:55 PM IST 2026). restarting in 3s...
[tunnel] exited (Thu Jul 30 11:22:59 PM IST 2026). restarting in 3s...
[tunnel] exited (Thu Jul 30 11:23:11 PM IST 2026). restarting in 3s...
[tunnel] exited (Thu Jul 30 11:23:14 PM IST 2026). restarting in 3s...
[tunnel] exited (Thu Jul 30 11:23:15 PM IST 2026). restarting in 3s...
[tunnel] exited (Thu Jul 30 11:23:15 PM IST 2026). restarting in 3s...
[tunnel] exited (Thu Jul 30 11:23:17 PM IST 2026). restarting in 3s...
[tunnel] exited (Thu Jul 30 11:23:18 PM IST 2026). restarting in 3s...
[tunnel] exited (Thu Jul 30 11:23:22 PM IST 2026). restarting in 3s...
[tunnel] exited (Thu Jul 30 11:23:34 PM IST 2026). restarting in 3s...
[tunnel] exited (Thu Jul 30 11:23:37 PM IST 2026). restarting in 3s...
[tunnel] exited (Thu Jul 30 11:23:38 PM IST 2026). restarting in 3s...
[tunnel] exited (Thu Jul 30 11:23:38 PM IST 2026). restarting in 3s...
[tunnel] exited (Thu Jul 30 11:23:40 PM IST 2026). restarting in 3s...
[tunnel] exited (Thu Jul 30 11:23:41 PM IST 2026). restarting in 3s...
[tunnel] exited (Thu Jul 30 11:23:45 PM IST 2026). restarting in 3s...
[tunnel] exited (Thu Jul 30 11:23:57 PM IST 2026). restarting in 3s...
[tunnel] exited (Thu Jul 30 11:24:01 PM IST 2026). restarting in 3s...
[tunnel] exited (Thu Jul 30 11:24:01 PM IST 2026). restarting in 3s...
[tunnel] exited (Thu Jul 30 11:24:01 PM IST 2026). restarting in 3s...
[tunnel] exited (Thu Jul 30 11:24:03 PM IST 2026). restarting in 3s...
[tunnel] exited (Thu Jul 30 11:24:04 PM IST 2026). restarting in 3s...
[tunnel] exited (Thu Jul 30 11:24:08 PM IST 2026). restarting in 3s...
[tunnel] exited (Thu Jul 30 11:24:20 PM IST 2026). restarting in 3s...
[tunnel] exited (Thu Jul 30 11:24:24 PM IST 2026). restarting in 3s...
[tunnel] exited (Thu Jul 30 11:24:24 PM IST 2026). restarting in 3s...
[tunnel] exited (Thu Jul 30 11:24:24 PM IST 2026). restarting in 3s...
[tunnel] exited (Thu Jul 30 11:24:26 PM IST 2026). restarting in 3s...
[tunnel] exited (Thu Jul 30 11:24:27 PM IST 2026). restarting in 3s...
[tunnel] exited (Thu Jul 30 11:24:32 PM IST 2026). restarting in 3s...
[tunnel] exited (Thu Jul 30 11:24:43 PM IST 2026). restarting in 3s...
[tunnel] exited (Thu Jul 30 11:24:47 PM IST 2026). restarting in 3s...
[tunnel] exited (Thu Jul 30 11:24:47 PM IST 2026). restarting in 3s...
[tunnel] exited (Thu Jul 30 11:24:47 PM IST 2026). restarting in 3s...
[tunnel] exited (Thu Jul 30 11:24:49 PM IST 2026). restarting in 3s...
[tunnel] exited (Thu Jul 30 11:24:50 PM IST 2026). restarting in 3s...
[tunnel] exited (Thu Jul 30 11:24:55 PM IST 2026). restarting in 3s...
[tunnel] exited (Thu Jul 30 11:25:06 PM IST 2026). restarting in 3s...
[tunnel] exited (Thu Jul 30 11:25:10 PM IST 2026). restarting in 3s...
[tunnel] exited (Thu Jul 30 11:25:10 PM IST 2026). restarting in 3s...
[tunnel] exited (Thu Jul 30 11:25:10 PM IST 2026). restarting in 3s...
[tunnel] exited (Thu Jul 30 11:25:12 PM IST 2026). restarting in 3s...
[tunnel] exited (Thu Jul 30 11:25:13 PM IST 2026). restarting in 3s...
[tunnel] exited (Thu Jul 30 11:25:18 PM IST 2026). restarting in 3s...
[tunnel] exited (Thu Jul 30 11:25:29 PM IST 2026). restarting in 3s...
[tunnel] exited (Thu Jul 30 11:25:33 PM IST 2026). restarting in 3s...
[tunnel] exited (Thu Jul 30 11:25:33 PM IST 2026). restarting in 3s...
[tunnel] exited (Thu Jul 30 11:25:34 PM IST 2026). restarting in 3s...
[tunnel] exited (Thu Jul 30 11:25:36 PM IST 2026). restarting in 3s...
[tunnel] exited (Thu Jul 30 11:25:37 PM IST 2026). restarting in 3s...
[tunnel] exited (Thu Jul 30 11:25:41 PM IST 2026). restarting in 3s...
[tunnel] exited (Thu Jul 30 11:25:53 PM IST 2026). restarting in 3s...
[tunnel] exited (Thu Jul 30 11:25:56 PM IST 2026). restarting in 3s...
[tunnel] exited (Thu Jul 30 11:25:57 PM IST 2026). restarting in 3s...
[tunnel] exited (Thu Jul 30 11:25:57 PM IST 2026). restarting in 3s...
[tunnel] exited (Thu Jul 30 11:25:59 PM IST 2026). restarting in 3s...
[tunnel] exited (Thu Jul 30 11:26:00 PM IST 2026). restarting in 3s...
[tunnel] exited (Thu Jul 30 11:26:04 PM IST 2026). restarting in 3s...
[tunnel] exited (Thu Jul 30 11:26:16 PM IST 2026). restarting in 3s...
[tunnel] exited (Thu Jul 30 11:26:19 PM IST 2026). restarting in 3s...
[tunnel] exited (Thu Jul 30 11:26:20 PM IST 2026). restarting in 3s...
[tunnel] exited (Thu Jul 30 11:26:20 PM IST 2026). restarting in 3s...
[tunnel] exited (Thu Jul 30 11:26:22 PM IST 2026). restarting in 3s...
[tunnel] exited (Thu Jul 30 11:26:23 PM IST 2026). restarting in 3s...
[tunnel] exited (Thu Jul 30 11:26:27 PM IST 2026). restarting in 3s...
[tunnel] exited (Thu Jul 30 11:26:39 PM IST 2026). restarting in 3s...
[tunnel] exited (Thu Jul 30 11:26:42 PM IST 2026). restarting in 3s...
[tunnel] exited (Thu Jul 30 11:26:43 PM IST 2026). restarting in 3s...
[tunnel] exited (Thu Jul 30 11:26:43 PM IST 2026). restarting in 3s...
[tunnel] exited (Thu Jul 30 11:26:45 PM IST 2026). restarting in 3s...
[tunnel] exited (Thu Jul 30 11:26:46 PM IST 2026). restarting in 3s...
[tunnel] exited (Thu Jul 30 11:26:50 PM IST 2026). restarting in 3s...
[tunnel] exited (Thu Jul 30 11:27:02 PM IST 2026). restarting in 3s...
[tunnel] exited (Thu Jul 30 11:27:05 PM IST 2026). restarting in 3s...
[tunnel] exited (Thu Jul 30 11:27:06 PM IST 2026). restarting in 3s...
[tunnel] exited (Thu Jul 30 11:27:06 PM IST 2026). restarting in 3s...
[tunnel] exited (Thu Jul 30 11:27:08 PM IST 2026). restarting in 3s...
[tunnel] exited (Thu Jul 30 11:27:09 PM IST 2026). restarting in 3s...
[tunnel] exited (Thu Jul 30 11:27:13 PM IST 2026). restarting in 3s...
[tunnel] exited (Thu Jul 30 11:27:25 PM IST 2026). restarting in 3s...
[tunnel] exited (Thu Jul 30 11:27:28 PM IST 2026). restarting in 3s...
[tunnel] exited (Thu Jul 30 11:27:29 PM IST 2026). restarting in 3s...
[tunnel] exited (Thu Jul 30 11:27:29 PM IST 2026). restarting in 3s...
[tunnel] exited (Thu Jul 30 11:27:31 PM IST 2026). restarting in 3s...
[tunnel] exited (Thu Jul 30 11:27:32 PM IST 2026). restarting in 3s...
[tunnel] exited (Thu Jul 30 11:27:36 PM IST 2026). restarting in 3s...
[tunnel] exited (Thu Jul 30 11:27:48 PM IST 2026). restarting in 3s...
[tunnel] exited (Thu Jul 30 11:27:51 PM IST 2026). restarting in 3s...
[tunnel] exited (Thu Jul 30 11:27:52 PM IST 2026). restarting in 3s...
[tunnel] exited (Thu Jul 30 11:27:52 PM IST 2026). restarting in 3s...
[tunnel] exited (Thu Jul 30 11:27:54 PM IST 2026). restarting in 3s...
[tunnel] exited (Thu Jul 30 11:27:55 PM IST 2026). restarting in 3s...
[tunnel] exited (Thu Jul 30 11:28:00 PM IST 2026). restarting in 3s...
[tunnel] exited (Thu Jul 30 11:28:11 PM IST 2026). restarting in 3s...
[tunnel] exited (Thu Jul 30 11:28:15 PM IST 2026). restarting in 3s...
[tunnel] exited (Thu Jul 30 11:28:15 PM IST 2026). restarting in 3s...
[tunnel] exited (Thu Jul 30 11:28:15 PM IST 2026). restarting in 3s...
[tunnel] exited (Thu Jul 30 11:28:17 PM IST 2026). restarting in 3s...
[tunnel] exited (Thu Jul 30 11:28:18 PM IST 2026). restarting in 3s...
[tunnel] exited (Thu Jul 30 11:28:23 PM IST 2026). restarting in 3s...
[tunnel] exited (Thu Jul 30 11:28:34 PM IST 2026). restarting in 3s...
[tunnel] exited (Thu Jul 30 11:28:38 PM IST 2026). restarting in 3s...
[tunnel] exited (Thu Jul 30 11:28:38 PM IST 2026). restarting in 3s...
[tunnel] exited (Thu Jul 30 11:28:38 PM IST 2026). restarting in 3s...
[tunnel] exited (Thu Jul 30 11:28:40 PM IST 2026). restarting in 3s...
[tunnel] exited (Thu Jul 30 11:28:41 PM IST 2026). restarting in 3s...
[tunnel] exited (Thu Jul 30 11:28:46 PM IST 2026). restarting in 3s...
[tunnel] exited (Thu Jul 30 11:28:57 PM IST 2026). restarting in 3s...
[tunnel] exited (Thu Jul 30 11:29:01 PM IST 2026). restarting in 3s...
[tunnel] exited (Thu Jul 30 11:29:01 PM IST 2026). restarting in 3s...
[tunnel] exited (Thu Jul 30 11:29:01 PM IST 2026). restarting in 3s...
[tunnel] exited (Thu Jul 30 11:29:03 PM IST 2026). restarting in 3s...
[tunnel] exited (Thu Jul 30 11:29:04 PM IST 2026). restarting in 3s...
[tunnel] exited (Thu Jul 30 11:29:09 PM IST 2026). restarting in 3s...
[tunnel] exited (Thu Jul 30 11:29:21 PM IST 2026). restarting in 3s...
[tunnel] exited (Thu Jul 30 11:29:24 PM IST 2026). restarting in 3s...
[tunnel] exited (Thu Jul 30 11:29:25 PM IST 2026). restarting in 3s...
[tunnel] exited (Thu Jul 30 11:29:25 PM IST 2026). restarting in 3s...
[tunnel] exited (Thu Jul 30 11:29:27 PM IST 2026). restarting in 3s...
[tunnel] exited (Thu Jul 30 11:29:28 PM IST 2026). restarting in 3s...
[tunnel] exited (Thu Jul 30 11:29:32 PM IST 2026). restarting in 3s...
[tunnel] exited (Thu Jul 30 11:29:44 PM IST 2026). restarting in 3s...
[tunnel] exited (Thu Jul 30 11:29:47 PM IST 2026). restarting in 3s...
[tunnel] exited (Thu Jul 30 11:29:48 PM IST 2026). restarting in 3s...
[tunnel] exited (Thu Jul 30 11:29:48 PM IST 2026). restarting in 3s...
[tunnel] exited (Thu Jul 30 11:29:50 PM IST 2026). restarting in 3s...
[tunnel] exited (Thu Jul 30 11:29:51 PM IST 2026). restarting in 3s...
[tunnel] exited (Thu Jul 30 11:29:55 PM IST 2026). restarting in 3s...
[tunnel] exited (Thu Jul 30 11:30:07 PM IST 2026). restarting in 3s...
[tunnel] exited (Thu Jul 30 11:30:10 PM IST 2026). restarting in 3s...
[tunnel] exited (Thu Jul 30 11:30:11 PM IST 2026). restarting in 3s...
[tunnel] exited (Thu Jul 30 11:30:11 PM IST 2026). restarting in 3s...
[tunnel] exited (Thu Jul 30 11:30:13 PM IST 2026). restarting in 3s...
[tunnel] exited (Thu Jul 30 11:30:14 PM IST 2026). restarting in 3s...
[tunnel] exited (Thu Jul 30 11:30:18 PM IST 2026). restarting in 3s...
[tunnel] exited (Thu Jul 30 11:30:30 PM IST 2026). restarting in 3s...
[tunnel] exited (Thu Jul 30 11:30:33 PM IST 2026). restarting in 3s...
[tunnel] exited (Thu Jul 30 11:30:34 PM IST 2026). restarting in 3s...
[tunnel] exited (Thu Jul 30 11:30:34 PM IST 2026). restarting in 3s...
[tunnel] exited (Thu Jul 30 11:30:36 PM IST 2026). restarting in 3s...
[tunnel] exited (Thu Jul 30 11:30:37 PM IST 2026). restarting in 3s...
[tunnel] exited (Thu Jul 30 11:30:41 PM IST 2026). restarting in 3s...
[tunnel] exited (Thu Jul 30 11:30:53 PM IST 2026). restarting in 3s...
[tunnel] exited (Thu Jul 30 11:30:56 PM IST 2026). restarting in 3s...
[tunnel] exited (Thu Jul 30 11:30:57 PM IST 2026). restarting in 3s...
[tunnel] exited (Thu Jul 30 11:30:57 PM IST 2026). restarting in 3s...
[tunnel] exited (Thu Jul 30 11:30:59 PM IST 2026). restarting in 3s...
[tunnel] exited (Thu Jul 30 11:31:00 PM IST 2026). restarting in 3s...
[tunnel] exited (Thu Jul 30 11:31:04 PM IST 2026). restarting in 3s...
[tunnel] exited (Thu Jul 30 11:31:16 PM IST 2026). restarting in 3s...
[tunnel] exited (Thu Jul 30 11:31:19 PM IST 2026). restarting in 3s...
[tunnel] exited (Thu Jul 30 11:31:20 PM IST 2026). restarting in 3s...
[tunnel] exited (Thu Jul 30 11:31:20 PM IST 2026). restarting in 3s...
[tunnel] exited (Thu Jul 30 11:31:22 PM IST 2026). restarting in 3s...
[tunnel] exited (Thu Jul 30 11:31:23 PM IST 2026). restarting in 3s...
[tunnel] exited (Thu Jul 30 11:31:27 PM IST 2026). restarting in 3s...
[tunnel] exited (Thu Jul 30 11:31:39 PM IST 2026). restarting in 3s...
[tunnel] exited (Thu Jul 30 11:31:42 PM IST 2026). restarting in 3s...
[tunnel] exited (Thu Jul 30 11:31:43 PM IST 2026). restarting in 3s...
[tunnel] exited (Thu Jul 30 11:31:43 PM IST 2026). restarting in 3s...
[tunnel] exited (Thu Jul 30 11:31:45 PM IST 2026). restarting in 3s...
[tunnel] exited (Thu Jul 30 11:31:46 PM IST 2026). restarting in 3s...
[tunnel] exited (Thu Jul 30 11:31:51 PM IST 2026). restarting in 3s...
[tunnel] exited (Thu Jul 30 11:32:02 PM IST 2026). restarting in 3s...
[tunnel] exited (Thu Jul 30 11:32:06 PM IST 2026). restarting in 3s...
[tunnel] exited (Thu Jul 30 11:32:06 PM IST 2026). restarting in 3s...
[tunnel] exited (Thu Jul 30 11:32:06 PM IST 2026). restarting in 3s...
[tunnel] exited (Thu Jul 30 11:32:08 PM IST 2026). restarting in 3s...
[tunnel] exited (Thu Jul 30 11:32:09 PM IST 2026). restarting in 3s...
[tunnel] exited (Thu Jul 30 11:32:14 PM IST 2026). restarting in 3s...
[tunnel] exited (Thu Jul 30 11:32:25 PM IST 2026). restarting in 3s...
[tunnel] exited (Thu Jul 30 11:32:29 PM IST 2026). restarting in 3s...
[tunnel] exited (Thu Jul 30 11:32:29 PM IST 2026). restarting in 3s...
[tunnel] exited (Thu Jul 30 11:32:29 PM IST 2026). restarting in 3s...
[tunnel] exited (Thu Jul 30 11:32:31 PM IST 2026). restarting in 3s...
[tunnel] exited (Thu Jul 30 11:32:32 PM IST 2026). restarting in 3s...
[tunnel] exited (Thu Jul 30 11:32:37 PM IST 2026). restarting in 3s...
[tunnel] exited (Thu Jul 30 11:32:48 PM IST 2026). restarting in 3s...
[tunnel] exited (Thu Jul 30 11:32:52 PM IST 2026). restarting in 3s...
[tunnel] exited (Thu Jul 30 11:32:53 PM IST 2026). restarting in 3s...
[tunnel] exited (Thu Jul 30 11:32:53 PM IST 2026). restarting in 3s...
[tunnel] exited (Thu Jul 30 11:32:55 PM IST 2026). restarting in 3s...
[tunnel] exited (Thu Jul 30 11:32:56 PM IST 2026). restarting in 3s...
[tunnel] exited (Thu Jul 30 11:33:00 PM IST 2026). restarting in 3s...
[tunnel] exited (Thu Jul 30 11:33:12 PM IST 2026). restarting in 3s...
[tunnel] exited (Thu Jul 30 11:33:15 PM IST 2026). restarting in 3s...
[tunnel] exited (Thu Jul 30 11:33:16 PM IST 2026). restarting in 3s...
[tunnel] exited (Thu Jul 30 11:33:16 PM IST 2026). restarting in 3s...
[tunnel] exited (Thu Jul 30 11:33:18 PM IST 2026). restarting in 3s...
[tunnel] exited (Thu Jul 30 11:33:19 PM IST 2026). restarting in 3s...
[tunnel] exited (Thu Jul 30 11:33:23 PM IST 2026). restarting in 3s...
[tunnel] exited (Thu Jul 30 11:33:35 PM IST 2026). restarting in 3s...
[tunnel] exited (Thu Jul 30 11:33:38 PM IST 2026). restarting in 3s...
[tunnel] exited (Thu Jul 30 11:33:39 PM IST 2026). restarting in 3s...
[tunnel] exited (Thu Jul 30 11:33:39 PM IST 2026). restarting in 3s...
[tunnel] exited (Thu Jul 30 11:33:41 PM IST 2026). restarting in 3s...
[tunnel] exited (Thu Jul 30 11:33:42 PM IST 2026). restarting in 3s...
[tunnel] exited (Thu Jul 30 11:33:46 PM IST 2026). restarting in 3s...
[tunnel] exited (Thu Jul 30 11:33:58 PM IST 2026). restarting in 3s...
[tunnel] exited (Thu Jul 30 11:34:01 PM IST 2026). restarting in 3s...
[tunnel] exited (Thu Jul 30 11:34:02 PM IST 2026). restarting in 3s...
[tunnel] exited (Thu Jul 30 11:34:02 PM IST 2026). restarting in 3s...
[tunnel] exited (Thu Jul 30 11:34:04 PM IST 2026). restarting in 3s...
[tunnel] exited (Thu Jul 30 11:34:05 PM IST 2026). restarting in 3s...
[tunnel] exited (Thu Jul 30 11:34:09 PM IST 2026). restarting in 3s...
[tunnel] exited (Thu Jul 30 11:34:21 PM IST 2026). restarting in 3s...
[tunnel] exited (Thu Jul 30 11:34:24 PM IST 2026). restarting in 3s...
[tunnel] exited (Thu Jul 30 11:34:25 PM IST 2026). restarting in 3s...
[tunnel] exited (Thu Jul 30 11:34:25 PM IST 2026). restarting in 3s...
[tunnel] exited (Thu Jul 30 11:34:27 PM IST 2026). restarting in 3s...
[tunnel] exited (Thu Jul 30 11:34:28 PM IST 2026). restarting in 3s...
[tunnel] exited (Thu Jul 30 11:34:32 PM IST 2026). restarting in 3s...
[tunnel] exited (Thu Jul 30 11:34:44 PM IST 2026). restarting in 3s...
[tunnel] exited (Thu Jul 30 11:34:47 PM IST 2026). restarting in 3s...
[tunnel] exited (Thu Jul 30 11:34:48 PM IST 2026). restarting in 3s...
[tunnel] exited (Thu Jul 30 11:34:48 PM IST 2026). restarting in 3s...
[tunnel] exited (Thu Jul 30 11:34:50 PM IST 2026). restarting in 3s...
[tunnel] exited (Thu Jul 30 11:34:51 PM IST 2026). restarting in 3s...
[tunnel] exited (Thu Jul 30 11:34:55 PM IST 2026). restarting in 3s...
[tunnel] exited (Thu Jul 30 11:35:07 PM IST 2026). restarting in 3s...
[tunnel] exited (Thu Jul 30 11:35:10 PM IST 2026). restarting in 3s...
[tunnel] exited (Thu Jul 30 11:35:11 PM IST 2026). restarting in 3s...
[tunnel] exited (Thu Jul 30 11:35:11 PM IST 2026). restarting in 3s...
[tunnel] exited (Thu Jul 30 11:35:13 PM IST 2026). restarting in 3s...
[tunnel] exited (Thu Jul 30 11:35:14 PM IST 2026). restarting in 3s...
[tunnel] exited (Thu Jul 30 11:35:18 PM IST 2026). restarting in 3s...
[tunnel] exited (Thu Jul 30 11:35:30 PM IST 2026). restarting in 3s...
[tunnel] exited (Thu Jul 30 11:35:34 PM IST 2026). restarting in 3s...
[tunnel] exited (Thu Jul 30 11:35:34 PM IST 2026). restarting in 3s...
[tunnel] exited (Thu Jul 30 11:35:34 PM IST 2026). restarting in 3s...
[tunnel] exited (Thu Jul 30 11:35:36 PM IST 2026). restarting in 3s...
[tunnel] exited (Thu Jul 30 11:35:37 PM IST 2026). restarting in 3s...
[tunnel] exited (Thu Jul 30 11:35:42 PM IST 2026). restarting in 3s...
[tunnel] exited (Thu Jul 30 11:35:53 PM IST 2026). restarting in 3s...
[tunnel] exited (Thu Jul 30 11:35:57 PM IST 2026). restarting in 3s...
[tunnel] exited (Thu Jul 30 11:35:57 PM IST 2026). restarting in 3s...
[tunnel] exited (Thu Jul 30 11:35:57 PM IST 2026). restarting in 3s...
[tunnel] exited (Thu Jul 30 11:35:59 PM IST 2026). restarting in 3s...
[tunnel] exited (Thu Jul 30 11:36:00 PM IST 2026). restarting in 3s...
[tunnel] exited (Thu Jul 30 11:36:05 PM IST 2026). restarting in 3s...
[tunnel] exited (Thu Jul 30 11:36:16 PM IST 2026). restarting in 3s...
[tunnel] exited (Thu Jul 30 11:36:20 PM IST 2026). restarting in 3s...
[tunnel] exited (Thu Jul 30 11:36:20 PM IST 2026). restarting in 3s...
[tunnel] exited (Thu Jul 30 11:36:20 PM IST 2026). restarting in 3s...
[tunnel] exited (Thu Jul 30 11:36:22 PM IST 2026). restarting in 3s...
[tunnel] exited (Thu Jul 30 11:36:23 PM IST 2026). restarting in 3s...
[tunnel] exited (Thu Jul 30 11:36:28 PM IST 2026). restarting in 3s...
[tunnel] exited (Thu Jul 30 11:36:40 PM IST 2026). restarting in 3s...
[tunnel] exited (Thu Jul 30 11:36:43 PM IST 2026). restarting in 3s...
[tunnel] exited (Thu Jul 30 11:36:44 PM IST 2026). restarting in 3s...
[tunnel] exited (Thu Jul 30 11:36:44 PM IST 2026). restarting in 3s...
[tunnel] exited (Thu Jul 30 11:36:46 PM IST 2026). restarting in 3s...
[tunnel] exited (Thu Jul 30 11:36:47 PM IST 2026). restarting in 3s...
[tunnel] exited (Thu Jul 30 11:36:51 PM IST 2026). restarting in 3s...
[tunnel] exited (Thu Jul 30 11:37:03 PM IST 2026). restarting in 3s...
[tunnel] exited (Thu Jul 30 11:37:06 PM IST 2026). restarting in 3s...
[tunnel] exited (Thu Jul 30 11:37:07 PM IST 2026). restarting in 3s...
[tunnel] exited (Thu Jul 30 11:37:07 PM IST 2026). restarting in 3s...
[tunnel] exited (Thu Jul 30 11:37:09 PM IST 2026). restarting in 3s...
[tunnel] exited (Thu Jul 30 11:37:10 PM IST 2026). restarting in 3s...
[tunnel] exited (Thu Jul 30 11:37:14 PM IST 2026). restarting in 3s...
[tunnel] exited (Thu Jul 30 11:37:26 PM IST 2026). restarting in 3s...
[tunnel] exited (Thu Jul 30 11:37:29 PM IST 2026). restarting in 3s...
[tunnel] exited (Thu Jul 30 11:37:30 PM IST 2026). restarting in 3s...
[tunnel] exited (Thu Jul 30 11:37:30 PM IST 2026). restarting in 3s...
[tunnel] exited (Thu Jul 30 11:37:32 PM IST 2026). restarting in 3s...
[tunnel] exited (Thu Jul 30 11:37:33 PM IST 2026). restarting in 3s...
[tunnel] exited (Thu Jul 30 11:37:37 PM IST 2026). restarting in 3s...
[tunnel] exited (Thu Jul 30 11:37:49 PM IST 2026). restarting in 3s...
[tunnel] exited (Thu Jul 30 11:37:52 PM IST 2026). restarting in 3s...
[tunnel] exited (Thu Jul 30 11:37:53 PM IST 2026). restarting in 3s...
[tunnel] exited (Thu Jul 30 11:37:53 PM IST 2026). restarting in 3s...
[tunnel] exited (Thu Jul 30 11:37:55 PM IST 2026). restarting in 3s...
[tunnel] exited (Thu Jul 30 11:37:56 PM IST 2026). restarting in 3s...
[tunnel] exited (Thu Jul 30 11:38:00 PM IST 2026). restarting in 3s...
[tunnel] exited (Thu Jul 30 11:38:12 PM IST 2026). restarting in 3s...
[tunnel] exited (Thu Jul 30 11:38:15 PM IST 2026). restarting in 3s...
[tunnel] exited (Thu Jul 30 11:38:16 PM IST 2026). restarting in 3s...
[tunnel] exited (Thu Jul 30 11:38:16 PM IST 2026). restarting in 3s...
[tunnel] exited (Thu Jul 30 11:38:18 PM IST 2026). restarting in 3s...
[tunnel] exited (Thu Jul 30 11:38:19 PM IST 2026). restarting in 3s...
[tunnel] exited (Thu Jul 30 11:38:23 PM IST 2026). restarting in 3s...
[tunnel] exited (Thu Jul 30 11:38:35 PM IST 2026). restarting in 3s...
[tunnel] exited (Thu Jul 30 11:38:38 PM IST 2026). restarting in 3s...
[tunnel] exited (Thu Jul 30 11:38:39 PM IST 2026). restarting in 3s...
[tunnel] exited (Thu Jul 30 11:38:39 PM IST 2026). restarting in 3s...
[tunnel] exited (Thu Jul 30 11:38:41 PM IST 2026). restarting in 3s...
[tunnel] exited (Thu Jul 30 11:38:42 PM IST 2026). restarting in 3s...
[tunnel] exited (Thu Jul 30 11:38:47 PM IST 2026). restarting in 3s...
[tunnel] exited (Thu Jul 30 11:38:58 PM IST 2026). restarting in 3s...
[tunnel] exited (Thu Jul 30 11:39:02 PM IST 2026). restarting in 3s...
[tunnel] exited (Thu Jul 30 11:39:02 PM IST 2026). restarting in 3s...
[tunnel] exited (Thu Jul 30 11:39:02 PM IST 2026). restarting in 3s...
[tunnel] exited (Thu Jul 30 11:39:04 PM IST 2026). restarting in 3s...
[tunnel] exited (Thu Jul 30 11:39:05 PM IST 2026). restarting in 3s...
[tunnel] exited (Thu Jul 30 11:39:10 PM IST 2026). restarting in 3s...
[tunnel] exited (Thu Jul 30 11:39:21 PM IST 2026). restarting in 3s...
[tunnel] exited (Thu Jul 30 11:39:25 PM IST 2026). restarting in 3s...
[tunnel] exited (Thu Jul 30 11:39:25 PM IST 2026). restarting in 3s...
[tunnel] exited (Thu Jul 30 11:39:25 PM IST 2026). restarting in 3s...
[tunnel] exited (Thu Jul 30 11:39:27 PM IST 2026). restarting in 3s...
[tunnel] exited (Thu Jul 30 11:39:28 PM IST 2026). restarting in 3s...
[tunnel] exited (Thu Jul 30 11:39:33 PM IST 2026). restarting in 3s...
[tunnel] exited (Thu Jul 30 11:39:44 PM IST 2026). restarting in 3s...
[tunnel] exited (Thu Jul 30 11:39:48 PM IST 2026). restarting in 3s...
[tunnel] exited (Thu Jul 30 11:39:48 PM IST 2026). restarting in 3s...
[tunnel] exited (Thu Jul 30 11:39:48 PM IST 2026). restarting in 3s...
[tunnel] exited (Thu Jul 30 11:39:51 PM IST 2026). restarting in 3s...
[tunnel] exited (Thu Jul 30 11:39:51 PM IST 2026). restarting in 3s...
[tunnel] exited (Thu Jul 30 11:39:56 PM IST 2026). restarting in 3s...
[tunnel] exited (Thu Jul 30 11:40:08 PM IST 2026). restarting in 3s...
[tunnel] exited (Thu Jul 30 11:40:11 PM IST 2026). restarting in 3s...
[tunnel] exited (Thu Jul 30 11:40:12 PM IST 2026). restarting in 3s...
[tunnel] exited (Thu Jul 30 11:40:12 PM IST 2026). restarting in 3s...
[tunnel] exited (Thu Jul 30 11:40:14 PM IST 2026). restarting in 3s...
[tunnel] exited (Thu Jul 30 11:40:15 PM IST 2026). restarting in 3s...
[tunnel] exited (Thu Jul 30 11:40:19 PM IST 2026). restarting in 3s...
[tunnel] exited (Thu Jul 30 11:40:31 PM IST 2026). restarting in 3s...
[tunnel] exited (Thu Jul 30 11:40:34 PM IST 2026). restarting in 3s...
[tunnel] exited (Thu Jul 30 11:40:35 PM IST 2026). restarting in 3s...
[tunnel] exited (Thu Jul 30 11:40:35 PM IST 2026). restarting in 3s...
[tunnel] exited (Thu Jul 30 11:40:37 PM IST 2026). restarting in 3s...
[tunnel] exited (Thu Jul 30 11:40:38 PM IST 2026). restarting in 3s...
[tunnel] exited (Thu Jul 30 11:40:42 PM IST 2026). restarting in 3s...
[tunnel] exited (Thu Jul 30 11:40:54 PM IST 2026). restarting in 3s...
[tunnel] exited (Thu Jul 30 11:40:57 PM IST 2026). restarting in 3s...
[tunnel] exited (Thu Jul 30 11:40:58 PM IST 2026). restarting in 3s...
[tunnel] exited (Thu Jul 30 11:40:58 PM IST 2026). restarting in 3s...
[tunnel] exited (Thu Jul 30 11:41:00 PM IST 2026). restarting in 3s...
[tunnel] exited (Thu Jul 30 11:41:01 PM IST 2026). restarting in 3s...
[tunnel] exited (Thu Jul 30 11:41:05 PM IST 2026). restarting in 3s...
[tunnel] exited (Thu Jul 30 11:41:17 PM IST 2026). restarting in 3s...
[tunnel] exited (Thu Jul 30 11:41:20 PM IST 2026). restarting in 3s...
[tunnel] exited (Thu Jul 30 11:41:21 PM IST 2026). restarting in 3s...
[tunnel] exited (Thu Jul 30 11:41:21 PM IST 2026). restarting in 3s...
[tunnel] exited (Thu Jul 30 11:41:23 PM IST 2026). restarting in 3s...
[tunnel] exited (Thu Jul 30 11:41:24 PM IST 2026). restarting in 3s...
[tunnel] exited (Thu Jul 30 11:41:28 PM IST 2026). restarting in 3s...
[tunnel] exited (Thu Jul 30 11:41:40 PM IST 2026). restarting in 3s...
[tunnel] exited (Thu Jul 30 11:41:43 PM IST 2026). restarting in 3s...
[tunnel] exited (Thu Jul 30 11:41:44 PM IST 2026). restarting in 3s...
[tunnel] exited (Thu Jul 30 11:41:44 PM IST 2026). restarting in 3s...
[tunnel] exited (Thu Jul 30 11:41:46 PM IST 2026). restarting in 3s...
[tunnel] exited (Thu Jul 30 11:41:47 PM IST 2026). restarting in 3s...
[tunnel] exited (Thu Jul 30 11:41:51 PM IST 2026). restarting in 3s...
[tunnel] exited (Thu Jul 30 11:42:03 PM IST 2026). restarting in 3s...
[tunnel] exited (Thu Jul 30 11:42:06 PM IST 2026). restarting in 3s...
[tunnel] exited (Thu Jul 30 11:42:07 PM IST 2026). restarting in 3s...
[tunnel] exited (Thu Jul 30 11:42:07 PM IST 2026). restarting in 3s...
[tunnel] exited (Thu Jul 30 11:42:09 PM IST 2026). restarting in 3s...
[tunnel] exited (Thu Jul 30 11:42:10 PM IST 2026). restarting in 3s...
[tunnel] exited (Thu Jul 30 11:42:14 PM IST 2026). restarting in 3s...
[tunnel] exited (Thu Jul 30 11:42:26 PM IST 2026). restarting in 3s...
[tunnel] exited (Thu Jul 30 11:42:30 PM IST 2026). restarting in 3s...
[tunnel] exited (Thu Jul 30 11:42:30 PM IST 2026). restarting in 3s...
[tunnel] exited (Thu Jul 30 11:42:30 PM IST 2026). restarting in 3s...
[tunnel] exited (Thu Jul 30 11:42:32 PM IST 2026). restarting in 3s...
[tunnel] exited (Thu Jul 30 11:42:33 PM IST 2026). restarting in 3s...
[tunnel] exited (Thu Jul 30 11:42:38 PM IST 2026). restarting in 3s...
[tunnel] exited (Thu Jul 30 11:42:49 PM IST 2026). restarting in 3s...
[tunnel] exited (Thu Jul 30 11:42:53 PM IST 2026). restarting in 3s...
[tunnel] exited (Thu Jul 30 11:42:53 PM IST 2026). restarting in 3s...
[tunnel] exited (Thu Jul 30 11:42:53 PM IST 2026). restarting in 3s...
[tunnel] exited (Thu Jul 30 11:42:55 PM IST 2026). restarting in 3s...
[tunnel] exited (Thu Jul 30 11:42:56 PM IST 2026). restarting in 3s...
[tunnel] exited (Thu Jul 30 11:43:01 PM IST 2026). restarting in 3s...
[tunnel] exited (Thu Jul 30 11:43:12 PM IST 2026). restarting in 3s...
[tunnel] exited (Thu Jul 30 11:43:16 PM IST 2026). restarting in 3s...
[tunnel] exited (Thu Jul 30 11:43:17 PM IST 2026). restarting in 3s...
[tunnel] exited (Thu Jul 30 11:43:17 PM IST 2026). restarting in 3s...
[tunnel] exited (Thu Jul 30 11:43:19 PM IST 2026). restarting in 3s...
[tunnel] exited (Thu Jul 30 11:43:20 PM IST 2026). restarting in 3s...
[tunnel] exited (Thu Jul 30 11:43:24 PM IST 2026). restarting in 3s...
[tunnel] exited (Thu Jul 30 11:43:36 PM IST 2026). restarting in 3s...
[tunnel] exited (Thu Jul 30 11:43:39 PM IST 2026). restarting in 3s...
[tunnel] exited (Thu Jul 30 11:43:40 PM IST 2026). restarting in 3s...
[tunnel] exited (Thu Jul 30 11:43:40 PM IST 2026). restarting in 3s...
[tunnel] exited (Thu Jul 30 11:43:42 PM IST 2026). restarting in 3s...
[tunnel] exited (Thu Jul 30 11:43:43 PM IST 2026). restarting in 3s...
[tunnel] exited (Thu Jul 30 11:43:47 PM IST 2026). restarting in 3s...
[tunnel] exited (Thu Jul 30 11:43:59 PM IST 2026). restarting in 3s...
[tunnel] exited (Thu Jul 30 11:44:02 PM IST 2026). restarting in 3s...
[tunnel] exited (Thu Jul 30 11:44:03 PM IST 2026). restarting in 3s...
[tunnel] exited (Thu Jul 30 11:44:03 PM IST 2026). restarting in 3s...
[tunnel] exited (Thu Jul 30 11:44:05 PM IST 2026). restarting in 3s...
[tunnel] exited (Thu Jul 30 11:44:06 PM IST 2026). restarting in 3s...
[tunnel] exited (Thu Jul 30 11:44:10 PM IST 2026). restarting in 3s...
[tunnel] exited (Thu Jul 30 11:44:22 PM IST 2026). restarting in 3s...
[tunnel] exited (Thu Jul 30 11:44:25 PM IST 2026). restarting in 3s...
[tunnel] exited (Thu Jul 30 11:44:26 PM IST 2026). restarting in 3s...
[tunnel] exited (Thu Jul 30 11:44:26 PM IST 2026). restarting in 3s...
[tunnel] exited (Thu Jul 30 11:44:28 PM IST 2026). restarting in 3s...
[tunnel] exited (Thu Jul 30 11:44:29 PM IST 2026). restarting in 3s...
[tunnel] exited (Thu Jul 30 11:44:33 PM IST 2026). restarting in 3s...
[tunnel] exited (Thu Jul 30 11:44:45 PM IST 2026). restarting in 3s...
[tunnel] exited (Thu Jul 30 11:44:48 PM IST 2026). restarting in 3s...
[tunnel] exited (Thu Jul 30 11:44:49 PM IST 2026). restarting in 3s...
[tunnel] exited (Thu Jul 30 11:44:49 PM IST 2026). restarting in 3s...
[tunnel] exited (Thu Jul 30 11:44:51 PM IST 2026). restarting in 3s...
[tunnel] exited (Thu Jul 30 11:44:52 PM IST 2026). restarting in 3s...
[tunnel] exited (Thu Jul 30 11:44:56 PM IST 2026). restarting in 3s...
[tunnel] exited (Thu Jul 30 11:45:08 PM IST 2026). restarting in 3s...
[tunnel] exited (Thu Jul 30 11:45:11 PM IST 2026). restarting in 3s...
[tunnel] exited (Thu Jul 30 11:45:12 PM IST 2026). restarting in 3s...
[tunnel] exited (Thu Jul 30 11:45:12 PM IST 2026). restarting in 3s...
[tunnel] exited (Thu Jul 30 11:45:14 PM IST 2026). restarting in 3s...
[tunnel] exited (Thu Jul 30 11:45:15 PM IST 2026). restarting in 3s...
[tunnel] exited (Thu Jul 30 11:45:19 PM IST 2026). restarting in 3s...
[tunnel] exited (Thu Jul 30 11:45:31 PM IST 2026). restarting in 3s...
[tunnel] exited (Thu Jul 30 11:45:34 PM IST 2026). restarting in 3s...
[tunnel] exited (Thu Jul 30 11:45:35 PM IST 2026). restarting in 3s...
[tunnel] exited (Thu Jul 30 11:45:35 PM IST 2026). restarting in 3s...
[tunnel] exited (Thu Jul 30 11:45:37 PM IST 2026). restarting in 3s...
[tunnel] exited (Thu Jul 30 11:45:38 PM IST 2026). restarting in 3s...
[tunnel] exited (Thu Jul 30 11:45:42 PM IST 2026). restarting in 3s...
[tunnel] exited (Thu Jul 30 11:45:54 PM IST 2026). restarting in 3s...
[tunnel] exited (Thu Jul 30 11:45:57 PM IST 2026). restarting in 3s...
[tunnel] exited (Thu Jul 30 11:45:58 PM IST 2026). restarting in 3s...
[tunnel] exited (Thu Jul 30 11:45:58 PM IST 2026). restarting in 3s...
[tunnel] exited (Thu Jul 30 11:46:00 PM IST 2026). restarting in 3s...
[tunnel] exited (Thu Jul 30 11:46:01 PM IST 2026). restarting in 3s...
[tunnel] exited (Thu Jul 30 11:46:06 PM IST 2026). restarting in 3s...
[tunnel] exited (Thu Jul 30 11:46:17 PM IST 2026). restarting in 3s...
[tunnel] exited (Thu Jul 30 11:46:21 PM IST 2026). restarting in 3s...
[tunnel] exited (Thu Jul 30 11:46:21 PM IST 2026). restarting in 3s...
[tunnel] exited (Thu Jul 30 11:46:21 PM IST 2026). restarting in 3s...
[tunnel] exited (Thu Jul 30 11:46:23 PM IST 2026). restarting in 3s...
[tunnel] exited (Thu Jul 30 11:46:24 PM IST 2026). restarting in 3s...
[tunnel] exited (Thu Jul 30 11:46:29 PM IST 2026). restarting in 3s...
[tunnel] exited (Thu Jul 30 11:46:40 PM IST 2026). restarting in 3s...
[tunnel] exited (Thu Jul 30 11:46:44 PM IST 2026). restarting in 3s...
[tunnel] exited (Thu Jul 30 11:46:44 PM IST 2026). restarting in 3s...
[tunnel] exited (Thu Jul 30 11:46:44 PM IST 2026). restarting in 3s...
[tunnel] exited (Thu Jul 30 11:46:46 PM IST 2026). restarting in 3s...
[tunnel] exited (Thu Jul 30 11:46:47 PM IST 2026). restarting in 3s...
[tunnel] exited (Thu Jul 30 11:46:52 PM IST 2026). restarting in 3s...
[tunnel] exited (Thu Jul 30 11:47:04 PM IST 2026). restarting in 3s...
[tunnel] exited (Thu Jul 30 11:47:07 PM IST 2026). restarting in 3s...
[tunnel] exited (Thu Jul 30 11:47:08 PM IST 2026). restarting in 3s...
[tunnel] exited (Thu Jul 30 11:47:08 PM IST 2026). restarting in 3s...
[tunnel] exited (Thu Jul 30 11:47:10 PM IST 2026). restarting in 3s...
[tunnel] exited (Thu Jul 30 11:47:11 PM IST 2026). restarting in 3s...
[tunnel] exited (Thu Jul 30 11:47:15 PM IST 2026). restarting in 3s...
[tunnel] exited (Thu Jul 30 11:47:27 PM IST 2026). restarting in 3s...
[tunnel] exited (Thu Jul 30 11:47:30 PM IST 2026). restarting in 3s...
[tunnel] exited (Thu Jul 30 11:47:31 PM IST 2026). restarting in 3s...
[tunnel] exited (Thu Jul 30 11:47:31 PM IST 2026). restarting in 3s...
[tunnel] exited (Thu Jul 30 11:47:33 PM IST 2026). restarting in 3s...
[tunnel] exited (Thu Jul 30 11:47:34 PM IST 2026). restarting in 3s...
[tunnel] exited (Thu Jul 30 11:47:38 PM IST 2026). restarting in 3s...
[tunnel] exited (Thu Jul 30 11:47:50 PM IST 2026). restarting in 3s...
[tunnel] exited (Thu Jul 30 11:47:53 PM IST 2026). restarting in 3s...
[tunnel] exited (Thu Jul 30 11:47:54 PM IST 2026). restarting in 3s...
[tunnel] exited (Thu Jul 30 11:47:54 PM IST 2026). restarting in 3s...
[tunnel] exited (Thu Jul 30 11:47:56 PM IST 2026). restarting in 3s...
[tunnel] exited (Thu Jul 30 11:47:57 PM IST 2026). restarting in 3s...
[tunnel] exited (Thu Jul 30 11:48:01 PM IST 2026). restarting in 3s...
[tunnel] exited (Thu Jul 30 11:48:13 PM IST 2026). restarting in 3s...
[tunnel] exited (Thu Jul 30 11:48:16 PM IST 2026). restarting in 3s...
[tunnel] exited (Thu Jul 30 11:48:17 PM IST 2026). restarting in 3s...
[tunnel] exited (Thu Jul 30 11:48:17 PM IST 2026). restarting in 3s...
[tunnel] exited (Thu Jul 30 11:48:19 PM IST 2026). restarting in 3s...
[tunnel] exited (Thu Jul 30 11:48:20 PM IST 2026). restarting in 3s...
[tunnel] exited (Thu Jul 30 11:48:24 PM IST 2026). restarting in 3s...
[tunnel] exited (Thu Jul 30 11:48:36 PM IST 2026). restarting in 3s...
[tunnel] exited (Thu Jul 30 11:48:39 PM IST 2026). restarting in 3s...
[tunnel] exited (Thu Jul 30 11:48:40 PM IST 2026). restarting in 3s...
[tunnel] exited (Thu Jul 30 11:48:40 PM IST 2026). restarting in 3s...
[tunnel] exited (Thu Jul 30 11:48:42 PM IST 2026). restarting in 3s...
[tunnel] exited (Thu Jul 30 11:48:43 PM IST 2026). restarting in 3s...
[tunnel] exited (Thu Jul 30 11:48:47 PM IST 2026). restarting in 3s...
[tunnel] exited (Thu Jul 30 11:48:59 PM IST 2026). restarting in 3s...
[tunnel] exited (Thu Jul 30 11:49:02 PM IST 2026). restarting in 3s...
[tunnel] exited (Thu Jul 30 11:49:03 PM IST 2026). restarting in 3s...
[tunnel] exited (Thu Jul 30 11:49:03 PM IST 2026). restarting in 3s...
[tunnel] exited (Thu Jul 30 11:49:05 PM IST 2026). restarting in 3s...
[tunnel] exited (Thu Jul 30 11:49:06 PM IST 2026). restarting in 3s...
[tunnel] exited (Thu Jul 30 11:49:10 PM IST 2026). restarting in 3s...
[tunnel] exited (Thu Jul 30 11:49:22 PM IST 2026). restarting in 3s...
[tunnel] exited (Thu Jul 30 11:49:25 PM IST 2026). restarting in 3s...
[tunnel] exited (Thu Jul 30 11:49:26 PM IST 2026). restarting in 3s...
[tunnel] exited (Thu Jul 30 11:49:26 PM IST 2026). restarting in 3s...
[tunnel] exited (Thu Jul 30 11:49:28 PM IST 2026). restarting in 3s...
[tunnel] exited (Thu Jul 30 11:49:29 PM IST 2026). restarting in 3s...
[tunnel] exited (Thu Jul 30 11:49:34 PM IST 2026). restarting in 3s...
[tunnel] exited (Thu Jul 30 11:49:45 PM IST 2026). restarting in 3s...
[tunnel] exited (Thu Jul 30 11:49:49 PM IST 2026). restarting in 3s...
[tunnel] exited (Thu Jul 30 11:49:49 PM IST 2026). restarting in 3s...
[tunnel] exited (Thu Jul 30 11:49:49 PM IST 2026). restarting in 3s...
[tunnel] exited (Thu Jul 30 11:49:51 PM IST 2026). restarting in 3s...
[tunnel] exited (Thu Jul 30 11:49:52 PM IST 2026). restarting in 3s...
[tunnel] exited (Thu Jul 30 11:49:57 PM IST 2026). restarting in 3s...
[tunnel] exited (Thu Jul 30 11:50:08 PM IST 2026). restarting in 3s...
[tunnel] exited (Thu Jul 30 11:50:12 PM IST 2026). restarting in 3s...
[tunnel] exited (Thu Jul 30 11:50:13 PM IST 2026). restarting in 3s...
[tunnel] exited (Thu Jul 30 11:50:13 PM IST 2026). restarting in 3s...
[tunnel] exited (Thu Jul 30 11:50:15 PM IST 2026). restarting in 3s...
[tunnel] exited (Thu Jul 30 11:50:16 PM IST 2026). restarting in 3s...
[tunnel] exited (Thu Jul 30 11:50:20 PM IST 2026). restarting in 3s...
[tunnel] exited (Thu Jul 30 11:50:32 PM IST 2026). restarting in 3s...
[tunnel] exited (Thu Jul 30 11:50:35 PM IST 2026). restarting in 3s...
[tunnel] exited (Thu Jul 30 11:50:36 PM IST 2026). restarting in 3s...
[tunnel] exited (Thu Jul 30 11:50:36 PM IST 2026). restarting in 3s...
[tunnel] exited (Thu Jul 30 11:50:38 PM IST 2026). restarting in 3s...
[tunnel] exited (Thu Jul 30 11:50:39 PM IST 2026). restarting in 3s...
[tunnel] exited (Thu Jul 30 11:50:43 PM IST 2026). restarting in 3s...
[tunnel] exited (Thu Jul 30 11:50:55 PM IST 2026). restarting in 3s...
[tunnel] exited (Thu Jul 30 11:50:58 PM IST 2026). restarting in 3s...
[tunnel] exited (Thu Jul 30 11:50:59 PM IST 2026). restarting in 3s...
[tunnel] exited (Thu Jul 30 11:50:59 PM IST 2026). restarting in 3s...
[tunnel] exited (Thu Jul 30 11:51:01 PM IST 2026). restarting in 3s...
[tunnel] exited (Thu Jul 30 11:51:02 PM IST 2026). restarting in 3s...
[tunnel] exited (Thu Jul 30 11:51:06 PM IST 2026). restarting in 3s...
[tunnel] exited (Thu Jul 30 11:51:18 PM IST 2026). restarting in 3s...
[tunnel] exited (Thu Jul 30 11:51:21 PM IST 2026). restarting in 3s...
[tunnel] exited (Thu Jul 30 11:51:22 PM IST 2026). restarting in 3s...
[tunnel] exited (Thu Jul 30 11:51:22 PM IST 2026). restarting in 3s...
[tunnel] exited (Thu Jul 30 11:51:24 PM IST 2026). restarting in 3s...
[tunnel] exited (Thu Jul 30 11:51:25 PM IST 2026). restarting in 3s...
[tunnel] exited (Thu Jul 30 11:51:29 PM IST 2026). restarting in 3s...
[tunnel] exited (Thu Jul 30 11:51:41 PM IST 2026). restarting in 3s...
[tunnel] exited (Thu Jul 30 11:51:44 PM IST 2026). restarting in 3s...
[tunnel] exited (Thu Jul 30 11:51:45 PM IST 2026). restarting in 3s...
[tunnel] exited (Thu Jul 30 11:51:45 PM IST 2026). restarting in 3s...
[tunnel] exited (Thu Jul 30 11:51:47 PM IST 2026). restarting in 3s...
[tunnel] exited (Thu Jul 30 11:51:48 PM IST 2026). restarting in 3s...
[tunnel] exited (Thu Jul 30 11:51:52 PM IST 2026). restarting in 3s...
[tunnel] exited (Thu Jul 30 11:52:04 PM IST 2026). restarting in 3s...
[tunnel] exited (Thu Jul 30 11:52:07 PM IST 2026). restarting in 3s...
[tunnel] exited (Thu Jul 30 11:52:08 PM IST 2026). restarting in 3s...
[tunnel] exited (Thu Jul 30 11:52:08 PM IST 2026). restarting in 3s...
[tunnel] exited (Thu Jul 30 11:52:10 PM IST 2026). restarting in 3s...
[tunnel] exited (Thu Jul 30 11:52:11 PM IST 2026). restarting in 3s...
[tunnel] exited (Thu Jul 30 11:52:16 PM IST 2026). restarting in 3s...
[tunnel] exited (Thu Jul 30 11:52:27 PM IST 2026). restarting in 3s...
[tunnel] exited (Thu Jul 30 11:52:31 PM IST 2026). restarting in 3s...
[tunnel] exited (Thu Jul 30 11:52:31 PM IST 2026). restarting in 3s...
[tunnel] exited (Thu Jul 30 11:52:32 PM IST 2026). restarting in 3s...
[tunnel] exited (Thu Jul 30 11:52:34 PM IST 2026). restarting in 3s...
[tunnel] exited (Thu Jul 30 11:52:34 PM IST 2026). restarting in 3s...
[tunnel] exited (Thu Jul 30 11:52:39 PM IST 2026). restarting in 3s...
[tunnel] exited (Thu Jul 30 11:52:51 PM IST 2026). restarting in 3s...
[tunnel] exited (Thu Jul 30 11:52:54 PM IST 2026). restarting in 3s...
[tunnel] exited (Thu Jul 30 11:52:55 PM IST 2026). restarting in 3s...
[tunnel] exited (Thu Jul 30 11:52:55 PM IST 2026). restarting in 3s...
[tunnel] exited (Thu Jul 30 11:52:57 PM IST 2026). restarting in 3s...
[tunnel] exited (Thu Jul 30 11:52:58 PM IST 2026). restarting in 3s...
[tunnel] exited (Thu Jul 30 11:53:02 PM IST 2026). restarting in 3s...
[tunnel] exited (Thu Jul 30 11:53:15 PM IST 2026). restarting in 3s...
[tunnel] exited (Thu Jul 30 11:53:17 PM IST 2026). restarting in 3s...
[tunnel] exited (Thu Jul 30 11:53:18 PM IST 2026). restarting in 3s...
[tunnel] exited (Thu Jul 30 11:53:19 PM IST 2026). restarting in 3s...
[tunnel] exited (Thu Jul 30 11:53:20 PM IST 2026). restarting in 3s...
[tunnel] exited (Thu Jul 30 11:53:21 PM IST 2026). restarting in 3s...
[tunnel] exited (Thu Jul 30 11:53:25 PM IST 2026). restarting in 3s...
[tunnel] exited (Thu Jul 30 11:53:38 PM IST 2026). restarting in 3s...
[tunnel] exited (Thu Jul 30 11:53:40 PM IST 2026). restarting in 3s...
[tunnel] exited (Thu Jul 30 11:53:41 PM IST 2026). restarting in 3s...
[tunnel] exited (Thu Jul 30 11:53:42 PM IST 2026). restarting in 3s...
[tunnel] exited (Thu Jul 30 11:53:44 PM IST 2026). restarting in 3s...
[tunnel] exited (Thu Jul 30 11:53:44 PM IST 2026). restarting in 3s...
[tunnel] exited (Thu Jul 30 11:53:49 PM IST 2026). restarting in 3s...
[tunnel] exited (Thu Jul 30 11:54:01 PM IST 2026). restarting in 3s...
[tunnel] exited (Thu Jul 30 11:54:04 PM IST 2026). restarting in 3s...
[tunnel] exited (Thu Jul 30 11:54:05 PM IST 2026). restarting in 3s...
[tunnel] exited (Thu Jul 30 11:54:05 PM IST 2026). restarting in 3s...
[tunnel] exited (Thu Jul 30 11:54:07 PM IST 2026). restarting in 3s...
[tunnel] exited (Thu Jul 30 11:54:07 PM IST 2026). restarting in 3s...
[tunnel] exited (Thu Jul 30 11:54:12 PM IST 2026). restarting in 3s...
[tunnel] exited (Thu Jul 30 11:54:24 PM IST 2026). restarting in 3s...
[tunnel] exited (Thu Jul 30 11:54:27 PM IST 2026). restarting in 3s...
[tunnel] exited (Thu Jul 30 11:54:28 PM IST 2026). restarting in 3s...
[tunnel] exited (Thu Jul 30 11:54:28 PM IST 2026). restarting in 3s...
[tunnel] exited (Thu Jul 30 11:54:30 PM IST 2026). restarting in 3s...
[tunnel] exited (Thu Jul 30 11:54:30 PM IST 2026). restarting in 3s...
[tunnel] exited (Thu Jul 30 11:54:35 PM IST 2026). restarting in 3s...
[tunnel] exited (Thu Jul 30 11:54:47 PM IST 2026). restarting in 3s...
[tunnel] exited (Thu Jul 30 11:54:50 PM IST 2026). restarting in 3s...
[tunnel] exited (Thu Jul 30 11:54:51 PM IST 2026). restarting in 3s...
[tunnel] exited (Thu Jul 30 11:54:51 PM IST 2026). restarting in 3s...
[tunnel] exited (Thu Jul 30 11:54:53 PM IST 2026). restarting in 3s...
[tunnel] exited (Thu Jul 30 11:54:53 PM IST 2026). restarting in 3s...
[tunnel] exited (Thu Jul 30 11:54:58 PM IST 2026). restarting in 3s...
[tunnel] exited (Thu Jul 30 11:55:10 PM IST 2026). restarting in 3s...
[tunnel] exited (Thu Jul 30 11:55:13 PM IST 2026). restarting in 3s...
[tunnel] exited (Thu Jul 30 11:55:14 PM IST 2026). restarting in 3s...
[tunnel] exited (Thu Jul 30 11:55:14 PM IST 2026). restarting in 3s...
[tunnel] exited (Thu Jul 30 11:55:16 PM IST 2026). restarting in 3s...
[tunnel] exited (Thu Jul 30 11:55:17 PM IST 2026). restarting in 3s...
[tunnel] exited (Thu Jul 30 11:55:21 PM IST 2026). restarting in 3s...
[tunnel] exited (Thu Jul 30 11:55:34 PM IST 2026). restarting in 3s...
[tunnel] exited (Thu Jul 30 11:55:36 PM IST 2026). restarting in 3s...
[tunnel] exited (Thu Jul 30 11:55:37 PM IST 2026). restarting in 3s...
[tunnel] exited (Thu Jul 30 11:55:38 PM IST 2026). restarting in 3s...
[tunnel] exited (Thu Jul 30 11:55:39 PM IST 2026). restarting in 3s...
[tunnel] exited (Thu Jul 30 11:55:40 PM IST 2026). restarting in 3s...
[tunnel] exited (Thu Jul 30 11:55:44 PM IST 2026). restarting in 3s...
[tunnel] exited (Thu Jul 30 11:55:57 PM IST 2026). restarting in 3s...
[tunnel] exited (Thu Jul 30 11:55:59 PM IST 2026). restarting in 3s...
[tunnel] exited (Thu Jul 30 11:56:00 PM IST 2026). restarting in 3s...
[tunnel] exited (Thu Jul 30 11:56:01 PM IST 2026). restarting in 3s...
[tunnel] exited (Thu Jul 30 11:56:03 PM IST 2026). restarting in 3s...
[tunnel] exited (Thu Jul 30 11:56:03 PM IST 2026). restarting in 3s...
[tunnel] exited (Thu Jul 30 11:56:07 PM IST 2026). restarting in 3s...
[tunnel] exited (Thu Jul 30 11:56:20 PM IST 2026). restarting in 3s...
[tunnel] exited (Thu Jul 30 11:56:23 PM IST 2026). restarting in 3s...
[tunnel] exited (Thu Jul 30 11:56:24 PM IST 2026). restarting in 3s...
[tunnel] exited (Thu Jul 30 11:56:24 PM IST 2026). restarting in 3s...
[tunnel] exited (Thu Jul 30 11:56:26 PM IST 2026). restarting in 3s...
[tunnel] exited (Thu Jul 30 11:56:26 PM IST 2026). restarting in 3s...
[tunnel] exited (Thu Jul 30 11:56:31 PM IST 2026). restarting in 3s...
[tunnel] exited (Thu Jul 30 11:56:43 PM IST 2026). restarting in 3s...
[tunnel] exited (Thu Jul 30 11:56:46 PM IST 2026). restarting in 3s...
[tunnel] exited (Thu Jul 30 11:56:47 PM IST 2026). restarting in 3s...
[tunnel] exited (Thu Jul 30 11:56:47 PM IST 2026). restarting in 3s...
[tunnel] exited (Thu Jul 30 11:56:49 PM IST 2026). restarting in 3s...
[tunnel] exited (Thu Jul 30 11:56:50 PM IST 2026). restarting in 3s...
[tunnel] exited (Thu Jul 30 11:56:54 PM IST 2026). restarting in 3s...
[tunnel] exited (Thu Jul 30 11:57:07 PM IST 2026). restarting in 3s...
[tunnel] exited (Thu Jul 30 11:57:09 PM IST 2026). restarting in 3s...
[tunnel] exited (Thu Jul 30 11:57:10 PM IST 2026). restarting in 3s...
[tunnel] exited (Thu Jul 30 11:57:10 PM IST 2026). restarting in 3s...
[tunnel] exited (Thu Jul 30 11:57:12 PM IST 2026). restarting in 3s...
[tunnel] exited (Thu Jul 30 11:57:13 PM IST 2026). restarting in 3s...
[tunnel] exited (Thu Jul 30 11:57:17 PM IST 2026). restarting in 3s...
[tunnel] exited (Thu Jul 30 11:57:30 PM IST 2026). restarting in 3s...
[tunnel] exited (Thu Jul 30 11:57:32 PM IST 2026). restarting in 3s...
[tunnel] exited (Thu Jul 30 11:57:34 PM IST 2026). restarting in 3s...
[tunnel] exited (Thu Jul 30 11:57:34 PM IST 2026). restarting in 3s...
[tunnel] exited (Thu Jul 30 11:57:36 PM IST 2026). restarting in 3s...
[tunnel] exited (Thu Jul 30 11:57:37 PM IST 2026). restarting in 3s...
[tunnel] exited (Thu Jul 30 11:57:41 PM IST 2026). restarting in 3s...
[tunnel] exited (Thu Jul 30 11:57:54 PM IST 2026). restarting in 3s...
[tunnel] exited (Thu Jul 30 11:57:57 PM IST 2026). restarting in 3s...
[tunnel] exited (Thu Jul 30 11:57:58 PM IST 2026). restarting in 3s...
[tunnel] exited (Thu Jul 30 11:57:58 PM IST 2026). restarting in 3s...
[tunnel] exited (Thu Jul 30 11:58:00 PM IST 2026). restarting in 3s...
[tunnel] exited (Thu Jul 30 11:58:01 PM IST 2026). restarting in 3s...
[tunnel] exited (Thu Jul 30 11:58:05 PM IST 2026). restarting in 3s...
[tunnel] exited (Thu Jul 30 11:58:17 PM IST 2026). restarting in 3s...
[tunnel] exited (Thu Jul 30 11:58:20 PM IST 2026). restarting in 3s...
[tunnel] exited (Thu Jul 30 11:58:21 PM IST 2026). restarting in 3s...
[tunnel] exited (Thu Jul 30 11:58:21 PM IST 2026). restarting in 3s...
[tunnel] exited (Thu Jul 30 11:58:23 PM IST 2026). restarting in 3s...
[tunnel] exited (Thu Jul 30 11:58:24 PM IST 2026). restarting in 3s...
[tunnel] exited (Thu Jul 30 11:58:28 PM IST 2026). restarting in 3s...
[tunnel] exited (Thu Jul 30 11:58:41 PM IST 2026). restarting in 3s...
[tunnel] exited (Thu Jul 30 11:58:44 PM IST 2026). restarting in 3s...
[tunnel] exited (Thu Jul 30 11:58:45 PM IST 2026). restarting in 3s...
[tunnel] exited (Thu Jul 30 11:58:45 PM IST 2026). restarting in 3s...
[tunnel] exited (Thu Jul 30 11:58:48 PM IST 2026). restarting in 3s...
[tunnel] exited (Thu Jul 30 11:58:48 PM IST 2026). restarting in 3s...
[tunnel] exited (Thu Jul 30 11:58:52 PM IST 2026). restarting in 3s...
[tunnel] exited (Thu Jul 30 11:59:05 PM IST 2026). restarting in 3s...
[tunnel] exited (Thu Jul 30 11:59:08 PM IST 2026). restarting in 3s...
[tunnel] exited (Thu Jul 30 11:59:09 PM IST 2026). restarting in 3s...
[tunnel] exited (Thu Jul 30 11:59:09 PM IST 2026). restarting in 3s...
[tunnel] exited (Thu Jul 30 11:59:11 PM IST 2026). restarting in 3s...
[tunnel] exited (Thu Jul 30 11:59:12 PM IST 2026). restarting in 3s...
[tunnel] exited (Thu Jul 30 11:59:15 PM IST 2026). restarting in 3s...
[tunnel] exited (Thu Jul 30 11:59:29 PM IST 2026). restarting in 3s...
[tunnel] exited (Thu Jul 30 11:59:31 PM IST 2026). restarting in 3s...
[tunnel] exited (Thu Jul 30 11:59:32 PM IST 2026). restarting in 3s...
[tunnel] exited (Thu Jul 30 11:59:33 PM IST 2026). restarting in 3s...
[tunnel] exited (Thu Jul 30 11:59:35 PM IST 2026). restarting in 3s...
[tunnel] exited (Thu Jul 30 11:59:36 PM IST 2026). restarting in 3s...
[tunnel] exited (Thu Jul 30 11:59:39 PM IST 2026). restarting in 3s...
[tunnel] exited (Thu Jul 30 11:59:53 PM IST 2026). restarting in 3s...
[tunnel] exited (Thu Jul 30 11:59:55 PM IST 2026). restarting in 3s...
[tunnel] exited (Thu Jul 30 11:59:56 PM IST 2026). restarting in 3s...
[tunnel] exited (Thu Jul 30 11:59:56 PM IST 2026). restarting in 3s...
[tunnel] exited (Thu Jul 30 11:59:58 PM IST 2026). restarting in 3s...
[tunnel] exited (Thu Jul 30 11:59:59 PM IST 2026). restarting in 3s...
[tunnel] exited (Fri Jul 31 12:00:03 AM IST 2026). restarting in 3s...
[tunnel] exited (Fri Jul 31 12:00:16 AM IST 2026). restarting in 3s...
[tunnel] exited (Fri Jul 31 12:00:18 AM IST 2026). restarting in 3s...
[tunnel] exited (Fri Jul 31 12:00:19 AM IST 2026). restarting in 3s...
[tunnel] exited (Fri Jul 31 12:00:19 AM IST 2026). restarting in 3s...
[tunnel] exited (Fri Jul 31 12:00:22 AM IST 2026). restarting in 3s...
[tunnel] exited (Fri Jul 31 12:00:22 AM IST 2026). restarting in 3s...
[tunnel] exited (Fri Jul 31 12:00:26 AM IST 2026). restarting in 3s...
[tunnel] exited (Fri Jul 31 12:00:40 AM IST 2026). restarting in 3s...
[tunnel] exited (Fri Jul 31 12:00:42 AM IST 2026). restarting in 3s...
[tunnel] exited (Fri Jul 31 12:00:43 AM IST 2026). restarting in 3s...
[tunnel] exited (Fri Jul 31 12:00:43 AM IST 2026). restarting in 3s...
[tunnel] exited (Fri Jul 31 12:00:45 AM IST 2026). restarting in 3s...
[tunnel] exited (Fri Jul 31 12:00:46 AM IST 2026). restarting in 3s...
[tunnel] exited (Fri Jul 31 12:00:50 AM IST 2026). restarting in 3s...
[tunnel] exited (Fri Jul 31 12:01:03 AM IST 2026). restarting in 3s...
[tunnel] exited (Fri Jul 31 12:01:05 AM IST 2026). restarting in 3s...
[tunnel] exited (Fri Jul 31 12:01:06 AM IST 2026). restarting in 3s...
[tunnel] exited (Fri Jul 31 12:01:07 AM IST 2026). restarting in 3s...
[tunnel] exited (Fri Jul 31 12:01:09 AM IST 2026). restarting in 3s...
[tunnel] exited (Fri Jul 31 12:01:09 AM IST 2026). restarting in 3s...
[tunnel] exited (Fri Jul 31 12:01:13 AM IST 2026). restarting in 3s...
[tunnel] exited (Fri Jul 31 12:01:27 AM IST 2026). restarting in 3s...
[tunnel] exited (Fri Jul 31 12:01:29 AM IST 2026). restarting in 3s...
[tunnel] exited (Fri Jul 31 12:01:30 AM IST 2026). restarting in 3s...
[tunnel] exited (Fri Jul 31 12:01:30 AM IST 2026). restarting in 3s...
[tunnel] exited (Fri Jul 31 12:01:33 AM IST 2026). restarting in 3s...
[tunnel] exited (Fri Jul 31 12:01:34 AM IST 2026). restarting in 3s...
[tunnel] exited (Fri Jul 31 12:01:37 AM IST 2026). restarting in 3s...
[tunnel] exited (Fri Jul 31 12:01:51 AM IST 2026). restarting in 3s...
[tunnel] exited (Fri Jul 31 12:01:53 AM IST 2026). restarting in 3s...
[tunnel] exited (Fri Jul 31 12:01:54 AM IST 2026). restarting in 3s...
[tunnel] exited (Fri Jul 31 12:01:54 AM IST 2026). restarting in 3s...
[tunnel] exited (Fri Jul 31 12:01:57 AM IST 2026). restarting in 3s...
[tunnel] exited (Fri Jul 31 12:01:58 AM IST 2026). restarting in 3s...
[tunnel] exited (Fri Jul 31 12:02:01 AM IST 2026). restarting in 3s...
[tunnel] exited (Fri Jul 31 12:02:15 AM IST 2026). restarting in 3s...
[tunnel] exited (Fri Jul 31 12:02:17 AM IST 2026). restarting in 3s...
[tunnel] exited (Fri Jul 31 12:02:19 AM IST 2026). restarting in 3s...
[tunnel] exited (Fri Jul 31 12:02:19 AM IST 2026). restarting in 3s...
[tunnel] exited (Fri Jul 31 12:02:22 AM IST 2026). restarting in 3s...
[tunnel] exited (Fri Jul 31 12:02:23 AM IST 2026). restarting in 3s...
[tunnel] exited (Fri Jul 31 12:02:26 AM IST 2026). restarting in 3s...
[tunnel] exited (Fri Jul 31 12:02:39 AM IST 2026). restarting in 3s...
[tunnel] exited (Fri Jul 31 12:02:42 AM IST 2026). restarting in 3s...
[tunnel] exited (Fri Jul 31 12:02:43 AM IST 2026). restarting in 3s...
[tunnel] exited (Fri Jul 31 12:02:43 AM IST 2026). restarting in 3s...
[tunnel] exited (Fri Jul 31 12:02:46 AM IST 2026). restarting in 3s...
[tunnel] exited (Fri Jul 31 12:02:46 AM IST 2026). restarting in 3s...
[tunnel] exited (Fri Jul 31 12:02:50 AM IST 2026). restarting in 3s...
[tunnel] exited (Fri Jul 31 12:03:02 AM IST 2026). restarting in 3s...
[tunnel] exited (Fri Jul 31 12:03:05 AM IST 2026). restarting in 3s...
[tunnel] exited (Fri Jul 31 12:03:06 AM IST 2026). restarting in 3s...
[tunnel] exited (Fri Jul 31 12:03:06 AM IST 2026). restarting in 3s...
[tunnel] exited (Fri Jul 31 12:03:09 AM IST 2026). restarting in 3s...
[tunnel] exited (Fri Jul 31 12:03:09 AM IST 2026). restarting in 3s...
[tunnel] exited (Fri Jul 31 12:03:13 AM IST 2026). restarting in 3s...
[tunnel] exited (Fri Jul 31 12:03:25 AM IST 2026). restarting in 3s...
[tunnel] exited (Fri Jul 31 12:03:28 AM IST 2026). restarting in 3s...
[tunnel] exited (Fri Jul 31 12:03:29 AM IST 2026). restarting in 3s...
[tunnel] exited (Fri Jul 31 12:03:29 AM IST 2026). restarting in 3s...
[tunnel] exited (Fri Jul 31 12:03:32 AM IST 2026). restarting in 3s...
[tunnel] exited (Fri Jul 31 12:03:33 AM IST 2026). restarting in 3s...
[tunnel] exited (Fri Jul 31 12:03:36 AM IST 2026). restarting in 3s...
[tunnel] exited (Fri Jul 31 12:03:49 AM IST 2026). restarting in 3s...
[tunnel] exited (Fri Jul 31 12:03:51 AM IST 2026). restarting in 3s...
[tunnel] exited (Fri Jul 31 12:03:52 AM IST 2026). restarting in 3s...
[tunnel] exited (Fri Jul 31 12:03:52 AM IST 2026). restarting in 3s...
[tunnel] exited (Fri Jul 31 12:03:55 AM IST 2026). restarting in 3s...
[tunnel] exited (Fri Jul 31 12:03:56 AM IST 2026). restarting in 3s...
[tunnel] exited (Fri Jul 31 12:03:59 AM IST 2026). restarting in 3s...
[tunnel] exited (Fri Jul 31 12:04:12 AM IST 2026). restarting in 3s...
[tunnel] exited (Fri Jul 31 12:04:14 AM IST 2026). restarting in 3s...
[tunnel] exited (Fri Jul 31 12:04:15 AM IST 2026). restarting in 3s...
[tunnel] exited (Fri Jul 31 12:04:15 AM IST 2026). restarting in 3s...
[tunnel] exited (Fri Jul 31 12:04:18 AM IST 2026). restarting in 3s...
[tunnel] exited (Fri Jul 31 12:04:19 AM IST 2026). restarting in 3s...
[tunnel] exited (Fri Jul 31 12:04:22 AM IST 2026). restarting in 3s...
[tunnel] exited (Fri Jul 31 12:04:36 AM IST 2026). restarting in 3s...
[tunnel] exited (Fri Jul 31 12:04:38 AM IST 2026). restarting in 3s...
[tunnel] exited (Fri Jul 31 12:04:39 AM IST 2026). restarting in 3s...
[tunnel] exited (Fri Jul 31 12:04:40 AM IST 2026). restarting in 3s...
[tunnel] exited (Fri Jul 31 12:04:42 AM IST 2026). restarting in 3s...
[tunnel] exited (Fri Jul 31 12:04:43 AM IST 2026). restarting in 3s...
[tunnel] exited (Fri Jul 31 12:04:46 AM IST 2026). restarting in 3s...
[tunnel] exited (Fri Jul 31 12:05:00 AM IST 2026). restarting in 3s...
[tunnel] exited (Fri Jul 31 12:05:04 AM IST 2026). restarting in 3s...
[tunnel] exited (Fri Jul 31 12:05:05 AM IST 2026). restarting in 3s...
[tunnel] exited (Fri Jul 31 12:05:06 AM IST 2026). restarting in 3s...
[tunnel] exited (Fri Jul 31 12:05:08 AM IST 2026). restarting in 3s...
[tunnel] exited (Fri Jul 31 12:05:09 AM IST 2026). restarting in 3s...
[tunnel] exited (Fri Jul 31 12:05:13 AM IST 2026). restarting in 3s...
[tunnel] exited (Fri Jul 31 12:05:28 AM IST 2026). restarting in 3s...
[tunnel] exited (Fri Jul 31 12:05:32 AM IST 2026). restarting in 3s...
[tunnel] exited (Fri Jul 31 12:05:33 AM IST 2026). restarting in 3s...
[tunnel] exited (Fri Jul 31 12:05:33 AM IST 2026). restarting in 3s...
[tunnel] exited (Fri Jul 31 12:05:34 AM IST 2026). restarting in 3s...
[tunnel] exited (Fri Jul 31 12:05:35 AM IST 2026). restarting in 3s...
[tunnel] exited (Fri Jul 31 12:05:41 AM IST 2026). restarting in 3s...
[tunnel] exited (Fri Jul 31 12:05:55 AM IST 2026). restarting in 3s...
[tunnel] exited (Fri Jul 31 12:06:00 AM IST 2026). restarting in 3s...
[tunnel] exited (Fri Jul 31 12:06:00 AM IST 2026). restarting in 3s...
[tunnel] exited (Fri Jul 31 12:06:00 AM IST 2026). restarting in 3s...
[tunnel] exited (Fri Jul 31 12:06:02 AM IST 2026). restarting in 3s...
[tunnel] exited (Fri Jul 31 12:06:02 AM IST 2026). restarting in 3s...
[tunnel] exited (Fri Jul 31 12:06:09 AM IST 2026). restarting in 3s...
[tunnel] exited (Fri Jul 31 12:06:20 AM IST 2026). restarting in 3s...
[tunnel] exited (Fri Jul 31 12:06:24 AM IST 2026). restarting in 3s...
[tunnel] exited (Fri Jul 31 12:06:25 AM IST 2026). restarting in 3s...
[tunnel] exited (Fri Jul 31 12:06:26 AM IST 2026). restarting in 3s...
[tunnel] exited (Fri Jul 31 12:06:28 AM IST 2026). restarting in 3s...
[tunnel] exited (Fri Jul 31 12:06:30 AM IST 2026). restarting in 3s...
[tunnel] exited (Fri Jul 31 12:06:38 AM IST 2026). restarting in 3s...
[tunnel] exited (Fri Jul 31 12:06:46 AM IST 2026). restarting in 3s...
[tunnel] exited (Fri Jul 31 12:06:52 AM IST 2026). restarting in 3s...
[tunnel] exited (Fri Jul 31 12:06:52 AM IST 2026). restarting in 3s...
[tunnel] exited (Fri Jul 31 12:06:52 AM IST 2026). restarting in 3s...
[tunnel] exited (Fri Jul 31 12:06:53 AM IST 2026). restarting in 3s...
[tunnel] exited (Fri Jul 31 12:06:54 AM IST 2026). restarting in 3s...
[tunnel] exited (Fri Jul 31 12:07:02 AM IST 2026). restarting in 3s...
[tunnel] exited (Fri Jul 31 12:07:11 AM IST 2026). restarting in 3s...
[tunnel] exited (Fri Jul 31 12:07:15 AM IST 2026). restarting in 3s...
[tunnel] exited (Fri Jul 31 12:07:16 AM IST 2026). restarting in 3s...
[tunnel] exited (Fri Jul 31 12:07:16 AM IST 2026). restarting in 3s...
[tunnel] exited (Fri Jul 31 12:07:17 AM IST 2026). restarting in 3s...
[tunnel] exited (Fri Jul 31 12:07:17 AM IST 2026). restarting in 3s...
[tunnel] exited (Fri Jul 31 12:07:25 AM IST 2026). restarting in 3s...
[tunnel] exited (Fri Jul 31 12:07:34 AM IST 2026). restarting in 3s...
[tunnel] exited (Fri Jul 31 12:07:39 AM IST 2026). restarting in 3s...
[tunnel] exited (Fri Jul 31 12:07:39 AM IST 2026). restarting in 3s...
[tunnel] exited (Fri Jul 31 12:07:39 AM IST 2026). restarting in 3s...
[tunnel] exited (Fri Jul 31 12:07:40 AM IST 2026). restarting in 3s...
[tunnel] exited (Fri Jul 31 12:07:41 AM IST 2026). restarting in 3s...
[tunnel] exited (Fri Jul 31 12:07:49 AM IST 2026). restarting in 3s...
[tunnel] exited (Fri Jul 31 12:07:58 AM IST 2026). restarting in 3s...
[tunnel] exited (Fri Jul 31 12:08:02 AM IST 2026). restarting in 3s...
[tunnel] exited (Fri Jul 31 12:08:03 AM IST 2026). restarting in 3s...
[tunnel] exited (Fri Jul 31 12:08:03 AM IST 2026). restarting in 3s...
[tunnel] exited (Fri Jul 31 12:08:04 AM IST 2026). restarting in 3s...
[tunnel] exited (Fri Jul 31 12:08:04 AM IST 2026). restarting in 3s...
[tunnel] exited (Fri Jul 31 12:08:12 AM IST 2026). restarting in 3s...
[tunnel] exited (Fri Jul 31 12:08:21 AM IST 2026). restarting in 3s...
[tunnel] exited (Fri Jul 31 12:08:25 AM IST 2026). restarting in 3s...
[tunnel] exited (Fri Jul 31 12:08:26 AM IST 2026). restarting in 3s...
[tunnel] exited (Fri Jul 31 12:08:26 AM IST 2026). restarting in 3s...
[tunnel] exited (Fri Jul 31 12:08:27 AM IST 2026). restarting in 3s...
[tunnel] exited (Fri Jul 31 12:08:27 AM IST 2026). restarting in 3s...
[tunnel] exited (Fri Jul 31 12:08:36 AM IST 2026). restarting in 3s...
[tunnel] exited (Fri Jul 31 12:08:45 AM IST 2026). restarting in 3s...
[tunnel] exited (Fri Jul 31 12:08:48 AM IST 2026). restarting in 3s...
[tunnel] exited (Fri Jul 31 12:08:49 AM IST 2026). restarting in 3s...
[tunnel] exited (Fri Jul 31 12:08:49 AM IST 2026). restarting in 3s...
[tunnel] exited (Fri Jul 31 12:08:50 AM IST 2026). restarting in 3s...
[tunnel] exited (Fri Jul 31 12:08:51 AM IST 2026). restarting in 3s...
[tunnel] exited (Fri Jul 31 12:08:59 AM IST 2026). restarting in 3s...
[tunnel] exited (Fri Jul 31 12:09:08 AM IST 2026). restarting in 3s...
